# Blender 5.1.2
# www.blender.org
o body
v -0.141993 0.158225 0.130455 1.0000 0.5637 0.0202
v -0.182008 0.169402 -0.018340 1.0000 0.5637 0.0202
v -0.179111 0.198563 0.006690 1.0000 0.5637 0.0202
v -0.175306 0.187268 0.046823 1.0000 0.5637 0.0202
v -0.168190 0.185593 0.093036 1.0000 0.5637 0.0202
v -0.165854 0.239708 0.032708 1.0000 0.5637 0.0202
v -0.164430 0.231862 -0.020108 1.0000 0.5637 0.0202
v -0.156785 0.247256 0.005711 1.0000 0.5637 0.0202
v -0.149884 0.233378 0.089174 1.0000 0.5637 0.0202
v -0.151459 0.218011 0.065472 1.0000 0.5637 0.0202
v -0.157451 0.241035 0.015872 1.0000 0.5637 0.0202
v -0.143009 0.176314 0.114530 1.0000 0.5637 0.0202
v -0.141430 0.209098 0.094335 1.0000 0.5637 0.0202
v -0.167530 0.175972 -0.097494 1.0000 0.5637 0.0202
v -0.151245 0.163748 -0.101312 1.0000 0.5637 0.0202
v -0.137077 0.153625 -0.143163 1.0000 0.5637 0.0202
v -0.183721 0.194444 -0.028287 1.0000 0.5637 0.0202
v -0.177787 0.189986 -0.039038 1.0000 0.5637 0.0202
v -0.166388 0.189344 -0.067952 1.0000 0.5637 0.0202
v -0.161785 0.191669 -0.085533 1.0000 0.5637 0.0202
v -0.158336 0.209403 -0.068579 1.0000 0.5637 0.0202
v -0.153172 0.247539 -0.028460 1.0000 0.5637 0.0202
v -0.144412 0.216430 -0.082687 1.0000 0.5637 0.0202
v -0.143356 0.236419 -0.099201 1.0000 0.5637 0.0202
v -0.146289 0.243362 -0.041755 1.0000 0.5637 0.0202
v -0.136018 0.242803 -0.063736 1.0000 0.5637 0.0202
v -0.135821 0.211355 -0.101026 1.0000 0.5637 0.0202
v -0.135868 0.247482 -0.096625 1.0000 0.5637 0.0202
v -0.126028 0.264684 -0.016966 1.0000 0.5637 0.0202
v -0.125294 0.236214 0.098837 1.0000 0.5637 0.0202
v -0.119442 0.256560 0.062840 1.0000 0.5637 0.0202
v -0.106565 0.251289 0.100476 1.0000 0.5637 0.0202
v -0.095697 0.282069 0.050577 1.0000 0.5637 0.0202
v -0.083588 0.305946 0.022375 1.0000 0.5637 0.0202
v -0.070894 0.290928 0.067447 1.0000 0.5637 0.0202
v -0.072457 0.304866 0.005786 1.0000 0.5637 0.0202
v -0.071288 0.306796 -0.022544 1.0000 0.5637 0.0202
v -0.067448 0.273376 0.113506 1.0000 0.5637 0.0202
v -0.064015 0.306717 0.025741 1.0000 0.5637 0.0202
v -0.064287 0.302731 0.047592 1.0000 0.5637 0.0202
v -0.043027 0.309020 0.049434 1.0000 0.5637 0.0202
v -0.038639 0.280276 0.113645 1.0000 0.5637 0.0202
v -0.033583 0.302739 0.069201 1.0000 0.5637 0.0202
v -0.029998 0.312726 -0.010740 1.0000 0.5637 0.0202
v -0.019884 0.284130 0.116889 1.0000 0.5637 0.0202
v -0.016645 0.304182 0.072241 1.0000 0.5637 0.0202
v -0.013013 0.312007 0.051165 1.0000 0.5637 0.0202
v -0.003601 0.310640 0.036559 1.0000 0.5637 0.0202
v -0.104753 0.170614 -0.147274 1.0000 0.5637 0.0202
v -0.094711 0.148196 -0.150989 1.0000 0.5637 0.0202
v -0.093557 0.176661 -0.155006 1.0000 0.5637 0.0202
v -0.105716 0.278784 -0.042695 1.0000 0.5637 0.0202
v -0.100582 0.255455 -0.100588 1.0000 0.5637 0.0202
v -0.097658 0.278239 -0.073261 1.0000 0.5637 0.0202
v -0.092960 0.212278 -0.140154 1.0000 0.5637 0.0202
v -0.086080 0.228961 -0.140309 1.0000 0.5637 0.0202
v -0.084542 0.198096 -0.153390 1.0000 0.5637 0.0202
v -0.081122 0.310639 -0.049164 1.0000 0.5637 0.0202
v -0.080004 0.260507 -0.118130 1.0000 0.5637 0.0202
v -0.071480 0.213807 -0.156567 1.0000 0.5637 0.0202
v -0.073352 0.285948 -0.075332 1.0000 0.5637 0.0202
v -0.070468 0.271957 -0.105423 1.0000 0.5637 0.0202
v -0.075087 0.185740 -0.161648 1.0000 0.5637 0.0202
v -0.071835 0.294924 -0.062787 1.0000 0.5637 0.0202
v -0.052686 0.278847 -0.112191 1.0000 0.5637 0.0202
v -0.060486 0.244910 -0.140867 1.0000 0.5637 0.0202
v -0.062873 0.224525 -0.153452 1.0000 0.5637 0.0202
v -0.060882 0.204565 -0.162375 1.0000 0.5637 0.0202
v -0.060570 0.307756 -0.039616 1.0000 0.5637 0.0202
v -0.055780 0.283782 -0.099316 1.0000 0.5637 0.0202
v -0.045993 0.234738 -0.160772 1.0000 0.5637 0.0202
v -0.027803 0.210800 -0.165372 1.0000 0.5637 0.0202
v -0.037369 0.312698 -0.088880 1.0000 0.5637 0.0202
v -0.027604 0.222579 -0.160315 1.0000 0.5637 0.0202
v -0.027361 0.235163 -0.156423 1.0000 0.5637 0.0202
v -0.025398 0.288817 -0.104134 1.0000 0.5637 0.0202
v -0.016346 0.259281 -0.144621 1.0000 0.5637 0.0202
v -0.021404 0.257033 -0.156755 1.0000 0.5637 0.0202
v -0.009789 0.306920 -0.065987 1.0000 0.5637 0.0202
v -0.002186 0.296200 -0.096621 1.0000 0.5637 0.0202
v -0.043003 0.132191 -0.175763 1.0000 0.5637 0.0202
v -0.015749 0.143022 -0.179054 1.0000 0.5637 0.0202
v -0.007910 0.125318 -0.180909 1.0000 0.5637 0.0202
v -0.013180 0.164558 -0.180465 1.0000 0.5637 0.0202
v -0.011492 0.153491 -0.188192 1.0000 0.5637 0.0202
v 0.004694 0.123094 -0.180971 1.0000 0.5637 0.0202
v -0.049659 0.230302 -0.163766 1.0000 0.5637 0.0202
v -0.032720 0.185880 -0.173339 1.0000 0.5637 0.0202
v -0.000423 0.182554 -0.175285 1.0000 0.5637 0.0202
v 0.119901 0.167842 0.152265 1.0000 0.5637 0.0202
v 0.038693 0.276304 0.143441 1.0000 0.5637 0.0202
v 0.078110 0.257069 0.141893 1.0000 0.5637 0.0202
v 0.093195 0.188578 0.148141 1.0000 0.5637 0.0202
v 0.008648 0.310007 0.053457 1.0000 0.5637 0.0202
v 0.009365 0.318633 0.018412 1.0000 0.5637 0.0202
v 0.003136 0.290496 0.110640 1.0000 0.5637 0.0202
v 0.019893 0.303472 0.073982 1.0000 0.5637 0.0202
v 0.029118 0.312095 0.016058 1.0000 0.5637 0.0202
v 0.028301 0.316860 -0.016189 1.0000 0.5637 0.0202
v 0.029529 0.281215 0.120975 1.0000 0.5637 0.0202
v 0.027496 0.286366 0.105586 1.0000 0.5637 0.0202
v 0.035930 0.300343 0.075400 1.0000 0.5637 0.0202
v 0.043031 0.304968 0.058922 1.0000 0.5637 0.0202
v 0.050385 0.271996 0.122883 1.0000 0.5637 0.0202
v 0.057079 0.298264 0.061628 1.0000 0.5637 0.0202
v 0.064239 0.303841 0.034303 1.0000 0.5637 0.0202
v 0.058322 0.310008 0.023313 1.0000 0.5637 0.0202
v 0.056176 0.277845 0.112967 1.0000 0.5637 0.0202
v 0.069105 0.262106 0.122091 1.0000 0.5637 0.0202
v 0.076623 0.263520 0.112935 1.0000 0.5637 0.0202
v 0.081287 0.277367 0.082858 1.0000 0.5637 0.0202
v 0.083518 0.298608 0.021802 1.0000 0.5637 0.0202
v 0.085982 0.299747 -0.006506 1.0000 0.5637 0.0202
v 0.096255 0.273460 0.066416 1.0000 0.5637 0.0202
v 0.088662 0.239949 0.127889 1.0000 0.5637 0.0202
v 0.104026 0.228956 0.126839 1.0000 0.5637 0.0202
v 0.098228 0.249441 0.114865 1.0000 0.5637 0.0202
v 0.107638 0.276684 0.036170 1.0000 0.5637 0.0202
v 0.117574 0.279224 0.027420 1.0000 0.5637 0.0202
v 0.115579 0.231027 0.112170 1.0000 0.5637 0.0202
v 0.113860 0.250341 0.085319 1.0000 0.5637 0.0202
v 0.115894 0.201053 0.132621 1.0000 0.5637 0.0202
v 0.125062 0.239849 0.086120 1.0000 0.5637 0.0202
v 0.092382 0.183086 -0.152819 1.0000 0.5637 0.0202
v 0.104013 0.161626 -0.150377 1.0000 0.5637 0.0202
v 0.114270 0.166718 -0.141334 1.0000 0.5637 0.0202
v 0.019252 0.316910 -0.026217 1.0000 0.5637 0.0202
v 0.011062 0.308905 -0.047770 1.0000 0.5637 0.0202
v 0.017463 0.271941 -0.134038 1.0000 0.5637 0.0202
v 0.028747 0.306706 -0.062837 1.0000 0.5637 0.0202
v 0.042806 0.283492 -0.107523 1.0000 0.5637 0.0202
v 0.041836 0.303604 -0.059398 1.0000 0.5637 0.0202
v 0.049109 0.290940 -0.092686 1.0000 0.5637 0.0202
v 0.049331 0.283000 -0.128472 1.0000 0.5637 0.0202
v 0.053164 0.206629 -0.159454 1.0000 0.5637 0.0202
v 0.050229 0.311066 -0.018279 1.0000 0.5637 0.0202
v 0.051150 0.304484 -0.048812 1.0000 0.5637 0.0202
v 0.060011 0.260606 -0.133251 1.0000 0.5637 0.0202
v 0.072815 0.305354 -0.023882 1.0000 0.5637 0.0202
v 0.072553 0.299991 -0.046586 1.0000 0.5637 0.0202
v 0.075644 0.235168 -0.143044 1.0000 0.5637 0.0202
v 0.073410 0.279913 -0.095025 1.0000 0.5637 0.0202
v 0.074487 0.270249 -0.107230 1.0000 0.5637 0.0202
v 0.079621 0.246762 -0.129336 1.0000 0.5637 0.0202
v 0.087973 0.193657 -0.152288 1.0000 0.5637 0.0202
v 0.080215 0.212757 -0.151630 1.0000 0.5637 0.0202
v 0.080851 0.288749 -0.066681 1.0000 0.5637 0.0202
v 0.092958 0.263275 -0.106049 1.0000 0.5637 0.0202
v 0.086414 0.223426 -0.143447 1.0000 0.5637 0.0202
v 0.100960 0.204506 -0.143227 1.0000 0.5637 0.0202
v 0.109132 0.211915 -0.128732 1.0000 0.5637 0.0202
v 0.112384 0.246583 -0.104327 1.0000 0.5637 0.0202
v 0.109332 0.189005 -0.140490 1.0000 0.5637 0.0202
v 0.125272 0.283370 -0.004142 1.0000 0.5637 0.0202
v 0.132248 0.226799 -0.104564 1.0000 0.5637 0.0202
v 0.029499 0.326789 -0.035386 1.0000 0.5637 0.0202
v 0.020560 0.120839 -0.180171 1.0000 0.5637 0.0202
v 0.022646 0.142667 -0.178795 1.0000 0.5637 0.0202
v 0.046581 0.094876 -0.164123 1.0000 0.5637 0.0202
v 0.040411 0.120020 -0.175800 1.0000 0.5637 0.0202
v 0.034466 0.164355 -0.177957 1.0000 0.5637 0.0202
v 0.038915 0.154538 -0.183250 1.0000 0.5637 0.0202
v 0.061594 0.130911 -0.168697 1.0000 0.5637 0.0202
v 0.060118 0.163535 -0.168077 1.0000 0.5637 0.0202
v 0.062692 0.147939 -0.168961 1.0000 0.5637 0.0202
v 0.075488 0.175618 -0.166009 1.0000 0.5637 0.0202
v 0.083537 0.148912 -0.164559 1.0000 0.5637 0.0202
v 0.079482 0.137547 -0.172643 1.0000 0.5637 0.0202
v 0.108026 0.167117 -0.145989 1.0000 0.5637 0.0202
v 0.040508 0.196052 -0.167420 1.0000 0.5637 0.0202
v 0.052775 0.179946 -0.168156 1.0000 0.5637 0.0202
v 0.151893 0.166246 0.117288 1.0000 0.5637 0.0202
v 0.197047 0.176915 0.008359 1.0000 0.5637 0.0202
v 0.196546 0.176952 0.018377 1.0000 0.5637 0.0202
v 0.123359 0.178358 0.133922 1.0000 0.5637 0.0202
v 0.126933 0.200908 0.117796 1.0000 0.5637 0.0202
v 0.133100 0.240520 0.070342 1.0000 0.5637 0.0202
v 0.132801 0.263434 0.022059 1.0000 0.5637 0.0202
v 0.133956 0.269528 -0.000187 1.0000 0.5637 0.0202
v 0.136010 0.180531 0.117438 1.0000 0.5637 0.0202
v 0.149100 0.236426 0.041002 1.0000 0.5637 0.0202
v 0.144703 0.210983 0.091005 1.0000 0.5637 0.0202
v 0.161875 0.238323 0.027728 1.0000 0.5637 0.0202
v 0.157293 0.178656 0.093159 1.0000 0.5637 0.0202
v 0.166012 0.181942 0.072009 1.0000 0.5637 0.0202
v 0.172173 0.217331 -0.001130 1.0000 0.5637 0.0202
v 0.175569 0.186063 0.041557 1.0000 0.5637 0.0202
v 0.182357 0.181953 0.031421 1.0000 0.5637 0.0202
v 0.177353 0.235430 0.013162 1.0000 0.5637 0.0202
v 0.186470 0.173985 0.054606 1.0000 0.5637 0.0202
v 0.179886 0.160626 -0.073579 1.0000 0.5637 0.0202
v 0.179872 0.166488 -0.065822 1.0000 0.5637 0.0202
v 0.141617 0.277453 -0.023272 1.0000 0.5637 0.0202
v 0.145981 0.205361 -0.096982 1.0000 0.5637 0.0202
v 0.143468 0.212640 -0.122473 1.0000 0.5637 0.0202
v 0.149654 0.238501 -0.020640 1.0000 0.5637 0.0202
v 0.151669 0.231683 -0.048879 1.0000 0.5637 0.0202
v 0.150020 0.182454 -0.100569 1.0000 0.5637 0.0202
v 0.166335 0.238444 -0.003729 1.0000 0.5637 0.0202
v 0.167387 0.205184 -0.047791 1.0000 0.5637 0.0202
v 0.175956 0.185955 -0.040251 1.0000 0.5637 0.0202
v 0.173315 0.181248 -0.063943 1.0000 0.5637 0.0202
v 0.180493 0.173923 -0.075527 1.0000 0.5637 0.0202
v 0.180273 0.184451 -0.016109 1.0000 0.5637 0.0202
v 0.188801 0.181010 0.000431 1.0000 0.5637 0.0202
v -0.142170 0.168365 0.128452 1.0000 0.5637 0.0202
v -0.138281 0.163896 0.133184 1.0000 0.5637 0.0202
v -0.132200 0.151006 0.124693 1.0000 0.5637 0.0202
v -0.116492 0.218860 0.126420 1.0000 0.5637 0.0202
v -0.103229 0.244235 0.131640 1.0000 0.5637 0.0202
v -0.099864 0.254941 0.131490 1.0000 0.5637 0.0202
v -0.105809 0.208873 0.133283 1.0000 0.5637 0.0202
v -0.190839 0.179503 0.023462 1.0000 0.5637 0.0202
v -0.189835 0.165327 0.028154 1.0000 0.5637 0.0202
v -0.188318 0.179117 -0.012498 1.0000 0.5637 0.0202
v -0.174167 0.150971 0.034921 1.0000 0.5637 0.0202
v -0.145263 0.161024 0.127683 1.0000 0.5637 0.0202
v -0.190882 0.197596 -0.021030 1.0000 0.5637 0.0202
v -0.196034 0.190291 -0.007379 1.0000 0.5637 0.0202
v -0.194864 0.183814 -0.012733 1.0000 0.5637 0.0202
v -0.191930 0.199795 -0.012052 1.0000 0.5637 0.0202
v -0.175588 0.224926 0.026636 1.0000 0.5637 0.0202
v -0.174599 0.181992 0.083829 1.0000 0.5637 0.0202
v -0.170208 0.232975 0.038684 1.0000 0.5637 0.0202
v -0.176614 0.191714 0.027372 1.0000 0.5637 0.0202
v -0.166602 0.221694 0.005091 1.0000 0.5637 0.0202
v -0.154989 0.182097 0.099373 1.0000 0.5637 0.0202
v -0.142034 0.245676 0.088961 1.0000 0.5637 0.0202
v -0.148463 0.235197 0.049849 1.0000 0.5637 0.0202
v -0.138214 0.250946 0.044730 1.0000 0.5637 0.0202
v -0.139178 0.252636 0.034013 1.0000 0.5637 0.0202
v -0.186151 0.164897 -0.052687 1.0000 0.5637 0.0202
v -0.133615 0.167952 -0.143757 1.0000 0.5637 0.0202
v -0.181024 0.185291 -0.044697 1.0000 0.5637 0.0202
v -0.169987 0.224080 -0.051173 1.0000 0.5637 0.0202
v -0.166107 0.182582 -0.104397 1.0000 0.5637 0.0202
v -0.142997 0.242441 -0.091616 1.0000 0.5637 0.0202
v -0.152517 0.240226 -0.047546 1.0000 0.5637 0.0202
v -0.136959 0.204445 0.116118 1.0000 0.5637 0.0202
v -0.123143 0.291292 -0.009142 1.0000 0.5637 0.0202
v -0.127485 0.263142 0.000423 1.0000 0.5637 0.0202
v -0.113469 0.261783 0.072104 1.0000 0.5637 0.0202
v -0.104978 0.246262 0.115630 1.0000 0.5637 0.0202
v -0.107615 0.300632 -0.009854 1.0000 0.5637 0.0202
v -0.104168 0.277353 0.099190 1.0000 0.5637 0.0202
v -0.101738 0.278405 0.034478 1.0000 0.5637 0.0202
v -0.088681 0.262383 0.106509 1.0000 0.5637 0.0202
v -0.078872 0.263048 0.112317 1.0000 0.5637 0.0202
v -0.088304 0.312113 0.038874 1.0000 0.5637 0.0202
v -0.076220 0.311568 0.035705 1.0000 0.5637 0.0202
v -0.053589 0.308839 0.023523 1.0000 0.5637 0.0202
v -0.065064 0.310020 0.014739 1.0000 0.5637 0.0202
v -0.064905 0.295934 0.092013 1.0000 0.5637 0.0202
v -0.048127 0.327958 -0.002051 1.0000 0.5637 0.0202
v -0.025474 0.309668 0.003429 1.0000 0.5637 0.0202
v -0.012230 0.286825 0.133848 1.0000 0.5637 0.0202
v -0.007084 0.312675 0.099434 1.0000 0.5637 0.0202
v -0.095372 0.166212 -0.163392 1.0000 0.5637 0.0202
v -0.089751 0.160867 -0.165957 1.0000 0.5637 0.0202
v -0.057347 0.178944 -0.170164 1.0000 0.5637 0.0202
v -0.118885 0.239688 -0.105768 1.0000 0.5637 0.0202
v -0.092889 0.280332 -0.058484 1.0000 0.5637 0.0202
v -0.092653 0.278850 -0.101066 1.0000 0.5637 0.0202
v -0.078016 0.202195 -0.165603 1.0000 0.5637 0.0202
v -0.044294 0.259230 -0.138976 1.0000 0.5637 0.0202
v -0.051469 0.237212 -0.160250 1.0000 0.5637 0.0202
v -0.042472 0.284428 -0.128760 1.0000 0.5637 0.0202
v -0.044238 0.312597 -0.094692 1.0000 0.5637 0.0202
v -0.025841 0.305160 -0.066105 1.0000 0.5637 0.0202
v -0.008695 0.283829 -0.117107 1.0000 0.5637 0.0202
v -0.023475 0.270167 -0.130204 1.0000 0.5637 0.0202
v -0.005629 0.259644 -0.142460 1.0000 0.5637 0.0202
v -0.009611 0.243465 -0.156239 1.0000 0.5637 0.0202
v 0.005849 0.314169 -0.089586 1.0000 0.5637 0.0202
v -0.015242 0.325405 -0.040681 1.0000 0.5637 0.0202
v -0.060966 0.141483 -0.174225 1.0000 0.5637 0.0202
v -0.057484 0.136338 -0.176087 1.0000 0.5637 0.0202
v -0.053936 0.143900 -0.180054 1.0000 0.5637 0.0202
v -0.035026 0.112835 -0.176504 1.0000 0.5637 0.0202
v -0.053182 0.140354 -0.182893 1.0000 0.5637 0.0202
v -0.008333 0.154335 -0.190522 1.0000 0.5637 0.0202
v -0.048210 0.184558 -0.180724 1.0000 0.5637 0.0202
v -0.040197 0.185767 -0.176825 1.0000 0.5637 0.0202
v -0.045891 0.191292 -0.171209 1.0000 0.5637 0.0202
v -0.010868 0.199697 -0.172818 1.0000 0.5637 0.0202
v -0.020501 0.254659 -0.161073 1.0000 0.5637 0.0202
v -0.017087 0.211446 -0.176754 1.0000 0.5637 0.0202
v 0.104692 0.170442 0.149918 1.0000 0.5637 0.0202
v 0.109652 0.145766 0.139532 1.0000 0.5637 0.0202
v 0.121986 0.170204 0.150465 1.0000 0.5637 0.0202
v -0.002274 0.261539 0.139811 1.0000 0.5637 0.0202
v 0.025867 0.276469 0.141356 1.0000 0.5637 0.0202
v 0.033201 0.279230 0.146306 1.0000 0.5637 0.0202
v 0.065814 0.244051 0.147154 1.0000 0.5637 0.0202
v 0.071656 0.257210 0.145283 1.0000 0.5637 0.0202
v 0.112132 0.214059 0.147894 1.0000 0.5637 0.0202
v 0.122644 0.159477 0.144923 1.0000 0.5637 0.0202
v 0.002665 0.280663 0.123959 1.0000 0.5637 0.0202
v 0.006759 0.312324 0.099142 1.0000 0.5637 0.0202
v 0.051213 0.304522 0.108816 1.0000 0.5637 0.0202
v 0.055452 0.310435 0.099455 1.0000 0.5637 0.0202
v 0.067704 0.321628 0.013805 1.0000 0.5637 0.0202
v 0.086060 0.309328 0.054291 1.0000 0.5637 0.0202
v 0.081170 0.310831 0.046897 1.0000 0.5637 0.0202
v 0.105441 0.269609 0.064623 1.0000 0.5637 0.0202
v 0.100801 0.267427 0.113548 1.0000 0.5637 0.0202
v 0.105265 0.274604 0.100289 1.0000 0.5637 0.0202
v 0.124544 0.276502 0.049307 1.0000 0.5637 0.0202
v 0.131014 0.290548 0.005478 1.0000 0.5637 0.0202
v 0.022687 0.323377 0.043339 1.0000 0.5637 0.0202
v 0.115530 0.149898 -0.142060 1.0000 0.5637 0.0202
v 0.128539 0.145745 -0.124172 1.0000 0.5637 0.0202
v 0.014188 0.316302 -0.079463 1.0000 0.5637 0.0202
v 0.020914 0.309399 -0.090321 1.0000 0.5637 0.0202
v 0.026653 0.295119 -0.095541 1.0000 0.5637 0.0202
v 0.017731 0.286663 -0.113823 1.0000 0.5637 0.0202
v 0.041301 0.254364 -0.145370 1.0000 0.5637 0.0202
v 0.021009 0.259064 -0.146632 1.0000 0.5637 0.0202
v 0.046230 0.264582 -0.133747 1.0000 0.5637 0.0202
v 0.045936 0.249529 -0.156657 1.0000 0.5637 0.0202
v 0.047677 0.236249 -0.155550 1.0000 0.5637 0.0202
v 0.055389 0.282525 -0.105180 1.0000 0.5637 0.0202
v 0.072246 0.205189 -0.154300 1.0000 0.5637 0.0202
v 0.077022 0.228726 -0.153995 1.0000 0.5637 0.0202
v 0.091023 0.299710 -0.044158 1.0000 0.5637 0.0202
v 0.103898 0.201247 -0.148142 1.0000 0.5637 0.0202
v 0.099505 0.234732 -0.127998 1.0000 0.5637 0.0202
v 0.101764 0.255172 -0.128452 1.0000 0.5637 0.0202
v 0.106896 0.198086 -0.147317 1.0000 0.5637 0.0202
v 0.100195 0.299510 -0.031854 1.0000 0.5637 0.0202
v 0.107655 0.273780 -0.049759 1.0000 0.5637 0.0202
v 0.122009 0.275070 -0.082926 1.0000 0.5637 0.0202
v 0.125042 0.272159 -0.079224 1.0000 0.5637 0.0202
v 0.140112 0.231473 -0.086326 1.0000 0.5637 0.0202
v 0.125255 0.198293 -0.125751 1.0000 0.5637 0.0202
v 0.134482 0.278608 -0.028879 1.0000 0.5637 0.0202
v 0.126825 0.256397 -0.055084 1.0000 0.5637 0.0202
v 0.134434 0.242678 -0.060602 1.0000 0.5637 0.0202
v 0.139892 0.217140 -0.128089 1.0000 0.5637 0.0202
v 0.010489 0.159774 -0.179258 1.0000 0.5637 0.0202
v 0.022817 0.185550 -0.175109 1.0000 0.5637 0.0202
v 0.032379 0.107462 -0.180458 1.0000 0.5637 0.0202
v 0.031312 0.117295 -0.184165 1.0000 0.5637 0.0202
v 0.034809 0.116664 -0.182887 1.0000 0.5637 0.0202
v 0.065075 0.171717 -0.169454 1.0000 0.5637 0.0202
v 0.075007 0.182684 -0.171473 1.0000 0.5637 0.0202
v 0.082904 0.141793 -0.171713 1.0000 0.5637 0.0202
v 0.082152 0.133026 -0.162947 1.0000 0.5637 0.0202
v 0.114960 0.153627 -0.149637 1.0000 0.5637 0.0202
v 0.012805 0.183284 -0.183554 1.0000 0.5637 0.0202
v 0.010918 0.193872 -0.174921 1.0000 0.5637 0.0202
v 0.037102 0.215037 -0.171537 1.0000 0.5637 0.0202
v 0.049207 0.248824 -0.158769 1.0000 0.5637 0.0202
v 0.070351 0.184668 -0.172169 1.0000 0.5637 0.0202
v 0.097563 0.196502 -0.152076 1.0000 0.5637 0.0202
v 0.104913 0.193142 -0.151580 1.0000 0.5637 0.0202
v 0.135408 0.147669 0.115150 1.0000 0.5637 0.0202
v 0.155827 0.153665 0.092752 1.0000 0.5637 0.0202
v 0.180737 0.160044 0.035604 1.0000 0.5637 0.0202
v 0.181674 0.166502 0.063994 1.0000 0.5637 0.0202
v 0.135835 0.235511 0.107886 1.0000 0.5637 0.0202
v 0.134472 0.266640 0.038519 1.0000 0.5637 0.0202
v 0.134170 0.282207 0.008125 1.0000 0.5637 0.0202
v 0.135867 0.230156 0.114788 1.0000 0.5637 0.0202
v 0.163668 0.234514 0.050478 1.0000 0.5637 0.0202
v 0.168921 0.210959 0.023687 1.0000 0.5637 0.0202
v 0.165392 0.248067 0.014192 1.0000 0.5637 0.0202
v 0.176641 0.220971 0.053326 1.0000 0.5637 0.0202
v 0.171314 0.243702 0.003926 1.0000 0.5637 0.0202
v 0.190310 0.185202 0.018620 1.0000 0.5637 0.0202
v 0.150209 0.156309 -0.120466 1.0000 0.5637 0.0202
v 0.156299 0.168342 -0.113016 1.0000 0.5637 0.0202
v 0.158727 0.148908 -0.084799 1.0000 0.5637 0.0202
v 0.174644 0.147559 -0.037478 1.0000 0.5637 0.0202
v 0.194305 0.160834 -0.021962 1.0000 0.5637 0.0202
v 0.141205 0.244512 -0.046167 1.0000 0.5637 0.0202
v 0.145487 0.267311 -0.028146 1.0000 0.5637 0.0202
v 0.163437 0.177172 -0.085983 1.0000 0.5637 0.0202
v 0.164182 0.224783 -0.075849 1.0000 0.5637 0.0202
v 0.191466 0.174826 -0.027320 1.0000 0.5637 0.0202
v 0.085904 0.310903 -0.029880 1.0000 0.5637 0.0202
v -0.042676 0.094001 -0.164314 1.0000 0.5637 0.0202
v 0.176757 0.235040 -0.024773 1.0000 0.5637 0.0202
v 0.051223 0.313276 -0.007756 1.0000 0.5637 0.0202
v 0.033685 0.318894 -0.022535 1.0000 0.5637 0.0202
v -0.048360 0.302075 -0.063972 1.0000 0.5637 0.0202
v -0.064127 0.322830 -0.005817 1.0000 0.5637 0.0202
v -0.039667 0.315285 0.028302 1.0000 0.5637 0.0202
v -0.048885 0.280177 0.117255 1.0000 0.5637 0.0202
v -0.059370 0.276724 0.140010 1.0000 0.5637 0.0202
v -0.053964 0.260183 0.138086 1.0000 0.5637 0.0202
v 0.037026 0.281266 0.137581 1.0000 0.5637 0.0202
v -0.012503 0.294924 0.104563 1.0000 0.5637 0.0202
v 0.033954 0.314383 0.027766 1.0000 0.5637 0.0202
v 0.093968 0.310278 -0.026736 1.0000 0.5637 0.0202
v 0.092993 0.299334 -0.017994 1.0000 0.5637 0.0202
v 0.121355 0.292394 0.009151 1.0000 0.5637 0.0202
v 0.112901 0.275899 -0.022474 1.0000 0.5637 0.0202
v 0.009406 0.311414 -0.070482 1.0000 0.5637 0.0202
v -0.032734 0.281529 -0.122664 1.0000 0.5637 0.0202
v -0.036809 0.283291 -0.131230 1.0000 0.5637 0.0202
v -0.042827 0.282362 -0.137590 1.0000 0.5637 0.0202
v -0.127871 0.214903 -0.142371 1.0000 0.5637 0.0202
v -0.118646 0.224280 -0.125375 1.0000 0.5637 0.0202
v -0.109108 0.264103 -0.074139 1.0000 0.5637 0.0202
v -0.131061 0.271060 0.016490 1.0000 0.5637 0.0202
v -0.087175 0.309346 0.026743 1.0000 0.5637 0.0202
v -0.107994 0.274262 0.049329 1.0000 0.5637 0.0202
v -0.086904 0.284171 0.072838 1.0000 0.5637 0.0202
v -0.048080 0.308565 0.097820 1.0000 0.5637 0.0202
v -0.062699 0.288358 0.100276 1.0000 0.5637 0.0202
v -0.055214 0.313576 0.095537 1.0000 0.5637 0.0202
v -0.056379 0.310591 0.100638 1.0000 0.5637 0.0202
v -0.078350 0.245452 0.133827 1.0000 0.5637 0.0202
v -0.095006 0.226279 0.134434 1.0000 0.5637 0.0202
v -0.133725 0.213170 0.134211 1.0000 0.5637 0.0202
v -0.123131 0.197066 0.130719 1.0000 0.5637 0.0202
v -0.167764 0.210672 0.044187 1.0000 0.5637 0.0202
v -0.185641 0.168473 0.012798 1.0000 0.5637 0.0202
v -0.122354 0.163560 0.133589 1.0000 0.5637 0.0202
v -0.146023 0.157221 0.107549 1.0000 0.5637 0.0202
v -0.173356 0.162906 0.052852 1.0000 0.5637 0.0202
v -0.183336 0.184905 0.036347 1.0000 0.5637 0.0202
v 0.036801 0.258819 0.142964 1.0000 0.5637 0.0202
v 0.023944 0.262252 0.142953 1.0000 0.5637 0.0202
v 0.072450 0.284940 0.075576 1.0000 0.5637 0.0202
v -0.001650 0.312036 0.104974 1.0000 0.5637 0.0202
v 0.087799 0.298796 0.032427 1.0000 0.5637 0.0202
v 0.133378 0.263874 0.062056 1.0000 0.5637 0.0202
v 0.135406 0.273885 -0.018235 1.0000 0.5637 0.0202
v 0.095162 0.279796 -0.058631 1.0000 0.5637 0.0202
v 0.076771 0.303412 -0.081772 1.0000 0.5637 0.0202
v 0.008101 0.244385 -0.156041 1.0000 0.5637 0.0202
v 0.055939 0.249153 -0.146126 1.0000 0.5637 0.0202
v 0.052285 0.277395 -0.133285 1.0000 0.5637 0.0202
v 0.092784 0.256591 -0.125078 1.0000 0.5637 0.0202
v 0.102206 0.258334 -0.106820 1.0000 0.5637 0.0202
v 0.156517 0.235565 -0.077024 1.0000 0.5637 0.0202
v 0.150763 0.209273 -0.088185 1.0000 0.5637 0.0202
v 0.152738 0.156047 -0.109183 1.0000 0.5637 0.0202
v 0.138499 0.170531 -0.125550 1.0000 0.5637 0.0202
v 0.147375 0.166111 -0.126545 1.0000 0.5637 0.0202
v -0.024233 0.106445 -0.175983 1.0000 0.5637 0.0202
v 0.085337 0.215554 0.145909 1.0000 0.5637 0.0202
v 0.139917 0.266754 0.050888 1.0000 0.5637 0.0202
v 0.160838 0.232519 -0.068458 1.0000 0.5637 0.0202
v 0.161166 0.217239 -0.063171 1.0000 0.5637 0.0202
v 0.167231 0.145059 0.057016 1.0000 0.5637 0.0202
v 0.154780 0.156546 0.108846 1.0000 0.5637 0.0202
v 0.121219 0.156290 0.139154 1.0000 0.5637 0.0202
v 0.064085 0.070163 0.020962 1.0000 0.5637 0.0202
v 0.146525 0.232424 0.065300 1.0000 0.5637 0.0202
v 0.169448 0.224180 0.038618 1.0000 0.5637 0.0202
v 0.185165 0.158344 0.052307 1.0000 0.5637 0.0202
v 0.165510 0.206696 0.065359 1.0000 0.5637 0.0202
v 0.178030 0.230170 0.051807 1.0000 0.5637 0.0202
v 0.181216 0.231585 -0.020417 1.0000 0.5637 0.0202
v 0.175367 0.227359 -0.035043 1.0000 0.5637 0.0202
v 0.188283 0.157219 -0.019474 1.0000 0.5637 0.0202
v 0.195773 0.165928 -0.020485 1.0000 0.5637 0.0202
v 0.173713 0.155757 -0.064822 1.0000 0.5637 0.0202
v 0.113578 0.280339 -0.074837 1.0000 0.5637 0.0202
v 0.097328 0.267554 -0.091619 1.0000 0.5637 0.0202
v 0.118448 0.257985 -0.088365 1.0000 0.5637 0.0202
v -0.171781 0.155130 -0.053564 1.0000 0.5637 0.0202
v -0.161529 0.167682 -0.085124 1.0000 0.5637 0.0202
v -0.132959 0.147625 -0.122452 1.0000 0.5637 0.0202
v -0.121047 0.152435 -0.142904 1.0000 0.5637 0.0202
v -0.081559 0.156213 -0.163912 1.0000 0.5637 0.0202
v -0.082252 0.171876 -0.163314 1.0000 0.5637 0.0202
v -0.113952 0.191593 -0.139616 1.0000 0.5637 0.0202
v -0.139011 0.173189 -0.126916 1.0000 0.5637 0.0202
v -0.146139 0.188468 -0.110013 1.0000 0.5637 0.0202
v -0.166460 0.226519 -0.035410 1.0000 0.5637 0.0202
v -0.167779 0.231562 0.015930 1.0000 0.5637 0.0202
v -0.176238 0.236084 0.027487 1.0000 0.5637 0.0202
v -0.133623 0.280142 0.024964 1.0000 0.5637 0.0202
v -0.107323 0.275936 0.041860 1.0000 0.5637 0.0202
v -0.189281 0.173763 -0.048027 1.0000 0.5637 0.0202
v 0.143860 0.218894 -0.119042 1.0000 0.5637 0.0202
v 0.062397 0.308807 -0.082182 1.0000 0.5637 0.0202
v 0.072456 0.310051 -0.084363 1.0000 0.5637 0.0202
v 0.006279 0.284245 -0.135467 1.0000 0.5637 0.0202
v 0.062727 0.221663 -0.151872 1.0000 0.5637 0.0202
v 0.001221 0.220724 -0.161024 1.0000 0.5637 0.0202
v -0.033227 0.154907 -0.174273 1.0000 0.5637 0.0202
v -0.041034 0.171952 -0.177276 1.0000 0.5637 0.0202
v -0.046693 0.176269 -0.179682 1.0000 0.5637 0.0202
v -0.002209 0.151224 -0.184428 1.0000 0.5637 0.0202
v 0.028832 0.148426 -0.182334 1.0000 0.5637 0.0202
v 0.037312 0.142910 -0.177268 1.0000 0.5637 0.0202
v 0.073418 0.184667 -0.172308 1.0000 0.5637 0.0202
v 0.091030 0.144123 -0.157675 1.0000 0.5637 0.0202
v 0.079370 0.143248 -0.173733 1.0000 0.5637 0.0202
v 0.070852 0.138898 -0.171828 1.0000 0.5637 0.0202
v 0.110945 0.157950 -0.151248 1.0000 0.5637 0.0202
v 0.040165 0.218666 -0.163246 1.0000 0.5637 0.0202
v 0.027849 0.211724 -0.167289 1.0000 0.5637 0.0202
v 0.017945 0.174234 -0.177717 1.0000 0.5637 0.0202
v 0.010714 0.185970 -0.183337 1.0000 0.5637 0.0202
v -0.028657 0.252175 -0.149643 1.0000 0.5637 0.0202
v -0.046587 0.238803 -0.155122 1.0000 0.5637 0.0202
v -0.054086 0.219621 -0.160188 1.0000 0.5637 0.0202
v -0.014127 0.280301 0.141696 1.0000 0.5637 0.0202
v -0.028118 0.262382 0.136135 1.0000 0.5637 0.0202
v -0.052201 0.276972 0.136705 1.0000 0.5637 0.0202
v -0.125882 0.221602 0.117179 1.0000 0.5637 0.0202
v -0.097623 0.250931 0.137872 1.0000 0.5637 0.0202
v -0.001463 0.117579 -0.185318 1.0000 0.5637 0.0202
v -0.144159 0.158433 0.122404 1.0000 0.5637 0.0202
v -0.140013 0.160616 0.132768 1.0000 0.5637 0.0202
v -0.143282 0.162824 0.131585 1.0000 0.5637 0.0202
v -0.135370 0.211275 0.132436 1.0000 0.5637 0.0202
v -0.136566 0.210165 0.127032 1.0000 0.5637 0.0202
v -0.134674 0.202166 0.122851 1.0000 0.5637 0.0202
v -0.131544 0.202424 0.128583 1.0000 0.5637 0.0202
v -0.018675 0.283086 0.135300 1.0000 0.5637 0.0202
v -0.015291 0.284787 0.139021 1.0000 0.5637 0.0202
v -0.184857 0.176569 -0.000833 1.0000 0.5637 0.0202
v -0.183591 0.173691 -0.025687 1.0000 0.5637 0.0202
v -0.186962 0.174493 0.014274 1.0000 0.5637 0.0202
v -0.177157 0.160829 -0.022076 1.0000 0.5637 0.0202
v -0.180017 0.161664 0.005967 1.0000 0.5637 0.0202
v -0.180020 0.189365 0.014150 1.0000 0.5637 0.0202
v -0.170803 0.201105 0.025689 1.0000 0.5637 0.0202
v -0.171604 0.208462 0.009675 1.0000 0.5637 0.0202
v -0.195925 0.193567 -0.007958 1.0000 0.5637 0.0202
v -0.184656 0.190688 0.003866 1.0000 0.5637 0.0202
v -0.177933 0.203828 0.001860 1.0000 0.5637 0.0202
v -0.194572 0.196994 -0.009197 1.0000 0.5637 0.0202
v -0.172236 0.194538 0.039677 1.0000 0.5637 0.0202
v -0.169782 0.188877 0.062032 1.0000 0.5637 0.0202
v -0.166561 0.194622 0.062455 1.0000 0.5637 0.0202
v -0.185602 0.180568 0.038355 1.0000 0.5637 0.0202
v -0.176462 0.179315 0.049995 1.0000 0.5637 0.0202
v -0.171434 0.182269 0.063657 1.0000 0.5637 0.0202
v -0.170200 0.187726 0.089914 1.0000 0.5637 0.0202
v -0.173803 0.184623 0.088270 1.0000 0.5637 0.0202
v -0.169413 0.182572 0.092536 1.0000 0.5637 0.0202
v -0.150490 0.190300 0.097060 1.0000 0.5637 0.0202
v -0.152147 0.195183 0.091352 1.0000 0.5637 0.0202
v -0.151447 0.239281 0.039700 1.0000 0.5637 0.0202
v -0.159818 0.240154 0.024879 1.0000 0.5637 0.0202
v -0.170578 0.239435 0.029141 1.0000 0.5637 0.0202
v -0.165642 0.237658 -0.003373 1.0000 0.5637 0.0202
v -0.168906 0.246755 -0.009663 1.0000 0.5637 0.0202
v -0.163473 0.223620 -0.015968 1.0000 0.5637 0.0202
v -0.168964 0.249435 -0.012824 1.0000 0.5637 0.0202
v -0.163717 0.237724 -0.024503 1.0000 0.5637 0.0202
v -0.164649 0.233625 -0.036023 1.0000 0.5637 0.0202
v -0.167242 0.216544 -0.039407 1.0000 0.5637 0.0202
v -0.147938 0.248055 0.012340 1.0000 0.5637 0.0202
v -0.146824 0.253309 0.006665 1.0000 0.5637 0.0202
v -0.162853 0.256008 -0.005149 1.0000 0.5637 0.0202
v -0.162908 0.242284 0.002801 1.0000 0.5637 0.0202
v -0.163453 0.236163 0.010151 1.0000 0.5637 0.0202
v -0.168607 0.253160 -0.007662 1.0000 0.5637 0.0202
v -0.143275 0.217022 0.091986 1.0000 0.5637 0.0202
v -0.145597 0.243573 0.080079 1.0000 0.5637 0.0202
v -0.149998 0.241536 0.084906 1.0000 0.5637 0.0202
v -0.148006 0.244630 0.085699 1.0000 0.5637 0.0202
v -0.156049 0.207179 0.065995 1.0000 0.5637 0.0202
v -0.150771 0.204743 0.079034 1.0000 0.5637 0.0202
v -0.148085 0.212125 0.078474 1.0000 0.5637 0.0202
v -0.147403 0.218423 0.081507 1.0000 0.5637 0.0202
v -0.149591 0.223837 0.072455 1.0000 0.5637 0.0202
v -0.147684 0.230077 0.068420 1.0000 0.5637 0.0202
v -0.147003 0.230204 0.060462 1.0000 0.5637 0.0202
v -0.152278 0.227546 0.053251 1.0000 0.5637 0.0202
v -0.157088 0.216359 0.056046 1.0000 0.5637 0.0202
v -0.144382 0.244487 0.024946 1.0000 0.5637 0.0202
v -0.140227 0.254767 0.010945 1.0000 0.5637 0.0202
v -0.163892 0.238168 0.020130 1.0000 0.5637 0.0202
v -0.147529 0.168324 0.109997 1.0000 0.5637 0.0202
v -0.144493 0.164668 0.128561 1.0000 0.5637 0.0202
v -0.158844 0.175395 0.096978 1.0000 0.5637 0.0202
v -0.137368 0.174476 0.124481 1.0000 0.5637 0.0202
v -0.134589 0.182787 0.119237 1.0000 0.5637 0.0202
v -0.144357 0.187709 0.104242 1.0000 0.5637 0.0202
v -0.138573 0.204744 0.104038 1.0000 0.5637 0.0202
v -0.135238 0.209656 0.108992 1.0000 0.5637 0.0202
v -0.136771 0.213274 0.100753 1.0000 0.5637 0.0202
v -0.143840 0.198788 0.096726 1.0000 0.5637 0.0202
v -0.139730 0.218833 0.096907 1.0000 0.5637 0.0202
v -0.180523 0.162138 -0.045333 1.0000 0.5637 0.0202
v -0.185520 0.168228 -0.040815 1.0000 0.5637 0.0202
v -0.169977 0.180442 -0.099441 1.0000 0.5637 0.0202
v -0.164273 0.174815 -0.101395 1.0000 0.5637 0.0202
v -0.164782 0.173244 -0.091490 1.0000 0.5637 0.0202
v -0.140431 0.156435 -0.115941 1.0000 0.5637 0.0202
v -0.151376 0.155231 -0.092073 1.0000 0.5637 0.0202
v -0.150025 0.169908 -0.108852 1.0000 0.5637 0.0202
v -0.142103 0.163064 -0.115208 1.0000 0.5637 0.0202
v -0.140496 0.155239 -0.141901 1.0000 0.5637 0.0202
v -0.140161 0.159291 -0.147006 1.0000 0.5637 0.0202
v -0.136324 0.155053 -0.145662 1.0000 0.5637 0.0202
v -0.189011 0.185697 -0.025517 1.0000 0.5637 0.0202
v -0.194311 0.192701 -0.020340 1.0000 0.5637 0.0202
v -0.182659 0.183967 -0.036960 1.0000 0.5637 0.0202
v -0.175735 0.203804 -0.026619 1.0000 0.5637 0.0202
v -0.170118 0.206970 -0.030477 1.0000 0.5637 0.0202
v -0.166965 0.199943 -0.045749 1.0000 0.5637 0.0202
v -0.167933 0.192405 -0.059740 1.0000 0.5637 0.0202
v -0.161742 0.198311 -0.067705 1.0000 0.5637 0.0202
v -0.169210 0.177516 -0.070072 1.0000 0.5637 0.0202
v -0.177500 0.172953 -0.064164 1.0000 0.5637 0.0202
v -0.180574 0.178924 -0.061046 1.0000 0.5637 0.0202
v -0.183178 0.180674 -0.057271 1.0000 0.5637 0.0202
v -0.154851 0.199214 -0.082657 1.0000 0.5637 0.0202
v -0.161996 0.191224 -0.076949 1.0000 0.5637 0.0202
v -0.164367 0.182813 -0.077913 1.0000 0.5637 0.0202
v -0.167455 0.188947 -0.094836 1.0000 0.5637 0.0202
v -0.165166 0.183887 -0.085053 1.0000 0.5637 0.0202
v -0.150534 0.198862 -0.091170 1.0000 0.5637 0.0202
v -0.157931 0.194410 -0.094083 1.0000 0.5637 0.0202
v -0.154453 0.217812 -0.069325 1.0000 0.5637 0.0202
v -0.147611 0.222386 -0.072634 1.0000 0.5637 0.0202
v -0.152690 0.207088 -0.076439 1.0000 0.5637 0.0202
v -0.162074 0.207582 -0.061651 1.0000 0.5637 0.0202
v -0.160228 0.254945 -0.018806 1.0000 0.5637 0.0202
v -0.148942 0.253660 -0.024660 1.0000 0.5637 0.0202
v -0.155032 0.241195 -0.038570 1.0000 0.5637 0.0202
v -0.161219 0.238127 -0.037291 1.0000 0.5637 0.0202
v -0.160516 0.242604 -0.026987 1.0000 0.5637 0.0202
v -0.164176 0.247350 -0.020250 1.0000 0.5637 0.0202
v -0.140951 0.255150 -0.028502 1.0000 0.5637 0.0202
v -0.143377 0.249806 -0.033437 1.0000 0.5637 0.0202
v -0.143373 0.225452 -0.078026 1.0000 0.5637 0.0202
v -0.142513 0.229539 -0.083374 1.0000 0.5637 0.0202
v -0.142531 0.224233 -0.087671 1.0000 0.5637 0.0202
v -0.138265 0.220887 -0.099015 1.0000 0.5637 0.0202
v -0.144327 0.237177 -0.095652 1.0000 0.5637 0.0202
v -0.144115 0.242050 -0.098920 1.0000 0.5637 0.0202
v -0.136487 0.257436 -0.031810 1.0000 0.5637 0.0202
v -0.137470 0.247945 -0.045160 1.0000 0.5637 0.0202
v -0.163741 0.238326 -0.051200 1.0000 0.5637 0.0202
v -0.143318 0.241292 -0.051447 1.0000 0.5637 0.0202
v -0.142978 0.232487 -0.068805 1.0000 0.5637 0.0202
v -0.148329 0.232284 -0.065049 1.0000 0.5637 0.0202
v -0.145017 0.237829 -0.060785 1.0000 0.5637 0.0202
v -0.126596 0.249160 -0.070001 1.0000 0.5637 0.0202
v -0.128164 0.246225 -0.075003 1.0000 0.5637 0.0202
v -0.134795 0.240312 -0.072901 1.0000 0.5637 0.0202
v -0.140111 0.233163 -0.074808 1.0000 0.5637 0.0202
v -0.132897 0.254202 -0.052828 1.0000 0.5637 0.0202
v -0.130652 0.254247 -0.059310 1.0000 0.5637 0.0202
v -0.124543 0.256594 -0.065015 1.0000 0.5637 0.0202
v -0.131401 0.215698 -0.109033 1.0000 0.5637 0.0202
v -0.131847 0.207932 -0.111427 1.0000 0.5637 0.0202
v -0.135245 0.223280 -0.105336 1.0000 0.5637 0.0202
v -0.139424 0.201777 -0.101355 1.0000 0.5637 0.0202
v -0.137682 0.246756 -0.099233 1.0000 0.5637 0.0202
v -0.125154 0.273722 -0.030139 1.0000 0.5637 0.0202
v -0.133343 0.262196 -0.033733 1.0000 0.5637 0.0202
v -0.123500 0.270120 -0.006420 1.0000 0.5637 0.0202
v -0.122200 0.278222 -0.014894 1.0000 0.5637 0.0202
v -0.121982 0.278204 -0.024126 1.0000 0.5637 0.0202
v -0.122740 0.279035 -0.001766 1.0000 0.5637 0.0202
v -0.130896 0.228822 0.099991 1.0000 0.5637 0.0202
v -0.129919 0.221672 0.104361 1.0000 0.5637 0.0202
v -0.120770 0.230733 0.105128 1.0000 0.5637 0.0202
v -0.123340 0.243087 0.091868 1.0000 0.5637 0.0202
v -0.132320 0.243018 0.092181 1.0000 0.5637 0.0202
v -0.114594 0.243485 0.098293 1.0000 0.5637 0.0202
v -0.110965 0.236782 0.110978 1.0000 0.5637 0.0202
v -0.128732 0.248868 0.064373 1.0000 0.5637 0.0202
v -0.120758 0.249806 0.076081 1.0000 0.5637 0.0202
v -0.115574 0.263862 0.058543 1.0000 0.5637 0.0202
v -0.134965 0.246857 0.054765 1.0000 0.5637 0.0202
v -0.125777 0.260767 0.053184 1.0000 0.5637 0.0202
v -0.133383 0.254836 0.050541 1.0000 0.5637 0.0202
v -0.105167 0.247385 0.107606 1.0000 0.5637 0.0202
v -0.097839 0.253027 0.111879 1.0000 0.5637 0.0202
v -0.098237 0.257113 0.104130 1.0000 0.5637 0.0202
v -0.111363 0.250860 0.092624 1.0000 0.5637 0.0202
v -0.105358 0.259535 0.098605 1.0000 0.5637 0.0202
v -0.108536 0.257912 0.094717 1.0000 0.5637 0.0202
v -0.099343 0.262109 0.101549 1.0000 0.5637 0.0202
v -0.109563 0.280318 0.094126 1.0000 0.5637 0.0202
v -0.111019 0.276722 0.090917 1.0000 0.5637 0.0202
v -0.086782 0.284536 0.063897 1.0000 0.5637 0.0202
v -0.090970 0.285190 0.054975 1.0000 0.5637 0.0202
v -0.101124 0.274736 0.058395 1.0000 0.5637 0.0202
v -0.097766 0.281479 0.041268 1.0000 0.5637 0.0202
v -0.096162 0.287913 0.040291 1.0000 0.5637 0.0202
v -0.088250 0.296842 0.016984 1.0000 0.5637 0.0202
v -0.090713 0.299660 0.022741 1.0000 0.5637 0.0202
v -0.090607 0.310047 0.029760 1.0000 0.5637 0.0202
v -0.077628 0.303932 0.015952 1.0000 0.5637 0.0202
v -0.083439 0.296171 0.011206 1.0000 0.5637 0.0202
v -0.068275 0.292559 0.077045 1.0000 0.5637 0.0202
v -0.066369 0.295862 0.072012 1.0000 0.5637 0.0202
v -0.084743 0.287241 0.058930 1.0000 0.5637 0.0202
v -0.078226 0.284739 0.073475 1.0000 0.5637 0.0202
v -0.060653 0.299080 0.068942 1.0000 0.5637 0.0202
v -0.061637 0.296983 0.062754 1.0000 0.5637 0.0202
v -0.057969 0.299645 0.055602 1.0000 0.5637 0.0202
v -0.073933 0.293024 0.059632 1.0000 0.5637 0.0202
v -0.069239 0.308402 0.011062 1.0000 0.5637 0.0202
v -0.064828 0.316246 0.006494 1.0000 0.5637 0.0202
v -0.067241 0.314718 0.001990 1.0000 0.5637 0.0202
v -0.072658 0.301810 -0.005722 1.0000 0.5637 0.0202
v -0.078979 0.295904 0.003231 1.0000 0.5637 0.0202
v -0.068264 0.310636 -0.018784 1.0000 0.5637 0.0202
v -0.078671 0.295807 -0.009657 1.0000 0.5637 0.0202
v -0.074606 0.307499 -0.029065 1.0000 0.5637 0.0202
v -0.080273 0.299942 -0.023854 1.0000 0.5637 0.0202
v -0.070401 0.269094 0.118288 1.0000 0.5637 0.0202
v -0.063579 0.277413 0.134677 1.0000 0.5637 0.0202
v -0.062589 0.279633 0.133548 1.0000 0.5637 0.0202
v -0.059986 0.281082 0.131699 1.0000 0.5637 0.0202
v -0.058895 0.278449 0.114874 1.0000 0.5637 0.0202
v -0.062065 0.279144 0.106911 1.0000 0.5637 0.0202
v -0.072739 0.270798 0.105291 1.0000 0.5637 0.0202
v -0.053393 0.305617 0.034778 1.0000 0.5637 0.0202
v -0.061981 0.313545 0.012308 1.0000 0.5637 0.0202
v -0.071027 0.307055 0.020847 1.0000 0.5637 0.0202
v -0.075871 0.309629 0.026529 1.0000 0.5637 0.0202
v -0.070544 0.308167 0.036576 1.0000 0.5637 0.0202
v -0.053682 0.303320 0.049272 1.0000 0.5637 0.0202
v -0.078090 0.310460 0.040834 1.0000 0.5637 0.0202
v -0.082368 0.309571 0.042841 1.0000 0.5637 0.0202
v -0.073464 0.298573 0.053356 1.0000 0.5637 0.0202
v -0.043603 0.304345 0.056814 1.0000 0.5637 0.0202
v -0.031459 0.306150 0.060723 1.0000 0.5637 0.0202
v -0.033912 0.310956 0.053526 1.0000 0.5637 0.0202
v -0.029579 0.323405 0.043972 1.0000 0.5637 0.0202
v -0.032890 0.323698 0.040755 1.0000 0.5637 0.0202
v -0.045471 0.309580 0.041747 1.0000 0.5637 0.0202
v -0.034723 0.322226 0.036463 1.0000 0.5637 0.0202
v -0.044186 0.277034 0.123160 1.0000 0.5637 0.0202
v -0.029679 0.279231 0.116039 1.0000 0.5637 0.0202
v -0.033351 0.285193 0.106081 1.0000 0.5637 0.0202
v -0.044636 0.287438 0.106527 1.0000 0.5637 0.0202
v -0.051898 0.282640 0.110094 1.0000 0.5637 0.0202
v -0.038847 0.289551 0.103915 1.0000 0.5637 0.0202
v -0.030034 0.298735 0.079548 1.0000 0.5637 0.0202
v -0.023981 0.300133 0.075794 1.0000 0.5637 0.0202
v -0.046564 0.301741 0.062492 1.0000 0.5637 0.0202
v -0.045963 0.303230 0.069973 1.0000 0.5637 0.0202
v -0.038318 0.303957 0.074263 1.0000 0.5637 0.0202
v -0.034958 0.301163 0.081583 1.0000 0.5637 0.0202
v -0.032314 0.312488 -0.000664 1.0000 0.5637 0.0202
v -0.023023 0.309761 -0.008587 1.0000 0.5637 0.0202
v -0.033457 0.316460 -0.020492 1.0000 0.5637 0.0202
v -0.039732 0.320133 -0.010710 1.0000 0.5637 0.0202
v -0.018888 0.312651 -0.017506 1.0000 0.5637 0.0202
v -0.025011 0.315920 -0.023236 1.0000 0.5637 0.0202
v -0.024021 0.280823 0.120866 1.0000 0.5637 0.0202
v -0.013070 0.285702 0.124659 1.0000 0.5637 0.0202
v -0.013347 0.286338 0.116138 1.0000 0.5637 0.0202
v -0.019259 0.290423 0.102787 1.0000 0.5637 0.0202
v -0.024516 0.289666 0.097814 1.0000 0.5637 0.0202
v -0.018733 0.299509 0.084392 1.0000 0.5637 0.0202
v -0.013034 0.306402 0.079594 1.0000 0.5637 0.0202
v -0.008096 0.307848 0.076183 1.0000 0.5637 0.0202
v -0.009607 0.306088 0.069085 1.0000 0.5637 0.0202
v -0.014383 0.307638 0.061865 1.0000 0.5637 0.0202
v 0.000983 0.306750 0.059713 1.0000 0.5637 0.0202
v -0.003108 0.308547 0.052541 1.0000 0.5637 0.0202
v -0.020827 0.312019 0.055116 1.0000 0.5637 0.0202
v -0.025013 0.323650 0.043792 1.0000 0.5637 0.0202
v -0.011564 0.314205 0.038525 1.0000 0.5637 0.0202
v 0.005356 0.311013 0.037484 1.0000 0.5637 0.0202
v 0.002404 0.313657 0.025505 1.0000 0.5637 0.0202
v -0.008286 0.316780 0.019123 1.0000 0.5637 0.0202
v -0.012435 0.315520 0.024121 1.0000 0.5637 0.0202
v -0.014964 0.317010 0.030556 1.0000 0.5637 0.0202
v -0.114091 0.175366 -0.140833 1.0000 0.5637 0.0202
v -0.109026 0.181420 -0.141289 1.0000 0.5637 0.0202
v -0.100425 0.180487 -0.146691 1.0000 0.5637 0.0202
v -0.113208 0.167638 -0.144294 1.0000 0.5637 0.0202
v -0.099983 0.163037 -0.151884 1.0000 0.5637 0.0202
v -0.108122 0.161127 -0.146648 1.0000 0.5637 0.0202
v -0.097714 0.168476 -0.156318 1.0000 0.5637 0.0202
v -0.094530 0.160868 -0.161111 1.0000 0.5637 0.0202
v -0.103771 0.155340 -0.148349 1.0000 0.5637 0.0202
v -0.096257 0.158198 -0.154956 1.0000 0.5637 0.0202
v -0.090223 0.154390 -0.157932 1.0000 0.5637 0.0202
v -0.114898 0.146335 -0.139101 1.0000 0.5637 0.0202
v -0.079811 0.150291 -0.161588 1.0000 0.5637 0.0202
v -0.068464 0.144520 -0.166793 1.0000 0.5637 0.0202
v -0.075161 0.134841 -0.159312 1.0000 0.5637 0.0202
v -0.108773 0.136607 -0.137875 1.0000 0.5637 0.0202
v -0.091780 0.195535 -0.146370 1.0000 0.5637 0.0202
v -0.084571 0.187792 -0.155231 1.0000 0.5637 0.0202
v -0.087766 0.175705 -0.159704 1.0000 0.5637 0.0202
v -0.093599 0.167396 -0.166122 1.0000 0.5637 0.0202
v -0.115680 0.281660 -0.032035 1.0000 0.5637 0.0202
v -0.113954 0.287493 -0.023474 1.0000 0.5637 0.0202
v -0.102067 0.284841 -0.031875 1.0000 0.5637 0.0202
v -0.096273 0.283506 -0.038589 1.0000 0.5637 0.0202
v -0.101720 0.276841 -0.055576 1.0000 0.5637 0.0202
v -0.119127 0.279979 -0.038393 1.0000 0.5637 0.0202
v -0.102299 0.246905 -0.107286 1.0000 0.5637 0.0202
v -0.104147 0.263747 -0.089039 1.0000 0.5637 0.0202
v -0.099538 0.263068 -0.099546 1.0000 0.5637 0.0202
v -0.095475 0.264391 -0.103333 1.0000 0.5637 0.0202
v -0.091113 0.260086 -0.108053 1.0000 0.5637 0.0202
v -0.089238 0.256399 -0.115574 1.0000 0.5637 0.0202
v -0.089856 0.282556 -0.067890 1.0000 0.5637 0.0202
v -0.092813 0.282630 -0.076060 1.0000 0.5637 0.0202
v -0.101377 0.283943 -0.089794 1.0000 0.5637 0.0202
v -0.102038 0.275374 -0.078920 1.0000 0.5637 0.0202
v -0.098609 0.285954 -0.089373 1.0000 0.5637 0.0202
v -0.104111 0.271794 -0.072356 1.0000 0.5637 0.0202
v -0.101994 0.274832 -0.065944 1.0000 0.5637 0.0202
v -0.091358 0.223852 -0.136321 1.0000 0.5637 0.0202
v -0.081835 0.218116 -0.144166 1.0000 0.5637 0.0202
v -0.101063 0.212447 -0.139661 1.0000 0.5637 0.0202
v -0.102969 0.218309 -0.135032 1.0000 0.5637 0.0202
v -0.098923 0.222685 -0.131878 1.0000 0.5637 0.0202
v -0.095500 0.201672 -0.143094 1.0000 0.5637 0.0202
v -0.102335 0.204400 -0.142217 1.0000 0.5637 0.0202
v -0.091633 0.232838 -0.136110 1.0000 0.5637 0.0202
v -0.093822 0.247757 -0.138731 1.0000 0.5637 0.0202
v -0.091169 0.248250 -0.141376 1.0000 0.5637 0.0202
v -0.078595 0.234665 -0.142454 1.0000 0.5637 0.0202
v -0.070642 0.228535 -0.145944 1.0000 0.5637 0.0202
v -0.087808 0.249111 -0.142492 1.0000 0.5637 0.0202
v -0.082012 0.208777 -0.150456 1.0000 0.5637 0.0202
v -0.080341 0.195101 -0.158813 1.0000 0.5637 0.0202
v -0.079203 0.206641 -0.161451 1.0000 0.5637 0.0202
v -0.079208 0.203764 -0.163975 1.0000 0.5637 0.0202
v -0.076580 0.211093 -0.156292 1.0000 0.5637 0.0202
v -0.077151 0.207002 -0.165243 1.0000 0.5637 0.0202
v -0.078718 0.312335 -0.048329 1.0000 0.5637 0.0202
v -0.081462 0.314012 -0.043633 1.0000 0.5637 0.0202
v -0.081749 0.304546 -0.052377 1.0000 0.5637 0.0202
v -0.069980 0.260710 -0.119636 1.0000 0.5637 0.0202
v -0.076068 0.258714 -0.123770 1.0000 0.5637 0.0202
v -0.085746 0.258065 -0.125979 1.0000 0.5637 0.0202
v -0.091533 0.253901 -0.121174 1.0000 0.5637 0.0202
v -0.081157 0.265094 -0.109306 1.0000 0.5637 0.0202
v -0.077518 0.215177 -0.149202 1.0000 0.5637 0.0202
v -0.061811 0.218130 -0.157048 1.0000 0.5637 0.0202
v -0.068887 0.209972 -0.161071 1.0000 0.5637 0.0202
v -0.065246 0.290147 -0.072234 1.0000 0.5637 0.0202
v -0.079671 0.284219 -0.081147 1.0000 0.5637 0.0202
v -0.085143 0.284576 -0.075159 1.0000 0.5637 0.0202
v -0.081377 0.286686 -0.068148 1.0000 0.5637 0.0202
v -0.061821 0.279115 -0.097551 1.0000 0.5637 0.0202
v -0.067828 0.278638 -0.094895 1.0000 0.5637 0.0202
v -0.076002 0.281582 -0.089709 1.0000 0.5637 0.0202
v -0.079678 0.292436 -0.061462 1.0000 0.5637 0.0202
v -0.063482 0.271284 -0.110103 1.0000 0.5637 0.0202
v -0.064697 0.263231 -0.119147 1.0000 0.5637 0.0202
v -0.088842 0.267972 -0.105118 1.0000 0.5637 0.0202
v -0.080649 0.272949 -0.103908 1.0000 0.5637 0.0202
v -0.076313 0.276125 -0.101222 1.0000 0.5637 0.0202
v -0.071695 0.192230 -0.163603 1.0000 0.5637 0.0202
v -0.063472 0.188369 -0.165066 1.0000 0.5637 0.0202
v -0.068406 0.177449 -0.163911 1.0000 0.5637 0.0202
v -0.076041 0.194368 -0.162735 1.0000 0.5637 0.0202
v -0.060388 0.306221 -0.049635 1.0000 0.5637 0.0202
v -0.075522 0.314228 -0.042728 1.0000 0.5637 0.0202
v -0.065226 0.300251 -0.059161 1.0000 0.5637 0.0202
v -0.059948 0.297841 -0.063417 1.0000 0.5637 0.0202
v -0.058511 0.271078 -0.119041 1.0000 0.5637 0.0202
v -0.043681 0.282388 -0.120089 1.0000 0.5637 0.0202
v -0.052732 0.277929 -0.121392 1.0000 0.5637 0.0202
v -0.047055 0.285761 -0.105823 1.0000 0.5637 0.0202
v -0.057997 0.252074 -0.133938 1.0000 0.5637 0.0202
v -0.048399 0.243106 -0.148053 1.0000 0.5637 0.0202
v -0.053744 0.240502 -0.148878 1.0000 0.5637 0.0202
v -0.057786 0.235791 -0.150516 1.0000 0.5637 0.0202
v -0.063442 0.238489 -0.144745 1.0000 0.5637 0.0202
v -0.070125 0.248074 -0.138486 1.0000 0.5637 0.0202
v -0.071880 0.253792 -0.131620 1.0000 0.5637 0.0202
v -0.065423 0.252927 -0.130973 1.0000 0.5637 0.0202
v -0.071994 0.243195 -0.141319 1.0000 0.5637 0.0202
v -0.057683 0.231952 -0.155608 1.0000 0.5637 0.0202
v -0.057677 0.226971 -0.157390 1.0000 0.5637 0.0202
v -0.068986 0.203856 -0.164842 1.0000 0.5637 0.0202
v -0.062376 0.211532 -0.159926 1.0000 0.5637 0.0202
v -0.056319 0.196266 -0.164966 1.0000 0.5637 0.0202
v -0.066251 0.198500 -0.164142 1.0000 0.5637 0.0202
v -0.050491 0.210783 -0.161030 1.0000 0.5637 0.0202
v -0.037598 0.205549 -0.163320 1.0000 0.5637 0.0202
v -0.070341 0.310133 -0.032273 1.0000 0.5637 0.0202
v -0.061207 0.309131 -0.029668 1.0000 0.5637 0.0202
v -0.045791 0.309000 -0.031907 1.0000 0.5637 0.0202
v -0.050939 0.305793 -0.044470 1.0000 0.5637 0.0202
v -0.060001 0.289266 -0.083400 1.0000 0.5637 0.0202
v -0.053465 0.293442 -0.095573 1.0000 0.5637 0.0202
v -0.050930 0.294129 -0.098677 1.0000 0.5637 0.0202
v -0.042471 0.233124 -0.159040 1.0000 0.5637 0.0202
v -0.050827 0.234305 -0.162821 1.0000 0.5637 0.0202
v -0.019638 0.211073 -0.173386 1.0000 0.5637 0.0202
v -0.023435 0.203192 -0.169207 1.0000 0.5637 0.0202
v -0.021741 0.216693 -0.165959 1.0000 0.5637 0.0202
v -0.036442 0.216810 -0.160762 1.0000 0.5637 0.0202
v -0.029907 0.198792 -0.167234 1.0000 0.5637 0.0202
v -0.037997 0.225759 -0.159683 1.0000 0.5637 0.0202
v -0.036656 0.231170 -0.157203 1.0000 0.5637 0.0202
v -0.045356 0.221261 -0.161339 1.0000 0.5637 0.0202
v -0.018991 0.234613 -0.158233 1.0000 0.5637 0.0202
v -0.017998 0.224052 -0.161208 1.0000 0.5637 0.0202
v -0.016046 0.219234 -0.166410 1.0000 0.5637 0.0202
v -0.027624 0.245990 -0.154347 1.0000 0.5637 0.0202
v -0.023684 0.241486 -0.157994 1.0000 0.5637 0.0202
v -0.022368 0.251136 -0.160670 1.0000 0.5637 0.0202
v -0.023802 0.252492 -0.159197 1.0000 0.5637 0.0202
v -0.035111 0.287041 -0.107443 1.0000 0.5637 0.0202
v -0.036959 0.295204 -0.101630 1.0000 0.5637 0.0202
v -0.030745 0.296653 -0.099734 1.0000 0.5637 0.0202
v -0.022857 0.293882 -0.096635 1.0000 0.5637 0.0202
v -0.016549 0.288542 -0.102238 1.0000 0.5637 0.0202
v -0.019907 0.281130 -0.114882 1.0000 0.5637 0.0202
v -0.031863 0.283138 -0.114216 1.0000 0.5637 0.0202
v -0.023395 0.257286 -0.147951 1.0000 0.5637 0.0202
v -0.022145 0.261380 -0.139986 1.0000 0.5637 0.0202
v -0.014864 0.270163 -0.129561 1.0000 0.5637 0.0202
v -0.011298 0.256336 -0.147388 1.0000 0.5637 0.0202
v -0.020230 0.256767 -0.158788 1.0000 0.5637 0.0202
v -0.015098 0.310241 -0.058016 1.0000 0.5637 0.0202
v -0.002663 0.309174 -0.058747 1.0000 0.5637 0.0202
v 0.001657 0.308927 -0.065239 1.0000 0.5637 0.0202
v -0.002212 0.308622 -0.071520 1.0000 0.5637 0.0202
v -0.016016 0.304777 -0.067592 1.0000 0.5637 0.0202
v -0.009000 0.304001 -0.074877 1.0000 0.5637 0.0202
v -0.002518 0.307783 -0.077916 1.0000 0.5637 0.0202
v -0.006847 0.299337 -0.087579 1.0000 0.5637 0.0202
v -0.002052 0.304543 -0.087051 1.0000 0.5637 0.0202
v -0.010787 0.294631 -0.092309 1.0000 0.5637 0.0202
v 0.003841 0.295636 -0.099394 1.0000 0.5637 0.0202
v 0.005260 0.289517 -0.106283 1.0000 0.5637 0.0202
v -0.006056 0.288681 -0.104663 1.0000 0.5637 0.0202
v 0.002871 0.285200 -0.133964 1.0000 0.5637 0.0202
v 0.001438 0.287559 -0.130623 1.0000 0.5637 0.0202
v 0.004791 0.290152 -0.130833 1.0000 0.5637 0.0202
v 0.005843 0.291055 -0.126603 1.0000 0.5637 0.0202
v -0.001443 0.287503 -0.116254 1.0000 0.5637 0.0202
v -0.050601 0.136703 -0.180615 1.0000 0.5637 0.0202
v -0.039540 0.138176 -0.176403 1.0000 0.5637 0.0202
v -0.030051 0.139218 -0.174890 1.0000 0.5637 0.0202
v -0.030245 0.129089 -0.173682 1.0000 0.5637 0.0202
v -0.039833 0.124693 -0.174101 1.0000 0.5637 0.0202
v -0.049093 0.123813 -0.172732 1.0000 0.5637 0.0202
v -0.052705 0.130975 -0.174275 1.0000 0.5637 0.0202
v -0.020888 0.150458 -0.178517 1.0000 0.5637 0.0202
v -0.013734 0.152303 -0.185108 1.0000 0.5637 0.0202
v -0.010304 0.148531 -0.184865 1.0000 0.5637 0.0202
v -0.003466 0.144864 -0.181161 1.0000 0.5637 0.0202
v -0.005333 0.138037 -0.178487 1.0000 0.5637 0.0202
v -0.025365 0.115893 -0.176075 1.0000 0.5637 0.0202
v -0.016807 0.129507 -0.175867 1.0000 0.5637 0.0202
v -0.015296 0.114965 -0.181021 1.0000 0.5637 0.0202
v -0.005363 0.132143 -0.178513 1.0000 0.5637 0.0202
v -0.007889 0.116835 -0.185523 1.0000 0.5637 0.0202
v -0.022020 0.167803 -0.176483 1.0000 0.5637 0.0202
v -0.003763 0.167939 -0.178666 1.0000 0.5637 0.0202
v -0.010438 0.156550 -0.188919 1.0000 0.5637 0.0202
v -0.017943 0.160005 -0.179647 1.0000 0.5637 0.0202
v -0.006219 0.162871 -0.183167 1.0000 0.5637 0.0202
v -0.008118 0.157529 -0.189956 1.0000 0.5637 0.0202
v 0.029115 0.129938 -0.177604 1.0000 0.5637 0.0202
v -0.007526 0.153841 -0.190679 1.0000 0.5637 0.0202
v -0.006074 0.155788 -0.190017 1.0000 0.5637 0.0202
v -0.002259 0.160166 -0.184060 1.0000 0.5637 0.0202
v -0.000313 0.156764 -0.183992 1.0000 0.5637 0.0202
v -0.047674 0.231762 -0.163006 1.0000 0.5637 0.0202
v -0.038253 0.192623 -0.169749 1.0000 0.5637 0.0202
v -0.021685 0.192288 -0.170548 1.0000 0.5637 0.0202
v -0.030525 0.179092 -0.174792 1.0000 0.5637 0.0202
v -0.042571 0.182992 -0.180877 1.0000 0.5637 0.0202
v -0.023685 0.183363 -0.172086 1.0000 0.5637 0.0202
v 0.001115 0.171580 -0.177614 1.0000 0.5637 0.0202
v -0.012347 0.181626 -0.171965 1.0000 0.5637 0.0202
v -0.005562 0.195058 -0.171367 1.0000 0.5637 0.0202
v 0.001129 0.191098 -0.173443 1.0000 0.5637 0.0202
v 0.006901 0.176173 -0.178764 1.0000 0.5637 0.0202
v 0.120800 0.165647 0.152390 1.0000 0.5637 0.0202
v 0.123604 0.167130 0.151255 1.0000 0.5637 0.0202
v 0.042398 0.262289 0.139597 1.0000 0.5637 0.0202
v 0.045422 0.264789 0.135306 1.0000 0.5637 0.0202
v 0.048232 0.267923 0.129814 1.0000 0.5637 0.0202
v 0.075108 0.258596 0.143421 1.0000 0.5637 0.0202
v 0.076152 0.256953 0.146613 1.0000 0.5637 0.0202
v 0.108567 0.175888 0.147887 1.0000 0.5637 0.0202
v 0.102207 0.186663 0.145220 1.0000 0.5637 0.0202
v 0.080734 0.182155 0.153027 1.0000 0.5637 0.0202
v 0.089637 0.166797 0.152316 1.0000 0.5637 0.0202
v 0.101342 0.196971 0.145910 1.0000 0.5637 0.0202
v 0.095799 0.200479 0.147974 1.0000 0.5637 0.0202
v 0.082796 0.201626 0.148519 1.0000 0.5637 0.0202
v 0.089770 0.207439 0.147974 1.0000 0.5637 0.0202
v 0.020147 0.306241 0.064794 1.0000 0.5637 0.0202
v 0.017433 0.310758 0.057445 1.0000 0.5637 0.0202
v 0.016209 0.315476 0.050832 1.0000 0.5637 0.0202
v 0.013037 0.314631 0.044673 1.0000 0.5637 0.0202
v 0.015471 0.315609 0.026065 1.0000 0.5637 0.0202
v 0.022756 0.315502 0.021917 1.0000 0.5637 0.0202
v 0.018025 0.319489 0.014854 1.0000 0.5637 0.0202
v 0.012105 0.332296 0.003851 1.0000 0.5637 0.0202
v 0.007332 0.332519 0.005632 1.0000 0.5637 0.0202
v -0.003035 0.321275 0.014011 1.0000 0.5637 0.0202
v 0.011190 0.285525 0.111918 1.0000 0.5637 0.0202
v 0.009598 0.292949 0.107522 1.0000 0.5637 0.0202
v 0.001736 0.299432 0.107604 1.0000 0.5637 0.0202
v -0.004426 0.300026 0.106744 1.0000 0.5637 0.0202
v -0.005474 0.292356 0.109323 1.0000 0.5637 0.0202
v -0.002128 0.284940 0.119517 1.0000 0.5637 0.0202
v 0.004036 0.307669 0.105497 1.0000 0.5637 0.0202
v 0.015116 0.306095 0.080569 1.0000 0.5637 0.0202
v 0.016400 0.303312 0.086186 1.0000 0.5637 0.0202
v 0.021015 0.299389 0.082711 1.0000 0.5637 0.0202
v 0.027508 0.301013 0.073836 1.0000 0.5637 0.0202
v 0.012818 0.305448 0.069711 1.0000 0.5637 0.0202
v 0.010540 0.307432 0.077657 1.0000 0.5637 0.0202
v 0.035545 0.302415 0.067153 1.0000 0.5637 0.0202
v 0.022956 0.317608 0.009701 1.0000 0.5637 0.0202
v 0.026381 0.317048 0.028912 1.0000 0.5637 0.0202
v 0.029787 0.310876 0.004168 1.0000 0.5637 0.0202
v 0.039931 0.310366 0.024327 1.0000 0.5637 0.0202
v 0.035278 0.307793 0.009458 1.0000 0.5637 0.0202
v 0.023212 0.319786 -0.009634 1.0000 0.5637 0.0202
v 0.036689 0.308656 -0.004328 1.0000 0.5637 0.0202
v 0.040131 0.311077 -0.014548 1.0000 0.5637 0.0202
v 0.024060 0.280166 0.124118 1.0000 0.5637 0.0202
v 0.034034 0.282261 0.140352 1.0000 0.5637 0.0202
v 0.020413 0.281083 0.116513 1.0000 0.5637 0.0202
v 0.040680 0.278585 0.125509 1.0000 0.5637 0.0202
v 0.039663 0.280158 0.117941 1.0000 0.5637 0.0202
v 0.033056 0.282902 0.114109 1.0000 0.5637 0.0202
v 0.021917 0.286975 0.103346 1.0000 0.5637 0.0202
v 0.015956 0.282476 0.113337 1.0000 0.5637 0.0202
v 0.038608 0.287547 0.110552 1.0000 0.5637 0.0202
v 0.034877 0.290301 0.106224 1.0000 0.5637 0.0202
v 0.033931 0.293285 0.099343 1.0000 0.5637 0.0202
v 0.031960 0.297486 0.082874 1.0000 0.5637 0.0202
v 0.036156 0.299485 0.087165 1.0000 0.5637 0.0202
v 0.040937 0.302277 0.081815 1.0000 0.5637 0.0202
v 0.045977 0.298980 0.073461 1.0000 0.5637 0.0202
v 0.051458 0.297427 0.066699 1.0000 0.5637 0.0202
v 0.032947 0.322615 0.049913 1.0000 0.5637 0.0202
v 0.035557 0.306558 0.061471 1.0000 0.5637 0.0202
v 0.054330 0.301149 0.053373 1.0000 0.5637 0.0202
v 0.046863 0.305433 0.051657 1.0000 0.5637 0.0202
v 0.041595 0.311958 0.050152 1.0000 0.5637 0.0202
v 0.059588 0.267745 0.118272 1.0000 0.5637 0.0202
v 0.054000 0.261673 0.129593 1.0000 0.5637 0.0202
v 0.045603 0.276927 0.120484 1.0000 0.5637 0.0202
v 0.044982 0.274726 0.130189 1.0000 0.5637 0.0202
v 0.047145 0.282753 0.113992 1.0000 0.5637 0.0202
v 0.064541 0.291393 0.071074 1.0000 0.5637 0.0202
v 0.067448 0.293845 0.065732 1.0000 0.5637 0.0202
v 0.066335 0.299829 0.060048 1.0000 0.5637 0.0202
v 0.061283 0.300866 0.053061 1.0000 0.5637 0.0202
v 0.069302 0.304298 0.042794 1.0000 0.5637 0.0202
v 0.072840 0.304957 0.037397 1.0000 0.5637 0.0202
v 0.050191 0.307863 0.028516 1.0000 0.5637 0.0202
v 0.053458 0.304034 0.036926 1.0000 0.5637 0.0202
v 0.066151 0.309171 0.023460 1.0000 0.5637 0.0202
v 0.064717 0.323353 0.011038 1.0000 0.5637 0.0202
v 0.052188 0.312630 0.018466 1.0000 0.5637 0.0202
v 0.044656 0.309931 0.020532 1.0000 0.5637 0.0202
v 0.064013 0.272218 0.108169 1.0000 0.5637 0.0202
v 0.060803 0.279272 0.108455 1.0000 0.5637 0.0202
v 0.050436 0.291133 0.111527 1.0000 0.5637 0.0202
v 0.077840 0.256295 0.130267 1.0000 0.5637 0.0202
v 0.078186 0.256747 0.122964 1.0000 0.5637 0.0202
v 0.064250 0.261898 0.126525 1.0000 0.5637 0.0202
v 0.069024 0.267878 0.108988 1.0000 0.5637 0.0202
v 0.074987 0.270602 0.101061 1.0000 0.5637 0.0202
v 0.083272 0.256888 0.117280 1.0000 0.5637 0.0202
v 0.087488 0.260416 0.114693 1.0000 0.5637 0.0202
v 0.082857 0.265632 0.111713 1.0000 0.5637 0.0202
v 0.086384 0.276863 0.089284 1.0000 0.5637 0.0202
v 0.088295 0.276038 0.079803 1.0000 0.5637 0.0202
v 0.084859 0.279248 0.073537 1.0000 0.5637 0.0202
v 0.073683 0.278469 0.085720 1.0000 0.5637 0.0202
v 0.093945 0.288068 0.027533 1.0000 0.5637 0.0202
v 0.089609 0.289752 0.008791 1.0000 0.5637 0.0202
v 0.085351 0.294802 0.006366 1.0000 0.5637 0.0202
v 0.081411 0.303612 0.015274 1.0000 0.5637 0.0202
v 0.078942 0.319438 0.007342 1.0000 0.5637 0.0202
v 0.090691 0.290155 -0.003421 1.0000 0.5637 0.0202
v 0.096366 0.289970 -0.013841 1.0000 0.5637 0.0202
v 0.089126 0.304114 -0.019207 1.0000 0.5637 0.0202
v 0.084142 0.304269 -0.012419 1.0000 0.5637 0.0202
v 0.081074 0.310454 -0.004483 1.0000 0.5637 0.0202
v 0.102144 0.266711 0.071834 1.0000 0.5637 0.0202
v 0.094314 0.272200 0.076407 1.0000 0.5637 0.0202
v 0.094076 0.279960 0.061093 1.0000 0.5637 0.0202
v 0.090854 0.281338 0.065906 1.0000 0.5637 0.0202
v 0.084636 0.283502 0.068863 1.0000 0.5637 0.0202
v 0.090701 0.228205 0.133765 1.0000 0.5637 0.0202
v 0.096591 0.234653 0.124612 1.0000 0.5637 0.0202
v 0.090314 0.247245 0.120239 1.0000 0.5637 0.0202
v 0.083984 0.245806 0.134917 1.0000 0.5637 0.0202
v 0.082266 0.238724 0.138105 1.0000 0.5637 0.0202
v 0.084587 0.248570 0.125893 1.0000 0.5637 0.0202
v 0.100680 0.228104 0.131584 1.0000 0.5637 0.0202
v 0.109653 0.222068 0.144796 1.0000 0.5637 0.0202
v 0.112444 0.219130 0.142232 1.0000 0.5637 0.0202
v 0.111043 0.221584 0.128040 1.0000 0.5637 0.0202
v 0.109256 0.229182 0.118715 1.0000 0.5637 0.0202
v 0.101563 0.238955 0.116322 1.0000 0.5637 0.0202
v 0.105722 0.241491 0.109342 1.0000 0.5637 0.0202
v 0.102210 0.249458 0.111671 1.0000 0.5637 0.0202
v 0.092899 0.255161 0.115631 1.0000 0.5637 0.0202
v 0.104878 0.273586 0.046656 1.0000 0.5637 0.0202
v 0.117298 0.274759 0.037045 1.0000 0.5637 0.0202
v 0.100433 0.282514 0.030320 1.0000 0.5637 0.0202
v 0.099827 0.275623 0.047953 1.0000 0.5637 0.0202
v 0.107647 0.282423 0.026632 1.0000 0.5637 0.0202
v 0.126139 0.272018 0.032659 1.0000 0.5637 0.0202
v 0.125976 0.276840 0.024512 1.0000 0.5637 0.0202
v 0.131705 0.288740 0.013108 1.0000 0.5637 0.0202
v 0.127717 0.290474 0.014382 1.0000 0.5637 0.0202
v 0.114585 0.218633 0.123010 1.0000 0.5637 0.0202
v 0.118532 0.220931 0.118126 1.0000 0.5637 0.0202
v 0.122970 0.223880 0.115918 1.0000 0.5637 0.0202
v 0.122337 0.230352 0.111934 1.0000 0.5637 0.0202
v 0.123375 0.233871 0.106517 1.0000 0.5637 0.0202
v 0.110714 0.236407 0.108481 1.0000 0.5637 0.0202
v 0.118282 0.243665 0.087367 1.0000 0.5637 0.0202
v 0.116805 0.250518 0.077108 1.0000 0.5637 0.0202
v 0.110956 0.256709 0.089937 1.0000 0.5637 0.0202
v 0.110115 0.252839 0.095359 1.0000 0.5637 0.0202
v 0.109101 0.258350 0.079492 1.0000 0.5637 0.0202
v 0.109213 0.260320 0.086188 1.0000 0.5637 0.0202
v 0.108819 0.195620 0.140186 1.0000 0.5637 0.0202
v 0.110915 0.187082 0.139470 1.0000 0.5637 0.0202
v 0.119970 0.188195 0.130345 1.0000 0.5637 0.0202
v 0.123844 0.189967 0.124191 1.0000 0.5637 0.0202
v 0.108543 0.203096 0.144243 1.0000 0.5637 0.0202
v 0.117089 0.209586 0.125933 1.0000 0.5637 0.0202
v 0.113219 0.216605 0.145229 1.0000 0.5637 0.0202
v 0.120853 0.238916 0.094558 1.0000 0.5637 0.0202
v 0.125656 0.237385 0.097207 1.0000 0.5637 0.0202
v 0.129633 0.237600 0.092520 1.0000 0.5637 0.0202
v 0.129921 0.236368 0.084766 1.0000 0.5637 0.0202
v 0.128380 0.239596 0.077841 1.0000 0.5637 0.0202
v 0.015306 0.330780 0.000792 1.0000 0.5637 0.0202
v 0.013080 0.333194 -0.002156 1.0000 0.5637 0.0202
v 0.096579 0.191993 -0.152514 1.0000 0.5637 0.0202
v 0.101085 0.188282 -0.151122 1.0000 0.5637 0.0202
v 0.093061 0.166423 -0.152135 1.0000 0.5637 0.0202
v 0.077800 0.167813 -0.162200 1.0000 0.5637 0.0202
v 0.081774 0.179256 -0.159717 1.0000 0.5637 0.0202
v 0.103788 0.179860 -0.146127 1.0000 0.5637 0.0202
v 0.101071 0.169241 -0.148654 1.0000 0.5637 0.0202
v 0.103686 0.151405 -0.152179 1.0000 0.5637 0.0202
v 0.091986 0.153579 -0.155413 1.0000 0.5637 0.0202
v 0.111129 0.179589 -0.139051 1.0000 0.5637 0.0202
v 0.118695 0.172939 -0.132943 1.0000 0.5637 0.0202
v 0.122350 0.159511 -0.132621 1.0000 0.5637 0.0202
v 0.117704 0.157832 -0.140483 1.0000 0.5637 0.0202
v 0.115149 0.158414 -0.148491 1.0000 0.5637 0.0202
v 0.006570 0.312725 -0.025935 1.0000 0.5637 0.0202
v 0.015191 0.318775 -0.018415 1.0000 0.5637 0.0202
v 0.024030 0.320357 -0.029994 1.0000 0.5637 0.0202
v 0.017925 0.313395 -0.040663 1.0000 0.5637 0.0202
v 0.010080 0.310037 -0.036741 1.0000 0.5637 0.0202
v 0.006487 0.308344 -0.060516 1.0000 0.5637 0.0202
v 0.003290 0.309464 -0.043592 1.0000 0.5637 0.0202
v 0.020193 0.312656 -0.047754 1.0000 0.5637 0.0202
v 0.018835 0.308643 -0.056946 1.0000 0.5637 0.0202
v 0.017056 0.263397 -0.142059 1.0000 0.5637 0.0202
v 0.011227 0.262485 -0.143235 1.0000 0.5637 0.0202
v 0.012413 0.269309 -0.138296 1.0000 0.5637 0.0202
v 0.010861 0.278940 -0.135761 1.0000 0.5637 0.0202
v 0.011493 0.286556 -0.133124 1.0000 0.5637 0.0202
v 0.013268 0.288171 -0.128733 1.0000 0.5637 0.0202
v 0.019320 0.277722 -0.126850 1.0000 0.5637 0.0202
v 0.021392 0.263349 -0.138650 1.0000 0.5637 0.0202
v 0.024321 0.308080 -0.070193 1.0000 0.5637 0.0202
v 0.017737 0.309220 -0.065367 1.0000 0.5637 0.0202
v 0.031441 0.301969 -0.071792 1.0000 0.5637 0.0202
v 0.030761 0.310744 -0.053843 1.0000 0.5637 0.0202
v 0.041731 0.309284 -0.051571 1.0000 0.5637 0.0202
v 0.036957 0.297629 -0.074278 1.0000 0.5637 0.0202
v 0.036309 0.285500 -0.101021 1.0000 0.5637 0.0202
v 0.047591 0.285435 -0.099551 1.0000 0.5637 0.0202
v 0.049114 0.283660 -0.105487 1.0000 0.5637 0.0202
v 0.033804 0.282299 -0.108367 1.0000 0.5637 0.0202
v 0.045558 0.283946 -0.117526 1.0000 0.5637 0.0202
v 0.038104 0.281011 -0.112317 1.0000 0.5637 0.0202
v 0.047827 0.301803 -0.062681 1.0000 0.5637 0.0202
v 0.042890 0.298791 -0.070857 1.0000 0.5637 0.0202
v 0.054863 0.301547 -0.056548 1.0000 0.5637 0.0202
v 0.041398 0.289135 -0.093352 1.0000 0.5637 0.0202
v 0.047039 0.295231 -0.083698 1.0000 0.5637 0.0202
v 0.056346 0.287708 -0.096243 1.0000 0.5637 0.0202
v 0.059219 0.282674 -0.099991 1.0000 0.5637 0.0202
v 0.053773 0.282993 -0.131174 1.0000 0.5637 0.0202
v 0.050205 0.280006 -0.131461 1.0000 0.5637 0.0202
v 0.051714 0.218550 -0.155767 1.0000 0.5637 0.0202
v 0.064772 0.213801 -0.153806 1.0000 0.5637 0.0202
v 0.044960 0.201428 -0.165074 1.0000 0.5637 0.0202
v 0.047372 0.210032 -0.163636 1.0000 0.5637 0.0202
v 0.046698 0.190741 -0.165289 1.0000 0.5637 0.0202
v 0.062327 0.305540 -0.020189 1.0000 0.5637 0.0202
v 0.064111 0.302655 -0.029236 1.0000 0.5637 0.0202
v 0.057411 0.303660 -0.029822 1.0000 0.5637 0.0202
v 0.054238 0.313672 -0.011440 1.0000 0.5637 0.0202
v 0.057455 0.312149 -0.014132 1.0000 0.5637 0.0202
v 0.051489 0.307593 -0.028095 1.0000 0.5637 0.0202
v 0.045769 0.312439 -0.019992 1.0000 0.5637 0.0202
v 0.053671 0.304920 -0.039878 1.0000 0.5637 0.0202
v 0.061981 0.299591 -0.054275 1.0000 0.5637 0.0202
v 0.049460 0.309891 -0.039860 1.0000 0.5637 0.0202
v 0.057382 0.252583 -0.138136 1.0000 0.5637 0.0202
v 0.047821 0.257038 -0.139262 1.0000 0.5637 0.0202
v 0.053470 0.261988 -0.134885 1.0000 0.5637 0.0202
v 0.060519 0.279132 -0.132292 1.0000 0.5637 0.0202
v 0.064468 0.273793 -0.129182 1.0000 0.5637 0.0202
v 0.066132 0.261010 -0.127264 1.0000 0.5637 0.0202
v 0.055954 0.278460 -0.133621 1.0000 0.5637 0.0202
v 0.065045 0.307983 -0.016112 1.0000 0.5637 0.0202
v 0.080631 0.308173 -0.028204 1.0000 0.5637 0.0202
v 0.089030 0.312148 -0.032668 1.0000 0.5637 0.0202
v 0.074032 0.303660 -0.036889 1.0000 0.5637 0.0202
v 0.086591 0.303390 -0.043456 1.0000 0.5637 0.0202
v 0.079793 0.296493 -0.050380 1.0000 0.5637 0.0202
v 0.078697 0.293196 -0.056695 1.0000 0.5637 0.0202
v 0.069954 0.297762 -0.054742 1.0000 0.5637 0.0202
v 0.081124 0.233816 -0.139010 1.0000 0.5637 0.0202
v 0.082216 0.228864 -0.151907 1.0000 0.5637 0.0202
v 0.079906 0.229902 -0.152837 1.0000 0.5637 0.0202
v 0.076710 0.239881 -0.136130 1.0000 0.5637 0.0202
v 0.072144 0.232281 -0.147098 1.0000 0.5637 0.0202
v 0.068173 0.236381 -0.142348 1.0000 0.5637 0.0202
v 0.071233 0.276377 -0.100450 1.0000 0.5637 0.0202
v 0.064417 0.284159 -0.096536 1.0000 0.5637 0.0202
v 0.078516 0.279369 -0.090184 1.0000 0.5637 0.0202
v 0.079770 0.270840 -0.098697 1.0000 0.5637 0.0202
v 0.068715 0.276460 -0.105684 1.0000 0.5637 0.0202
v 0.069932 0.274043 -0.112406 1.0000 0.5637 0.0202
v 0.082871 0.265950 -0.105557 1.0000 0.5637 0.0202
v 0.075381 0.262249 -0.115511 1.0000 0.5637 0.0202
v 0.069464 0.266452 -0.120017 1.0000 0.5637 0.0202
v 0.080462 0.260423 -0.115032 1.0000 0.5637 0.0202
v 0.081321 0.254193 -0.122592 1.0000 0.5637 0.0202
v 0.086847 0.250122 -0.127522 1.0000 0.5637 0.0202
v 0.074356 0.253704 -0.124684 1.0000 0.5637 0.0202
v 0.084046 0.238740 -0.133151 1.0000 0.5637 0.0202
v 0.089872 0.243918 -0.129628 1.0000 0.5637 0.0202
v 0.091620 0.201298 -0.148945 1.0000 0.5637 0.0202
v 0.079500 0.188415 -0.159128 1.0000 0.5637 0.0202
v 0.085622 0.206609 -0.148982 1.0000 0.5637 0.0202
v 0.073741 0.217888 -0.153961 1.0000 0.5637 0.0202
v 0.079430 0.226593 -0.155364 1.0000 0.5637 0.0202
v 0.081451 0.221962 -0.153456 1.0000 0.5637 0.0202
v 0.082775 0.226549 -0.153034 1.0000 0.5637 0.0202
v 0.084606 0.218685 -0.147819 1.0000 0.5637 0.0202
v 0.076836 0.294804 -0.062145 1.0000 0.5637 0.0202
v 0.088444 0.282846 -0.058568 1.0000 0.5637 0.0202
v 0.084775 0.275811 -0.080965 1.0000 0.5637 0.0202
v 0.081404 0.280584 -0.081516 1.0000 0.5637 0.0202
v 0.079209 0.287972 -0.082322 1.0000 0.5637 0.0202
v 0.095801 0.262778 -0.100638 1.0000 0.5637 0.0202
v 0.101663 0.261368 -0.117210 1.0000 0.5637 0.0202
v 0.089040 0.263291 -0.110298 1.0000 0.5637 0.0202
v 0.100102 0.261870 -0.119993 1.0000 0.5637 0.0202
v 0.089494 0.215541 -0.142770 1.0000 0.5637 0.0202
v 0.087763 0.227475 -0.137662 1.0000 0.5637 0.0202
v 0.099089 0.218049 -0.131272 1.0000 0.5637 0.0202
v 0.083927 0.228789 -0.143108 1.0000 0.5637 0.0202
v 0.103915 0.203924 -0.138700 1.0000 0.5637 0.0202
v 0.096478 0.209923 -0.139933 1.0000 0.5637 0.0202
v 0.097469 0.201280 -0.148935 1.0000 0.5637 0.0202
v 0.094491 0.205965 -0.144973 1.0000 0.5637 0.0202
v 0.101332 0.199633 -0.151344 1.0000 0.5637 0.0202
v 0.108132 0.202867 -0.133929 1.0000 0.5637 0.0202
v 0.106671 0.223839 -0.122714 1.0000 0.5637 0.0202
v 0.114131 0.225287 -0.116653 1.0000 0.5637 0.0202
v 0.119175 0.221424 -0.120280 1.0000 0.5637 0.0202
v 0.117974 0.216723 -0.124755 1.0000 0.5637 0.0202
v 0.118321 0.211610 -0.126884 1.0000 0.5637 0.0202
v 0.118417 0.241094 -0.096499 1.0000 0.5637 0.0202
v 0.114163 0.234739 -0.108792 1.0000 0.5637 0.0202
v 0.111569 0.242011 -0.110332 1.0000 0.5637 0.0202
v 0.108318 0.253655 -0.109406 1.0000 0.5637 0.0202
v 0.108568 0.253059 -0.101936 1.0000 0.5637 0.0202
v 0.111466 0.253702 -0.096104 1.0000 0.5637 0.0202
v 0.109332 0.237134 -0.115523 1.0000 0.5637 0.0202
v 0.105730 0.232609 -0.121514 1.0000 0.5637 0.0202
v 0.107696 0.250598 -0.124200 1.0000 0.5637 0.0202
v 0.105547 0.187423 -0.145961 1.0000 0.5637 0.0202
v 0.107074 0.195416 -0.148404 1.0000 0.5637 0.0202
v 0.108661 0.196810 -0.138535 1.0000 0.5637 0.0202
v 0.112947 0.191048 -0.134505 1.0000 0.5637 0.0202
v 0.128743 0.276079 -0.012742 1.0000 0.5637 0.0202
v 0.121400 0.277077 -0.016745 1.0000 0.5637 0.0202
v 0.111663 0.285979 -0.006936 1.0000 0.5637 0.0202
v 0.132679 0.289210 0.006872 1.0000 0.5637 0.0202
v 0.131509 0.280110 -0.000808 1.0000 0.5637 0.0202
v 0.132645 0.273107 -0.008114 1.0000 0.5637 0.0202
v 0.125534 0.290718 0.003045 1.0000 0.5637 0.0202
v 0.133886 0.228705 -0.094212 1.0000 0.5637 0.0202
v 0.138953 0.223178 -0.094604 1.0000 0.5637 0.0202
v 0.137534 0.222348 -0.103466 1.0000 0.5637 0.0202
v 0.126513 0.230605 -0.100702 1.0000 0.5637 0.0202
v 0.139871 0.223005 -0.121312 1.0000 0.5637 0.0202
v 0.137506 0.223108 -0.123005 1.0000 0.5637 0.0202
v 0.124911 0.227771 -0.108843 1.0000 0.5637 0.0202
v 0.034794 0.329065 -0.035629 1.0000 0.5637 0.0202
v 0.030150 0.326696 -0.037606 1.0000 0.5637 0.0202
v 0.029967 0.122547 -0.180304 1.0000 0.5637 0.0202
v 0.023557 0.113304 -0.181392 1.0000 0.5637 0.0202
v 0.007108 0.140714 -0.178398 1.0000 0.5637 0.0202
v 0.008155 0.148119 -0.179352 1.0000 0.5637 0.0202
v 0.030815 0.142303 -0.178894 1.0000 0.5637 0.0202
v 0.024438 0.092117 -0.168239 1.0000 0.5637 0.0202
v 0.026042 0.101767 -0.176117 1.0000 0.5637 0.0202
v 0.035471 0.102758 -0.174360 1.0000 0.5637 0.0202
v 0.041249 0.107306 -0.174109 1.0000 0.5637 0.0202
v 0.059871 0.103013 -0.166097 1.0000 0.5637 0.0202
v 0.025259 0.082641 -0.156413 1.0000 0.5637 0.0202
v 0.052217 0.120959 -0.170196 1.0000 0.5637 0.0202
v 0.045473 0.112001 -0.173320 1.0000 0.5637 0.0202
v 0.039052 0.113610 -0.177613 1.0000 0.5637 0.0202
v 0.033693 0.114098 -0.184333 1.0000 0.5637 0.0202
v 0.035044 0.121912 -0.179062 1.0000 0.5637 0.0202
v 0.036212 0.129694 -0.175615 1.0000 0.5637 0.0202
v 0.044547 0.133261 -0.171371 1.0000 0.5637 0.0202
v 0.039909 0.161260 -0.177280 1.0000 0.5637 0.0202
v 0.036295 0.157378 -0.185453 1.0000 0.5637 0.0202
v 0.043265 0.165578 -0.172822 1.0000 0.5637 0.0202
v 0.028300 0.161876 -0.180108 1.0000 0.5637 0.0202
v 0.018320 0.165530 -0.177878 1.0000 0.5637 0.0202
v 0.028351 0.170326 -0.175498 1.0000 0.5637 0.0202
v 0.035243 0.156543 -0.186306 1.0000 0.5637 0.0202
v 0.041213 0.147862 -0.176807 1.0000 0.5637 0.0202
v 0.036882 0.152644 -0.185863 1.0000 0.5637 0.0202
v 0.077859 0.138860 -0.173797 1.0000 0.5637 0.0202
v 0.072332 0.130416 -0.167155 1.0000 0.5637 0.0202
v 0.064316 0.121425 -0.167281 1.0000 0.5637 0.0202
v 0.049939 0.150767 -0.171104 1.0000 0.5637 0.0202
v 0.048051 0.158919 -0.171710 1.0000 0.5637 0.0202
v 0.052535 0.169497 -0.169000 1.0000 0.5637 0.0202
v 0.059576 0.174632 -0.169388 1.0000 0.5637 0.0202
v 0.070239 0.173835 -0.169452 1.0000 0.5637 0.0202
v 0.069235 0.165154 -0.166452 1.0000 0.5637 0.0202
v 0.071357 0.153363 -0.167087 1.0000 0.5637 0.0202
v 0.075258 0.141163 -0.173471 1.0000 0.5637 0.0202
v 0.075310 0.146933 -0.170514 1.0000 0.5637 0.0202
v 0.073594 0.180571 -0.172072 1.0000 0.5637 0.0202
v 0.076942 0.180087 -0.165765 1.0000 0.5637 0.0202
v 0.078088 0.156638 -0.163612 1.0000 0.5637 0.0202
v 0.078786 0.148476 -0.168227 1.0000 0.5637 0.0202
v 0.084620 0.142039 -0.166179 1.0000 0.5637 0.0202
v 0.080695 0.140537 -0.174144 1.0000 0.5637 0.0202
v 0.082032 0.138727 -0.172005 1.0000 0.5637 0.0202
v 0.034573 0.190866 -0.168028 1.0000 0.5637 0.0202
v 0.034532 0.198072 -0.169186 1.0000 0.5637 0.0202
v 0.038115 0.205787 -0.172914 1.0000 0.5637 0.0202
v 0.040798 0.204455 -0.171092 1.0000 0.5637 0.0202
v 0.056501 0.188110 -0.165168 1.0000 0.5637 0.0202
v 0.062751 0.181925 -0.170586 1.0000 0.5637 0.0202
v 0.071130 0.181633 -0.173340 1.0000 0.5637 0.0202
v 0.041272 0.176486 -0.169116 1.0000 0.5637 0.0202
v 0.053424 0.249913 -0.156589 1.0000 0.5637 0.0202
v 0.057060 0.241563 -0.147217 1.0000 0.5637 0.0202
v 0.055432 0.236933 -0.150196 1.0000 0.5637 0.0202
v 0.157124 0.168842 0.115980 1.0000 0.5637 0.0202
v 0.146346 0.174841 0.116514 1.0000 0.5637 0.0202
v 0.156933 0.174711 0.111462 1.0000 0.5637 0.0202
v 0.154894 0.173911 0.114370 1.0000 0.5637 0.0202
v 0.161133 0.169437 0.113147 1.0000 0.5637 0.0202
v 0.196096 0.181201 0.009993 1.0000 0.5637 0.0202
v 0.192656 0.170495 0.004703 1.0000 0.5637 0.0202
v 0.198632 0.177457 0.013255 1.0000 0.5637 0.0202
v 0.196560 0.179608 0.017108 1.0000 0.5637 0.0202
v 0.197454 0.174516 0.016929 1.0000 0.5637 0.0202
v 0.126420 0.170230 0.133382 1.0000 0.5637 0.0202
v 0.128606 0.177197 0.125367 1.0000 0.5637 0.0202
v 0.115324 0.179569 0.142124 1.0000 0.5637 0.0202
v 0.124409 0.169314 0.148705 1.0000 0.5637 0.0202
v 0.122101 0.211373 0.119522 1.0000 0.5637 0.0202
v 0.133428 0.189818 0.113390 1.0000 0.5637 0.0202
v 0.129546 0.208921 0.116410 1.0000 0.5637 0.0202
v 0.125472 0.215981 0.117497 1.0000 0.5637 0.0202
v 0.134954 0.196492 0.108642 1.0000 0.5637 0.0202
v 0.133464 0.205116 0.112198 1.0000 0.5637 0.0202
v 0.135159 0.232787 0.076667 1.0000 0.5637 0.0202
v 0.140067 0.235512 0.063671 1.0000 0.5637 0.0202
v 0.137049 0.239888 0.060680 1.0000 0.5637 0.0202
v 0.135987 0.246536 0.060888 1.0000 0.5637 0.0202
v 0.133664 0.248963 0.066327 1.0000 0.5637 0.0202
v 0.127854 0.244962 0.072720 1.0000 0.5637 0.0202
v 0.133832 0.257610 0.017235 1.0000 0.5637 0.0202
v 0.133872 0.262038 0.004516 1.0000 0.5637 0.0202
v 0.135351 0.259948 0.034084 1.0000 0.5637 0.0202
v 0.137800 0.252256 0.038072 1.0000 0.5637 0.0202
v 0.132820 0.271161 0.015533 1.0000 0.5637 0.0202
v 0.130863 0.274003 0.021091 1.0000 0.5637 0.0202
v 0.130920 0.268142 0.029064 1.0000 0.5637 0.0202
v 0.136199 0.256491 -0.002437 1.0000 0.5637 0.0202
v 0.138335 0.263192 -0.012390 1.0000 0.5637 0.0202
v 0.136449 0.269668 -0.014572 1.0000 0.5637 0.0202
v 0.137078 0.172108 0.119565 1.0000 0.5637 0.0202
v 0.140479 0.183273 0.111975 1.0000 0.5637 0.0202
v 0.147172 0.234816 0.055071 1.0000 0.5637 0.0202
v 0.162525 0.234298 0.056401 1.0000 0.5637 0.0202
v 0.156606 0.234648 0.046721 1.0000 0.5637 0.0202
v 0.157807 0.234454 0.036321 1.0000 0.5637 0.0202
v 0.142013 0.239250 0.044494 1.0000 0.5637 0.0202
v 0.141587 0.246740 0.029535 1.0000 0.5637 0.0202
v 0.147409 0.244774 0.027011 1.0000 0.5637 0.0202
v 0.147262 0.198651 0.090629 1.0000 0.5637 0.0202
v 0.148400 0.207844 0.082626 1.0000 0.5637 0.0202
v 0.144002 0.218731 0.080118 1.0000 0.5637 0.0202
v 0.142819 0.218986 0.085407 1.0000 0.5637 0.0202
v 0.142569 0.222169 0.091801 1.0000 0.5637 0.0202
v 0.142149 0.206553 0.098119 1.0000 0.5637 0.0202
v 0.166938 0.227907 0.032409 1.0000 0.5637 0.0202
v 0.172294 0.243111 0.018914 1.0000 0.5637 0.0202
v 0.169954 0.246410 0.017027 1.0000 0.5637 0.0202
v 0.154092 0.182309 0.096667 1.0000 0.5637 0.0202
v 0.160864 0.171986 0.109207 1.0000 0.5637 0.0202
v 0.154428 0.192768 0.083465 1.0000 0.5637 0.0202
v 0.149316 0.190784 0.093151 1.0000 0.5637 0.0202
v 0.159349 0.180315 0.083337 1.0000 0.5637 0.0202
v 0.158856 0.168873 0.093418 1.0000 0.5637 0.0202
v 0.158569 0.197180 0.075202 1.0000 0.5637 0.0202
v 0.164858 0.173601 0.075477 1.0000 0.5637 0.0202
v 0.173517 0.168581 0.069218 1.0000 0.5637 0.0202
v 0.174335 0.181071 0.063385 1.0000 0.5637 0.0202
v 0.167203 0.188849 0.064231 1.0000 0.5637 0.0202
v 0.164067 0.196706 0.065426 1.0000 0.5637 0.0202
v 0.170645 0.209740 0.002790 1.0000 0.5637 0.0202
v 0.173153 0.204951 -0.015888 1.0000 0.5637 0.0202
v 0.174395 0.213424 -0.011274 1.0000 0.5637 0.0202
v 0.176751 0.220769 -0.014010 1.0000 0.5637 0.0202
v 0.173175 0.223315 -0.008076 1.0000 0.5637 0.0202
v 0.172660 0.229144 -0.000187 1.0000 0.5637 0.0202
v 0.173231 0.225146 0.004348 1.0000 0.5637 0.0202
v 0.171023 0.218979 0.011336 1.0000 0.5637 0.0202
v 0.182117 0.177864 0.049325 1.0000 0.5637 0.0202
v 0.183687 0.175668 0.044014 1.0000 0.5637 0.0202
v 0.176739 0.191376 0.027811 1.0000 0.5637 0.0202
v 0.173459 0.184258 0.056872 1.0000 0.5637 0.0202
v 0.170282 0.201621 0.026122 1.0000 0.5637 0.0202
v 0.169607 0.191905 0.048110 1.0000 0.5637 0.0202
v 0.185490 0.175581 0.028949 1.0000 0.5637 0.0202
v 0.183799 0.171971 0.040191 1.0000 0.5637 0.0202
v 0.175900 0.239718 0.017352 1.0000 0.5637 0.0202
v 0.176601 0.243503 0.014370 1.0000 0.5637 0.0202
v 0.178129 0.238046 0.010966 1.0000 0.5637 0.0202
v 0.180654 0.162241 -0.076713 1.0000 0.5637 0.0202
v 0.182702 0.169382 -0.070477 1.0000 0.5637 0.0202
v 0.173473 0.175196 -0.057248 1.0000 0.5637 0.0202
v 0.139915 0.279008 -0.025142 1.0000 0.5637 0.0202
v 0.145166 0.190314 -0.100702 1.0000 0.5637 0.0202
v 0.143619 0.197769 -0.104153 1.0000 0.5637 0.0202
v 0.153476 0.195268 -0.083396 1.0000 0.5637 0.0202
v 0.142850 0.215833 -0.096030 1.0000 0.5637 0.0202
v 0.147526 0.218910 -0.089245 1.0000 0.5637 0.0202
v 0.144651 0.206265 -0.107907 1.0000 0.5637 0.0202
v 0.144142 0.212124 -0.105071 1.0000 0.5637 0.0202
v 0.141083 0.212798 -0.126160 1.0000 0.5637 0.0202
v 0.142647 0.216427 -0.126399 1.0000 0.5637 0.0202
v 0.147983 0.243944 -0.010608 1.0000 0.5637 0.0202
v 0.159549 0.242757 -0.004036 1.0000 0.5637 0.0202
v 0.167009 0.233785 -0.011940 1.0000 0.5637 0.0202
v 0.152714 0.234998 -0.031192 1.0000 0.5637 0.0202
v 0.148589 0.236862 -0.028604 1.0000 0.5637 0.0202
v 0.163025 0.235008 -0.018805 1.0000 0.5637 0.0202
v 0.149683 0.234715 -0.042286 1.0000 0.5637 0.0202
v 0.155468 0.233597 -0.040044 1.0000 0.5637 0.0202
v 0.157365 0.230964 -0.043672 1.0000 0.5637 0.0202
v 0.149640 0.233421 -0.055741 1.0000 0.5637 0.0202
v 0.143860 0.238228 -0.052634 1.0000 0.5637 0.0202
v 0.160443 0.226252 -0.045282 1.0000 0.5637 0.0202
v 0.158150 0.223058 -0.051219 1.0000 0.5637 0.0202
v 0.158034 0.221947 -0.056004 1.0000 0.5637 0.0202
v 0.145154 0.238353 -0.043190 1.0000 0.5637 0.0202
v 0.156104 0.177317 -0.091698 1.0000 0.5637 0.0202
v 0.153347 0.175604 -0.098929 1.0000 0.5637 0.0202
v 0.154577 0.171819 -0.106026 1.0000 0.5637 0.0202
v 0.154943 0.171890 -0.115475 1.0000 0.5637 0.0202
v 0.151869 0.174555 -0.116142 1.0000 0.5637 0.0202
v 0.145687 0.183299 -0.106867 1.0000 0.5637 0.0202
v 0.175712 0.243066 0.006963 1.0000 0.5637 0.0202
v 0.171749 0.235798 -0.000148 1.0000 0.5637 0.0202
v 0.170717 0.230482 -0.007472 1.0000 0.5637 0.0202
v 0.161008 0.214194 -0.055887 1.0000 0.5637 0.0202
v 0.162972 0.213153 -0.050844 1.0000 0.5637 0.0202
v 0.171260 0.192992 -0.042864 1.0000 0.5637 0.0202
v 0.170518 0.199821 -0.041683 1.0000 0.5637 0.0202
v 0.178752 0.179787 -0.042591 1.0000 0.5637 0.0202
v 0.172684 0.183775 -0.050104 1.0000 0.5637 0.0202
v 0.189255 0.175916 -0.031894 1.0000 0.5637 0.0202
v 0.173190 0.191362 -0.030145 1.0000 0.5637 0.0202
v 0.171916 0.182184 -0.055794 1.0000 0.5637 0.0202
v 0.182867 0.171545 -0.073120 1.0000 0.5637 0.0202
v 0.167708 0.189663 -0.060260 1.0000 0.5637 0.0202
v 0.167717 0.182138 -0.076149 1.0000 0.5637 0.0202
v 0.185181 0.177816 -0.010119 1.0000 0.5637 0.0202
v 0.188834 0.175479 -0.018050 1.0000 0.5637 0.0202
v 0.175752 0.193643 -0.008623 1.0000 0.5637 0.0202
v 0.181052 0.188479 -0.004335 1.0000 0.5637 0.0202
v 0.182083 0.232815 -0.024068 1.0000 0.5637 0.0202
v 0.179993 0.233508 -0.021606 1.0000 0.5637 0.0202
v 0.187129 0.171708 -0.005210 1.0000 0.5637 0.0202
v 0.176736 0.195369 0.003101 1.0000 0.5637 0.0202
v -0.140140 0.166406 0.132004 1.0000 0.5637 0.0202
v -0.134469 0.171353 0.129978 1.0000 0.5637 0.0202
v -0.111729 0.142114 0.135301 1.0000 0.5637 0.0202
v -0.104304 0.156399 0.141183 1.0000 0.5637 0.0202
v -0.135270 0.137506 0.112794 1.0000 0.5637 0.0202
v -0.116383 0.128679 0.129075 1.0000 0.5637 0.0202
v -0.135853 0.215831 0.130049 1.0000 0.5637 0.0202
v -0.133577 0.217541 0.129935 1.0000 0.5637 0.0202
v -0.126284 0.219375 0.127785 1.0000 0.5637 0.0202
v -0.127240 0.216471 0.132919 1.0000 0.5637 0.0202
v -0.120783 0.221406 0.122096 1.0000 0.5637 0.0202
v -0.115498 0.215188 0.130531 1.0000 0.5637 0.0202
v -0.103159 0.249362 0.132344 1.0000 0.5637 0.0202
v -0.106141 0.241908 0.120307 1.0000 0.5637 0.0202
v -0.103699 0.237789 0.127496 1.0000 0.5637 0.0202
v -0.102231 0.252724 0.131374 1.0000 0.5637 0.0202
v -0.099382 0.253592 0.136066 1.0000 0.5637 0.0202
v -0.099886 0.228075 0.130690 1.0000 0.5637 0.0202
v -0.107455 0.218148 0.128151 1.0000 0.5637 0.0202
v -0.095956 0.199235 0.138990 1.0000 0.5637 0.0202
v -0.086229 0.215600 0.139427 1.0000 0.5637 0.0202
v -0.117020 0.208052 0.133232 1.0000 0.5637 0.0202
v -0.060118 0.280570 0.137367 1.0000 0.5637 0.0202
v -0.056155 0.281564 0.131825 1.0000 0.5637 0.0202
v -0.192085 0.174624 0.021719 1.0000 0.5637 0.0202
v -0.193266 0.177200 0.026100 1.0000 0.5637 0.0202
v -0.183925 0.183837 0.019168 1.0000 0.5637 0.0202
v -0.192352 0.170724 0.023851 1.0000 0.5637 0.0202
v -0.182538 0.159912 0.026668 1.0000 0.5637 0.0202
v -0.184343 0.163732 0.037286 1.0000 0.5637 0.0202
v -0.189384 0.180698 -0.021162 1.0000 0.5637 0.0202
v -0.184343 0.178492 -0.034195 1.0000 0.5637 0.0202
v -0.164286 0.141300 0.060400 1.0000 0.5637 0.0202
v -0.155934 0.150584 0.082141 1.0000 0.5637 0.0202
v -0.170744 0.133838 0.028479 1.0000 0.5637 0.0202
v -0.164264 0.126595 0.053564 1.0000 0.5637 0.0202
v -0.145620 0.162989 0.120880 1.0000 0.5637 0.0202
v -0.197356 0.194585 -0.014594 1.0000 0.5637 0.0202
v -0.191426 0.199648 -0.016560 1.0000 0.5637 0.0202
v -0.196082 0.186461 -0.009158 1.0000 0.5637 0.0202
v -0.198354 0.190424 -0.012380 1.0000 0.5637 0.0202
v -0.188110 0.183986 -0.001405 1.0000 0.5637 0.0202
v -0.177157 0.232591 0.027669 1.0000 0.5637 0.0202
v -0.171542 0.224205 0.018527 1.0000 0.5637 0.0202
v -0.172655 0.219155 0.022713 1.0000 0.5637 0.0202
v -0.170483 0.209792 0.026973 1.0000 0.5637 0.0202
v -0.173407 0.186740 0.083063 1.0000 0.5637 0.0202
v -0.170689 0.188327 0.074452 1.0000 0.5637 0.0202
v -0.172938 0.180300 0.077715 1.0000 0.5637 0.0202
v -0.175765 0.234368 0.032571 1.0000 0.5637 0.0202
v -0.172794 0.228119 0.038508 1.0000 0.5637 0.0202
v -0.190502 0.180760 0.030179 1.0000 0.5637 0.0202
v -0.166932 0.201185 0.048203 1.0000 0.5637 0.0202
v -0.166577 0.252707 -0.016174 1.0000 0.5637 0.0202
v -0.165107 0.256387 -0.013705 1.0000 0.5637 0.0202
v -0.159845 0.257544 -0.015787 1.0000 0.5637 0.0202
v -0.164577 0.230542 0.001284 1.0000 0.5637 0.0202
v -0.164440 0.217873 -0.013447 1.0000 0.5637 0.0202
v -0.169606 0.212026 0.000438 1.0000 0.5637 0.0202
v -0.170477 0.214122 0.015915 1.0000 0.5637 0.0202
v -0.168220 0.211710 -0.013340 1.0000 0.5637 0.0202
v -0.157322 0.259020 -0.011301 1.0000 0.5637 0.0202
v -0.159301 0.258226 -0.007030 1.0000 0.5637 0.0202
v -0.165100 0.257169 -0.009620 1.0000 0.5637 0.0202
v -0.170630 0.178375 0.089612 1.0000 0.5637 0.0202
v -0.145173 0.240993 0.093988 1.0000 0.5637 0.0202
v -0.149149 0.242897 0.089973 1.0000 0.5637 0.0202
v -0.148762 0.238244 0.092451 1.0000 0.5637 0.0202
v -0.145962 0.238338 0.094593 1.0000 0.5637 0.0202
v -0.141203 0.244015 0.043950 1.0000 0.5637 0.0202
v -0.146447 0.240165 0.041992 1.0000 0.5637 0.0202
v -0.136446 0.242740 0.060336 1.0000 0.5637 0.0202
v -0.138374 0.265392 0.042025 1.0000 0.5637 0.0202
v -0.140549 0.247724 0.029093 1.0000 0.5637 0.0202
v -0.141202 0.267991 0.032545 1.0000 0.5637 0.0202
v -0.186668 0.172206 -0.058173 1.0000 0.5637 0.0202
v -0.180448 0.162358 -0.056941 1.0000 0.5637 0.0202
v -0.188911 0.168702 -0.049600 1.0000 0.5637 0.0202
v -0.138478 0.165054 -0.144719 1.0000 0.5637 0.0202
v -0.131807 0.178013 -0.128202 1.0000 0.5637 0.0202
v -0.122381 0.176097 -0.137829 1.0000 0.5637 0.0202
v -0.136612 0.158680 -0.147717 1.0000 0.5637 0.0202
v -0.136761 0.162050 -0.147746 1.0000 0.5637 0.0202
v -0.186708 0.179742 -0.050879 1.0000 0.5637 0.0202
v -0.171269 0.230606 -0.048227 1.0000 0.5637 0.0202
v -0.169377 0.186723 -0.099626 1.0000 0.5637 0.0202
v -0.170730 0.182545 -0.096221 1.0000 0.5637 0.0202
v -0.170051 0.182727 -0.101155 1.0000 0.5637 0.0202
v -0.165028 0.233725 -0.057889 1.0000 0.5637 0.0202
v -0.151431 0.225583 -0.067668 1.0000 0.5637 0.0202
v -0.163599 0.190513 -0.101017 1.0000 0.5637 0.0202
v -0.144497 0.241282 -0.094597 1.0000 0.5637 0.0202
v -0.154369 0.239377 -0.052704 1.0000 0.5637 0.0202
v -0.139128 0.195441 0.108647 1.0000 0.5637 0.0202
v -0.134964 0.193905 0.116736 1.0000 0.5637 0.0202
v -0.132596 0.277591 0.041361 1.0000 0.5637 0.0202
v -0.136935 0.278527 0.035983 1.0000 0.5637 0.0202
v -0.136699 0.274104 0.040459 1.0000 0.5637 0.0202
v -0.122004 0.295382 -0.010915 1.0000 0.5637 0.0202
v -0.121369 0.285286 -0.017413 1.0000 0.5637 0.0202
v -0.130939 0.259319 -0.009424 1.0000 0.5637 0.0202
v -0.135916 0.257674 0.004608 1.0000 0.5637 0.0202
v -0.137031 0.257603 0.013933 1.0000 0.5637 0.0202
v -0.124564 0.273054 0.010413 1.0000 0.5637 0.0202
v -0.122517 0.276020 0.005190 1.0000 0.5637 0.0202
v -0.111740 0.257916 0.085456 1.0000 0.5637 0.0202
v -0.111662 0.265725 0.067031 1.0000 0.5637 0.0202
v -0.104909 0.283666 0.083567 1.0000 0.5637 0.0202
v -0.097896 0.279148 0.068012 1.0000 0.5637 0.0202
v -0.089323 0.294281 -0.003903 1.0000 0.5637 0.0202
v -0.100440 0.281202 0.098539 1.0000 0.5637 0.0202
v -0.106247 0.281440 0.097381 1.0000 0.5637 0.0202
v -0.094205 0.304447 0.034825 1.0000 0.5637 0.0202
v -0.106142 0.279551 0.023830 1.0000 0.5637 0.0202
v -0.107829 0.277562 0.031578 1.0000 0.5637 0.0202
v -0.099031 0.284833 0.023398 1.0000 0.5637 0.0202
v -0.103992 0.284017 0.017535 1.0000 0.5637 0.0202
v -0.097010 0.285340 0.029609 1.0000 0.5637 0.0202
v -0.099955 0.284992 0.093667 1.0000 0.5637 0.0202
v -0.078204 0.271426 0.101204 1.0000 0.5637 0.0202
v -0.087694 0.270045 0.101980 1.0000 0.5637 0.0202
v -0.093016 0.266179 0.102635 1.0000 0.5637 0.0202
v -0.091462 0.257374 0.113901 1.0000 0.5637 0.0202
v -0.085458 0.258586 0.116728 1.0000 0.5637 0.0202
v -0.074423 0.257576 0.121970 1.0000 0.5637 0.0202
v -0.068874 0.264192 0.125267 1.0000 0.5637 0.0202
v -0.087954 0.308705 0.042141 1.0000 0.5637 0.0202
v -0.090184 0.312700 0.034988 1.0000 0.5637 0.0202
v -0.082748 0.313346 0.036489 1.0000 0.5637 0.0202
v -0.045676 0.310152 0.029072 1.0000 0.5637 0.0202
v -0.040582 0.315697 0.020096 1.0000 0.5637 0.0202
v -0.045515 0.317918 0.013422 1.0000 0.5637 0.0202
v -0.057833 0.322420 0.006704 1.0000 0.5637 0.0202
v -0.061643 0.308714 0.092183 1.0000 0.5637 0.0202
v -0.042128 0.319800 0.008532 1.0000 0.5637 0.0202
v -0.025281 0.311044 0.011223 1.0000 0.5637 0.0202
v -0.018905 0.310267 0.004065 1.0000 0.5637 0.0202
v -0.032436 0.316517 0.021851 1.0000 0.5637 0.0202
v -0.037679 0.316241 0.014209 1.0000 0.5637 0.0202
v -0.017196 0.310839 -0.007468 1.0000 0.5637 0.0202
v -0.006263 0.285192 0.126689 1.0000 0.5637 0.0202
v -0.003398 0.316008 0.100092 1.0000 0.5637 0.0202
v -0.006139 0.314487 0.095231 1.0000 0.5637 0.0202
v -0.000620 0.330931 -0.001267 1.0000 0.5637 0.0202
v -0.093874 0.162847 -0.165252 1.0000 0.5637 0.0202
v -0.092576 0.164358 -0.167352 1.0000 0.5637 0.0202
v -0.091911 0.167327 -0.167350 1.0000 0.5637 0.0202
v -0.051706 0.180243 -0.176954 1.0000 0.5637 0.0202
v -0.047081 0.173226 -0.177094 1.0000 0.5637 0.0202
v -0.049290 0.167263 -0.173395 1.0000 0.5637 0.0202
v -0.059723 0.161862 -0.168547 1.0000 0.5637 0.0202
v -0.128735 0.209064 -0.139537 1.0000 0.5637 0.0202
v -0.125527 0.208683 -0.142528 1.0000 0.5637 0.0202
v -0.110861 0.219292 -0.136523 1.0000 0.5637 0.0202
v -0.120572 0.219081 -0.141277 1.0000 0.5637 0.0202
v -0.115672 0.233709 -0.111116 1.0000 0.5637 0.0202
v -0.126009 0.232499 -0.107949 1.0000 0.5637 0.0202
v -0.138184 0.243768 -0.102323 1.0000 0.5637 0.0202
v -0.119099 0.243971 -0.100375 1.0000 0.5637 0.0202
v -0.110754 0.243053 -0.103984 1.0000 0.5637 0.0202
v -0.106713 0.237150 -0.114423 1.0000 0.5637 0.0202
v -0.122480 0.280321 -0.044124 1.0000 0.5637 0.0202
v -0.103094 0.280880 -0.092878 1.0000 0.5637 0.0202
v -0.102130 0.277612 -0.096351 1.0000 0.5637 0.0202
v -0.087776 0.284854 -0.060885 1.0000 0.5637 0.0202
v -0.089732 0.288109 -0.049495 1.0000 0.5637 0.0202
v -0.085811 0.290352 -0.056426 1.0000 0.5637 0.0202
v -0.091670 0.288834 -0.040366 1.0000 0.5637 0.0202
v -0.100281 0.285436 -0.093158 1.0000 0.5637 0.0202
v -0.097648 0.282353 -0.098756 1.0000 0.5637 0.0202
v -0.092701 0.284028 -0.098058 1.0000 0.5637 0.0202
v -0.095538 0.248794 -0.134925 1.0000 0.5637 0.0202
v -0.092736 0.252436 -0.139671 1.0000 0.5637 0.0202
v -0.092634 0.286836 -0.093009 1.0000 0.5637 0.0202
v -0.098619 0.285672 -0.095504 1.0000 0.5637 0.0202
v -0.094860 0.287117 -0.090310 1.0000 0.5637 0.0202
v -0.076952 0.204839 -0.166703 1.0000 0.5637 0.0202
v -0.083757 0.254474 -0.139318 1.0000 0.5637 0.0202
v -0.089437 0.255394 -0.139111 1.0000 0.5637 0.0202
v -0.086061 0.257353 -0.134518 1.0000 0.5637 0.0202
v -0.075163 0.206414 -0.166452 1.0000 0.5637 0.0202
v -0.050829 0.308560 -0.091924 1.0000 0.5637 0.0202
v -0.056160 0.295946 -0.086583 1.0000 0.5637 0.0202
v -0.049540 0.277613 -0.134325 1.0000 0.5637 0.0202
v -0.047566 0.277510 -0.137039 1.0000 0.5637 0.0202
v -0.049952 0.251550 -0.139653 1.0000 0.5637 0.0202
v -0.052917 0.258826 -0.133375 1.0000 0.5637 0.0202
v -0.037274 0.269656 -0.138645 1.0000 0.5637 0.0202
v -0.034252 0.262510 -0.139354 1.0000 0.5637 0.0202
v -0.033799 0.253231 -0.144300 1.0000 0.5637 0.0202
v -0.040680 0.241185 -0.150424 1.0000 0.5637 0.0202
v -0.053724 0.235153 -0.161258 1.0000 0.5637 0.0202
v -0.042744 0.315509 -0.085643 1.0000 0.5637 0.0202
v -0.046185 0.314821 -0.084852 1.0000 0.5637 0.0202
v -0.044545 0.316057 -0.089378 1.0000 0.5637 0.0202
v -0.040897 0.284936 -0.132263 1.0000 0.5637 0.0202
v -0.045975 0.315453 -0.090981 1.0000 0.5637 0.0202
v -0.041987 0.314566 -0.092131 1.0000 0.5637 0.0202
v -0.038189 0.310550 -0.094263 1.0000 0.5637 0.0202
v -0.027148 0.303339 -0.077447 1.0000 0.5637 0.0202
v -0.031010 0.305154 -0.071703 1.0000 0.5637 0.0202
v -0.036739 0.305235 -0.068059 1.0000 0.5637 0.0202
v -0.034696 0.306073 -0.060437 1.0000 0.5637 0.0202
v -0.028415 0.310596 -0.056200 1.0000 0.5637 0.0202
v -0.036297 0.309437 -0.052997 1.0000 0.5637 0.0202
v -0.017184 0.316864 -0.051327 1.0000 0.5637 0.0202
v -0.022561 0.323481 -0.045605 1.0000 0.5637 0.0202
v -0.001514 0.287614 -0.123173 1.0000 0.5637 0.0202
v -0.006418 0.281944 -0.123784 1.0000 0.5637 0.0202
v -0.012583 0.278131 -0.122135 1.0000 0.5637 0.0202
v -0.003797 0.287200 -0.110077 1.0000 0.5637 0.0202
v -0.021692 0.275568 -0.123161 1.0000 0.5637 0.0202
v -0.028914 0.267783 -0.135016 1.0000 0.5637 0.0202
v -0.030051 0.274955 -0.130743 1.0000 0.5637 0.0202
v -0.029102 0.277214 -0.125895 1.0000 0.5637 0.0202
v -0.015692 0.253149 -0.159035 1.0000 0.5637 0.0202
v -0.010216 0.250498 -0.153085 1.0000 0.5637 0.0202
v 0.000236 0.263892 -0.139800 1.0000 0.5637 0.0202
v 0.005887 0.258647 -0.146687 1.0000 0.5637 0.0202
v 0.001562 0.253080 -0.148897 1.0000 0.5637 0.0202
v -0.006903 0.251786 -0.149490 1.0000 0.5637 0.0202
v 0.007975 0.256072 -0.151345 1.0000 0.5637 0.0202
v -0.004130 0.269316 -0.134714 1.0000 0.5637 0.0202
v -0.001257 0.235710 -0.155590 1.0000 0.5637 0.0202
v -0.012775 0.235368 -0.157946 1.0000 0.5637 0.0202
v -0.017827 0.251275 -0.161221 1.0000 0.5637 0.0202
v -0.000280 0.241823 -0.153979 1.0000 0.5637 0.0202
v -0.003789 0.247038 -0.151651 1.0000 0.5637 0.0202
v 0.007336 0.316498 -0.087843 1.0000 0.5637 0.0202
v -0.009459 0.317463 -0.029593 1.0000 0.5637 0.0202
v -0.008025 0.317160 -0.044453 1.0000 0.5637 0.0202
v -0.083681 0.165635 -0.165424 1.0000 0.5637 0.0202
v -0.089137 0.165146 -0.167388 1.0000 0.5637 0.0202
v -0.061144 0.145818 -0.172812 1.0000 0.5637 0.0202
v -0.056477 0.140407 -0.181092 1.0000 0.5637 0.0202
v -0.064724 0.138144 -0.168963 1.0000 0.5637 0.0202
v -0.060615 0.130864 -0.169293 1.0000 0.5637 0.0202
v -0.053768 0.137272 -0.181136 1.0000 0.5637 0.0202
v -0.060206 0.151080 -0.171252 1.0000 0.5637 0.0202
v -0.050745 0.148543 -0.176032 1.0000 0.5637 0.0202
v -0.050504 0.139062 -0.181699 1.0000 0.5637 0.0202
v -0.040275 0.108575 -0.175222 1.0000 0.5637 0.0202
v 0.015043 0.113682 -0.180030 1.0000 0.5637 0.0202
v -0.068596 0.195208 -0.164357 1.0000 0.5637 0.0202
v -0.053312 0.231205 -0.162501 1.0000 0.5637 0.0202
v -0.045866 0.185099 -0.180949 1.0000 0.5637 0.0202
v -0.054161 0.185101 -0.171465 1.0000 0.5637 0.0202
v -0.051524 0.189416 -0.170875 1.0000 0.5637 0.0202
v -0.017053 0.199852 -0.172179 1.0000 0.5637 0.0202
v -0.013193 0.208594 -0.177892 1.0000 0.5637 0.0202
v -0.005894 0.205390 -0.172773 1.0000 0.5637 0.0202
v -0.000322 0.201712 -0.170447 1.0000 0.5637 0.0202
v -0.019906 0.250285 -0.161508 1.0000 0.5637 0.0202
v -0.014376 0.212048 -0.178233 1.0000 0.5637 0.0202
v -0.015350 0.209658 -0.177727 1.0000 0.5637 0.0202
v -0.015024 0.214507 -0.176711 1.0000 0.5637 0.0202
v -0.011953 0.210886 -0.177788 1.0000 0.5637 0.0202
v 0.096505 0.154471 0.149626 1.0000 0.5637 0.0202
v 0.112006 0.159540 0.148442 1.0000 0.5637 0.0202
v 0.119213 0.161072 0.149916 1.0000 0.5637 0.0202
v 0.080150 0.134471 0.154335 1.0000 0.5637 0.0202
v 0.131501 0.154647 0.123764 1.0000 0.5637 0.0202
v 0.082637 0.109885 0.150542 1.0000 0.5637 0.0202
v 0.110392 0.130566 0.134895 1.0000 0.5637 0.0202
v -0.001560 0.249685 0.143246 1.0000 0.5637 0.0202
v 0.012043 0.259848 0.140115 1.0000 0.5637 0.0202
v -0.014452 0.260881 0.140223 1.0000 0.5637 0.0202
v 0.006024 0.265538 0.135582 1.0000 0.5637 0.0202
v 0.000521 0.269055 0.136697 1.0000 0.5637 0.0202
v 0.014590 0.265361 0.136756 1.0000 0.5637 0.0202
v 0.020042 0.276897 0.127228 1.0000 0.5637 0.0202
v 0.017540 0.269487 0.133891 1.0000 0.5637 0.0202
v 0.029474 0.280214 0.142706 1.0000 0.5637 0.0202
v 0.031991 0.274916 0.146618 1.0000 0.5637 0.0202
v 0.035390 0.274084 0.146290 1.0000 0.5637 0.0202
v 0.035050 0.279485 0.145581 1.0000 0.5637 0.0202
v 0.029534 0.276811 0.145520 1.0000 0.5637 0.0202
v 0.056029 0.243062 0.145157 1.0000 0.5637 0.0202
v 0.055250 0.233808 0.146941 1.0000 0.5637 0.0202
v 0.066163 0.233766 0.146721 1.0000 0.5637 0.0202
v 0.072869 0.233301 0.145935 1.0000 0.5637 0.0202
v 0.074946 0.248986 0.148716 1.0000 0.5637 0.0202
v 0.073067 0.254433 0.148719 1.0000 0.5637 0.0202
v 0.063056 0.250454 0.145137 1.0000 0.5637 0.0202
v 0.055135 0.250564 0.141796 1.0000 0.5637 0.0202
v 0.076757 0.254334 0.148101 1.0000 0.5637 0.0202
v 0.062737 0.253979 0.141695 1.0000 0.5637 0.0202
v 0.065847 0.258876 0.135353 1.0000 0.5637 0.0202
v 0.080138 0.248744 0.144649 1.0000 0.5637 0.0202
v 0.109370 0.219845 0.150088 1.0000 0.5637 0.0202
v 0.125533 0.161097 0.135477 1.0000 0.5637 0.0202
v 0.124188 0.163214 0.148951 1.0000 0.5637 0.0202
v 0.000362 0.316052 0.092800 1.0000 0.5637 0.0202
v -0.000362 0.317387 0.098910 1.0000 0.5637 0.0202
v 0.003650 0.315839 0.094128 1.0000 0.5637 0.0202
v 0.007518 0.276651 0.123659 1.0000 0.5637 0.0202
v -0.006179 0.284769 0.132927 1.0000 0.5637 0.0202
v -0.005158 0.282129 0.136103 1.0000 0.5637 0.0202
v 0.015084 0.297935 0.097101 1.0000 0.5637 0.0202
v 0.052670 0.309445 0.105991 1.0000 0.5637 0.0202
v 0.048642 0.306739 0.106213 1.0000 0.5637 0.0202
v 0.055635 0.310787 0.103763 1.0000 0.5637 0.0202
v 0.057824 0.309434 0.100061 1.0000 0.5637 0.0202
v 0.063764 0.282804 0.101991 1.0000 0.5637 0.0202
v 0.061770 0.302137 0.100288 1.0000 0.5637 0.0202
v 0.072460 0.323652 0.011408 1.0000 0.5637 0.0202
v 0.085323 0.312058 0.047991 1.0000 0.5637 0.0202
v 0.081098 0.270213 0.105358 1.0000 0.5637 0.0202
v 0.096354 0.276486 0.108692 1.0000 0.5637 0.0202
v 0.110269 0.264312 0.069296 1.0000 0.5637 0.0202
v 0.104828 0.271869 0.056810 1.0000 0.5637 0.0202
v 0.093781 0.304715 0.048496 1.0000 0.5637 0.0202
v 0.091319 0.310168 0.049224 1.0000 0.5637 0.0202
v 0.100122 0.272559 0.112823 1.0000 0.5637 0.0202
v 0.095764 0.273063 0.083100 1.0000 0.5637 0.0202
v 0.108473 0.268091 0.103755 1.0000 0.5637 0.0202
v 0.123214 0.275199 0.042496 1.0000 0.5637 0.0202
v 0.127245 0.276834 0.053125 1.0000 0.5637 0.0202
v 0.131071 0.291625 0.009990 1.0000 0.5637 0.0202
v 0.124105 0.291664 0.013293 1.0000 0.5637 0.0202
v 0.128680 0.292390 0.007897 1.0000 0.5637 0.0202
v 0.008092 0.335691 0.000127 1.0000 0.5637 0.0202
v 0.004146 0.333054 0.004099 1.0000 0.5637 0.0202
v 0.018341 0.317493 0.032693 1.0000 0.5637 0.0202
v 0.028314 0.317939 0.053945 1.0000 0.5637 0.0202
v 0.028449 0.324119 0.049331 1.0000 0.5637 0.0202
v 0.112573 0.143537 -0.140017 1.0000 0.5637 0.0202
v 0.100652 0.142534 -0.149885 1.0000 0.5637 0.0202
v 0.108867 0.149018 -0.148778 1.0000 0.5637 0.0202
v 0.124883 0.151253 -0.129999 1.0000 0.5637 0.0202
v 0.114209 0.155196 -0.150624 1.0000 0.5637 0.0202
v 0.135674 0.155231 -0.125810 1.0000 0.5637 0.0202
v 0.141112 0.151082 -0.118920 1.0000 0.5637 0.0202
v 0.148792 0.150935 -0.107049 1.0000 0.5637 0.0202
v 0.144079 0.146079 -0.106055 1.0000 0.5637 0.0202
v 0.138112 0.137634 -0.107956 1.0000 0.5637 0.0202
v 0.119963 0.134500 -0.127926 1.0000 0.5637 0.0202
v 0.011103 0.312768 -0.093589 1.0000 0.5637 0.0202
v 0.010564 0.316277 -0.091137 1.0000 0.5637 0.0202
v 0.010872 0.289653 -0.130619 1.0000 0.5637 0.0202
v 0.016544 0.259370 -0.156486 1.0000 0.5637 0.0202
v 0.014761 0.255443 -0.159254 1.0000 0.5637 0.0202
v 0.013028 0.257380 -0.156657 1.0000 0.5637 0.0202
v 0.010879 0.259426 -0.149769 1.0000 0.5637 0.0202
v 0.015990 0.316689 -0.082613 1.0000 0.5637 0.0202
v 0.017805 0.315102 -0.086343 1.0000 0.5637 0.0202
v 0.026525 0.305456 -0.075844 1.0000 0.5637 0.0202
v 0.030541 0.287177 -0.101231 1.0000 0.5637 0.0202
v 0.018649 0.288875 -0.105723 1.0000 0.5637 0.0202
v 0.021537 0.295194 -0.098229 1.0000 0.5637 0.0202
v 0.028462 0.298791 -0.087713 1.0000 0.5637 0.0202
v 0.032341 0.292443 -0.092316 1.0000 0.5637 0.0202
v 0.023416 0.281394 -0.115491 1.0000 0.5637 0.0202
v 0.019387 0.283796 -0.118841 1.0000 0.5637 0.0202
v 0.012957 0.288097 -0.112814 1.0000 0.5637 0.0202
v 0.032215 0.253021 -0.143897 1.0000 0.5637 0.0202
v 0.041110 0.258741 -0.137480 1.0000 0.5637 0.0202
v 0.047353 0.254926 -0.145253 1.0000 0.5637 0.0202
v 0.039406 0.250455 -0.149039 1.0000 0.5637 0.0202
v 0.045993 0.253524 -0.152289 1.0000 0.5637 0.0202
v 0.051693 0.252951 -0.155556 1.0000 0.5637 0.0202
v 0.026580 0.258412 -0.139654 1.0000 0.5637 0.0202
v 0.026457 0.253384 -0.145259 1.0000 0.5637 0.0202
v 0.023120 0.254391 -0.150228 1.0000 0.5637 0.0202
v 0.016391 0.260548 -0.148033 1.0000 0.5637 0.0202
v 0.018810 0.256407 -0.157448 1.0000 0.5637 0.0202
v 0.042346 0.270548 -0.128762 1.0000 0.5637 0.0202
v 0.040735 0.243276 -0.154107 1.0000 0.5637 0.0202
v 0.050116 0.252529 -0.156713 1.0000 0.5637 0.0202
v 0.051849 0.249851 -0.158167 1.0000 0.5637 0.0202
v 0.049142 0.227561 -0.154366 1.0000 0.5637 0.0202
v 0.044247 0.222148 -0.157837 1.0000 0.5637 0.0202
v 0.040741 0.229930 -0.155675 1.0000 0.5637 0.0202
v 0.039613 0.235929 -0.154447 1.0000 0.5637 0.0202
v 0.051078 0.245456 -0.158081 1.0000 0.5637 0.0202
v 0.052657 0.232992 -0.152542 1.0000 0.5637 0.0202
v 0.072017 0.311034 -0.011707 1.0000 0.5637 0.0202
v 0.062532 0.280107 -0.104946 1.0000 0.5637 0.0202
v 0.060114 0.284769 -0.117045 1.0000 0.5637 0.0202
v 0.067841 0.271383 -0.122044 1.0000 0.5637 0.0202
v 0.072733 0.310705 -0.076475 1.0000 0.5637 0.0202
v 0.073498 0.311624 -0.079772 1.0000 0.5637 0.0202
v 0.069982 0.311748 -0.076404 1.0000 0.5637 0.0202
v 0.070750 0.195269 -0.159480 1.0000 0.5637 0.0202
v 0.066210 0.228837 -0.148112 1.0000 0.5637 0.0202
v 0.069993 0.224028 -0.152711 1.0000 0.5637 0.0202
v 0.094665 0.309041 -0.036649 1.0000 0.5637 0.0202
v 0.105410 0.198332 -0.151067 1.0000 0.5637 0.0202
v 0.101303 0.226640 -0.126870 1.0000 0.5637 0.0202
v 0.091297 0.229713 -0.133425 1.0000 0.5637 0.0202
v 0.093844 0.238545 -0.129777 1.0000 0.5637 0.0202
v 0.102005 0.250793 -0.128683 1.0000 0.5637 0.0202
v 0.104885 0.249922 -0.127536 1.0000 0.5637 0.0202
v 0.101192 0.258871 -0.126107 1.0000 0.5637 0.0202
v 0.098778 0.305042 -0.029056 1.0000 0.5637 0.0202
v 0.098688 0.292279 -0.022337 1.0000 0.5637 0.0202
v 0.106204 0.274687 -0.035273 1.0000 0.5637 0.0202
v 0.111651 0.273166 -0.033146 1.0000 0.5637 0.0202
v 0.113404 0.271956 -0.042824 1.0000 0.5637 0.0202
v 0.117130 0.269176 -0.049376 1.0000 0.5637 0.0202
v 0.118939 0.266538 -0.057691 1.0000 0.5637 0.0202
v 0.102222 0.279421 -0.043833 1.0000 0.5637 0.0202
v 0.102476 0.279976 -0.030164 1.0000 0.5637 0.0202
v 0.103962 0.276685 -0.059193 1.0000 0.5637 0.0202
v 0.100138 0.279448 -0.052375 1.0000 0.5637 0.0202
v 0.111500 0.274941 -0.061082 1.0000 0.5637 0.0202
v 0.119804 0.268660 -0.061759 1.0000 0.5637 0.0202
v 0.119493 0.277280 -0.082906 1.0000 0.5637 0.0202
v 0.123402 0.278344 -0.079138 1.0000 0.5637 0.0202
v 0.123219 0.258621 -0.081589 1.0000 0.5637 0.0202
v 0.124824 0.274327 -0.073896 1.0000 0.5637 0.0202
v 0.128126 0.236978 -0.085046 1.0000 0.5637 0.0202
v 0.134612 0.236659 -0.077473 1.0000 0.5637 0.0202
v 0.143131 0.234477 -0.080174 1.0000 0.5637 0.0202
v 0.157547 0.232892 -0.080552 1.0000 0.5637 0.0202
v 0.158158 0.228693 -0.082374 1.0000 0.5637 0.0202
v 0.144314 0.225758 -0.088460 1.0000 0.5637 0.0202
v 0.132502 0.193865 -0.120301 1.0000 0.5637 0.0202
v 0.133383 0.186214 -0.118715 1.0000 0.5637 0.0202
v 0.122819 0.184945 -0.126786 1.0000 0.5637 0.0202
v 0.114784 0.198720 -0.130870 1.0000 0.5637 0.0202
v 0.120776 0.205479 -0.127338 1.0000 0.5637 0.0202
v 0.135033 0.201432 -0.122625 1.0000 0.5637 0.0202
v 0.121346 0.275413 -0.026570 1.0000 0.5637 0.0202
v 0.127587 0.248240 -0.064631 1.0000 0.5637 0.0202
v 0.125261 0.254506 -0.067212 1.0000 0.5637 0.0202
v 0.123669 0.260868 -0.061073 1.0000 0.5637 0.0202
v 0.121606 0.264157 -0.053242 1.0000 0.5637 0.0202
v 0.134527 0.249466 -0.050900 1.0000 0.5637 0.0202
v 0.128553 0.265337 -0.046230 1.0000 0.5637 0.0202
v 0.144954 0.237446 -0.059164 1.0000 0.5637 0.0202
v 0.140491 0.238552 -0.065107 1.0000 0.5637 0.0202
v 0.142796 0.218634 -0.126123 1.0000 0.5637 0.0202
v 0.135840 0.219957 -0.126930 1.0000 0.5637 0.0202
v 0.121731 0.225047 -0.114923 1.0000 0.5637 0.0202
v 0.033605 0.327086 -0.039253 1.0000 0.5637 0.0202
v 0.037341 0.326138 -0.039676 1.0000 0.5637 0.0202
v 0.022212 0.156673 -0.180130 1.0000 0.5637 0.0202
v 0.003082 0.164067 -0.179732 1.0000 0.5637 0.0202
v 0.026369 0.179293 -0.173357 1.0000 0.5637 0.0202
v 0.017907 0.180722 -0.180236 1.0000 0.5637 0.0202
v 0.030563 0.185966 -0.169525 1.0000 0.5637 0.0202
v 0.019263 0.190951 -0.175991 1.0000 0.5637 0.0202
v 0.022165 0.195499 -0.170290 1.0000 0.5637 0.0202
v 0.016201 0.186314 -0.182429 1.0000 0.5637 0.0202
v 0.025370 0.105251 -0.178613 1.0000 0.5637 0.0202
v 0.031091 0.111485 -0.183636 1.0000 0.5637 0.0202
v 0.034502 0.110263 -0.181552 1.0000 0.5637 0.0202
v 0.034988 0.152678 -0.186346 1.0000 0.5637 0.0202
v 0.076547 0.185136 -0.165392 1.0000 0.5637 0.0202
v 0.095896 0.133547 -0.150043 1.0000 0.5637 0.0202
v 0.076917 0.121943 -0.162230 1.0000 0.5637 0.0202
v 0.015539 0.250470 -0.159202 1.0000 0.5637 0.0202
v 0.016599 0.254880 -0.159523 1.0000 0.5637 0.0202
v 0.012187 0.189443 -0.181658 1.0000 0.5637 0.0202
v 0.004743 0.196514 -0.171170 1.0000 0.5637 0.0202
v 0.031385 0.216547 -0.165404 1.0000 0.5637 0.0202
v 0.035975 0.218569 -0.164561 1.0000 0.5637 0.0202
v 0.041902 0.211420 -0.172740 1.0000 0.5637 0.0202
v 0.040051 0.214425 -0.172850 1.0000 0.5637 0.0202
v 0.037554 0.210787 -0.174784 1.0000 0.5637 0.0202
v 0.065784 0.188126 -0.166667 1.0000 0.5637 0.0202
v 0.100930 0.194284 -0.153013 1.0000 0.5637 0.0202
v 0.103882 0.196743 -0.152646 1.0000 0.5637 0.0202
v 0.125511 0.166626 0.148355 1.0000 0.5637 0.0202
v 0.152795 0.147435 0.090727 1.0000 0.5637 0.0202
v 0.147045 0.152433 0.109104 1.0000 0.5637 0.0202
v 0.133578 0.136650 0.111685 1.0000 0.5637 0.0202
v 0.152125 0.140381 0.086349 1.0000 0.5637 0.0202
v 0.142409 0.155082 0.116740 1.0000 0.5637 0.0202
v 0.166083 0.148714 0.069449 1.0000 0.5637 0.0202
v 0.165206 0.153638 0.075607 1.0000 0.5637 0.0202
v 0.158970 0.160978 0.086399 1.0000 0.5637 0.0202
v 0.158539 0.160687 0.096585 1.0000 0.5637 0.0202
v 0.156419 0.156514 0.101125 1.0000 0.5637 0.0202
v 0.162158 0.168195 0.107155 1.0000 0.5637 0.0202
v 0.182368 0.158801 0.015489 1.0000 0.5637 0.0202
v 0.183152 0.163110 0.027494 1.0000 0.5637 0.0202
v 0.175763 0.151630 0.048029 1.0000 0.5637 0.0202
v 0.173407 0.146504 0.025474 1.0000 0.5637 0.0202
v 0.174503 0.144307 -0.006646 1.0000 0.5637 0.0202
v 0.177079 0.149935 -0.006816 1.0000 0.5637 0.0202
v 0.183597 0.156973 -0.004869 1.0000 0.5637 0.0202
v 0.181146 0.156231 0.046972 1.0000 0.5637 0.0202
v 0.186468 0.168571 0.059951 1.0000 0.5637 0.0202
v 0.137777 0.260304 0.042270 1.0000 0.5637 0.0202
v 0.129565 0.272040 0.039142 1.0000 0.5637 0.0202
v 0.133218 0.275793 0.045927 1.0000 0.5637 0.0202
v 0.138830 0.272827 0.047584 1.0000 0.5637 0.0202
v 0.138274 0.226543 0.114898 1.0000 0.5637 0.0202
v 0.139726 0.232857 0.112236 1.0000 0.5637 0.0202
v 0.169867 0.233633 0.049787 1.0000 0.5637 0.0202
v 0.161766 0.232945 0.041980 1.0000 0.5637 0.0202
v 0.169350 0.217525 0.031709 1.0000 0.5637 0.0202
v 0.168959 0.203299 0.038627 1.0000 0.5637 0.0202
v 0.171523 0.203766 0.006389 1.0000 0.5637 0.0202
v 0.170538 0.221253 0.020003 1.0000 0.5637 0.0202
v 0.169927 0.224819 0.024256 1.0000 0.5637 0.0202
v 0.171850 0.247512 0.011642 1.0000 0.5637 0.0202
v 0.170361 0.228614 0.060660 1.0000 0.5637 0.0202
v 0.172852 0.223517 0.060574 1.0000 0.5637 0.0202
v 0.176862 0.229746 0.055082 1.0000 0.5637 0.0202
v 0.171197 0.211504 0.042849 1.0000 0.5637 0.0202
v 0.178046 0.224243 0.050759 1.0000 0.5637 0.0202
v 0.194839 0.182827 0.013668 1.0000 0.5637 0.0202
v 0.181672 0.191665 0.011578 1.0000 0.5637 0.0202
v 0.181578 0.191134 0.018236 1.0000 0.5637 0.0202
v 0.154706 0.158865 -0.117271 1.0000 0.5637 0.0202
v 0.150377 0.158771 -0.124024 1.0000 0.5637 0.0202
v 0.155045 0.161735 -0.122472 1.0000 0.5637 0.0202
v 0.152813 0.170480 -0.122311 1.0000 0.5637 0.0202
v 0.145185 0.176760 -0.118142 1.0000 0.5637 0.0202
v 0.156841 0.164354 -0.118070 1.0000 0.5637 0.0202
v 0.154630 0.161976 -0.106355 1.0000 0.5637 0.0202
v 0.156304 0.152483 -0.092496 1.0000 0.5637 0.0202
v 0.166084 0.155336 -0.083675 1.0000 0.5637 0.0202
v 0.169360 0.154125 -0.076854 1.0000 0.5637 0.0202
v 0.168221 0.150452 -0.065881 1.0000 0.5637 0.0202
v 0.163770 0.142411 -0.063820 1.0000 0.5637 0.0202
v 0.152187 0.139817 -0.085819 1.0000 0.5637 0.0202
v 0.174440 0.151640 -0.048622 1.0000 0.5637 0.0202
v 0.170991 0.140206 -0.035543 1.0000 0.5637 0.0202
v 0.182150 0.152298 -0.025914 1.0000 0.5637 0.0202
v 0.182436 0.153865 -0.036546 1.0000 0.5637 0.0202
v 0.194235 0.160445 -0.026970 1.0000 0.5637 0.0202
v 0.197586 0.165387 -0.025194 1.0000 0.5637 0.0202
v 0.189839 0.161726 -0.014291 1.0000 0.5637 0.0202
v 0.143142 0.244295 -0.037276 1.0000 0.5637 0.0202
v 0.142836 0.262185 -0.019688 1.0000 0.5637 0.0202
v 0.143203 0.252286 -0.025100 1.0000 0.5637 0.0202
v 0.155597 0.185929 -0.086932 1.0000 0.5637 0.0202
v 0.158867 0.185960 -0.081988 1.0000 0.5637 0.0202
v 0.173441 0.172357 -0.082653 1.0000 0.5637 0.0202
v 0.167166 0.166820 -0.085858 1.0000 0.5637 0.0202
v 0.180414 0.172113 -0.078533 1.0000 0.5637 0.0202
v 0.158849 0.169655 -0.090472 1.0000 0.5637 0.0202
v 0.163129 0.230860 -0.078671 1.0000 0.5637 0.0202
v 0.159729 0.224108 -0.082108 1.0000 0.5637 0.0202
v 0.160909 0.215443 -0.068866 1.0000 0.5637 0.0202
v 0.159201 0.213759 -0.077094 1.0000 0.5637 0.0202
v 0.196567 0.169291 -0.027208 1.0000 0.5637 0.0202
v 0.049041 0.309158 0.101307 1.0000 0.5637 0.0202
v -0.087604 0.302089 -0.045567 1.0000 0.5637 0.0202
v -0.085147 0.309789 -0.044343 1.0000 0.5637 0.0202
v -0.085473 0.303574 -0.049427 1.0000 0.5637 0.0202
v -0.035092 0.099534 -0.170584 1.0000 0.5637 0.0202
v -0.019140 0.094533 -0.169750 1.0000 0.5637 0.0202
v -0.028839 0.086487 -0.158903 1.0000 0.5637 0.0202
v -0.054360 0.087232 -0.150691 1.0000 0.5637 0.0202
v -0.059473 0.097922 -0.159814 1.0000 0.5637 0.0202
v -0.047557 0.103861 -0.170044 1.0000 0.5637 0.0202
v 0.035592 0.322891 0.045735 1.0000 0.5637 0.0202
v 0.032036 0.325292 0.046656 1.0000 0.5637 0.0202
v 0.040527 0.325599 -0.034349 1.0000 0.5637 0.0202
v 0.038134 0.327889 -0.035394 1.0000 0.5637 0.0202
v 0.032498 0.327466 -0.031682 1.0000 0.5637 0.0202
v 0.037093 0.326781 -0.030657 1.0000 0.5637 0.0202
v 0.035574 0.328815 -0.033624 1.0000 0.5637 0.0202
v 0.029183 0.320763 -0.025159 1.0000 0.5637 0.0202
v 0.024964 0.318785 -0.020915 1.0000 0.5637 0.0202
v 0.039803 0.315880 -0.021601 1.0000 0.5637 0.0202
v -0.046418 0.305088 -0.071043 1.0000 0.5637 0.0202
v -0.055370 0.298757 -0.069814 1.0000 0.5637 0.0202
v -0.053668 0.302660 -0.056430 1.0000 0.5637 0.0202
v -0.043173 0.305031 -0.055345 1.0000 0.5637 0.0202
v -0.134372 0.254208 -0.045506 1.0000 0.5637 0.0202
v -0.133086 0.270819 -0.045717 1.0000 0.5637 0.0202
v -0.065155 0.317513 -0.013203 1.0000 0.5637 0.0202
v -0.061644 0.327067 -0.002616 1.0000 0.5637 0.0202
v -0.023271 0.325109 0.037528 1.0000 0.5637 0.0202
v -0.027699 0.326164 0.039598 1.0000 0.5637 0.0202
v -0.052753 0.280126 0.133034 1.0000 0.5637 0.0202
v -0.061384 0.277126 0.139008 1.0000 0.5637 0.0202
v -0.057442 0.279484 0.138605 1.0000 0.5637 0.0202
v -0.054178 0.273690 0.139585 1.0000 0.5637 0.0202
v -0.046756 0.264818 0.137148 1.0000 0.5637 0.0202
v -0.062279 0.260820 0.135863 1.0000 0.5637 0.0202
v -0.059874 0.249773 0.135946 1.0000 0.5637 0.0202
v -0.049608 0.245509 0.138395 1.0000 0.5637 0.0202
v -0.044000 0.254855 0.137321 1.0000 0.5637 0.0202
v -0.067722 0.252698 0.132383 1.0000 0.5637 0.0202
v -0.038015 0.261681 0.134864 1.0000 0.5637 0.0202
v -0.006749 0.279534 0.139523 1.0000 0.5637 0.0202
v -0.010617 0.285437 0.138234 1.0000 0.5637 0.0202
v -0.015721 0.298978 0.094939 1.0000 0.5637 0.0202
v 0.034009 0.323152 0.039531 1.0000 0.5637 0.0202
v 0.040973 0.314180 0.035999 1.0000 0.5637 0.0202
v 0.029706 0.324133 0.038830 1.0000 0.5637 0.0202
v 0.045348 0.309537 0.032737 1.0000 0.5637 0.0202
v 0.096656 0.307506 -0.026848 1.0000 0.5637 0.0202
v 0.095844 0.311553 -0.031051 1.0000 0.5637 0.0202
v 0.122186 0.292057 0.005340 1.0000 0.5637 0.0202
v 0.105362 0.277701 -0.024711 1.0000 0.5637 0.0202
v 0.103181 0.283187 -0.017148 1.0000 0.5637 0.0202
v 0.105951 0.285931 -0.008263 1.0000 0.5637 0.0202
v 0.128639 0.276304 -0.020959 1.0000 0.5637 0.0202
v 0.004507 0.313080 -0.077588 1.0000 0.5637 0.0202
v -0.037504 0.283108 -0.121239 1.0000 0.5637 0.0202
v -0.039965 0.283101 -0.114093 1.0000 0.5637 0.0202
v -0.026946 0.279654 -0.119582 1.0000 0.5637 0.0202
v -0.044521 0.283062 -0.135864 1.0000 0.5637 0.0202
v -0.043980 0.277693 -0.138890 1.0000 0.5637 0.0202
v -0.040151 0.280011 -0.138431 1.0000 0.5637 0.0202
v -0.128220 0.217435 -0.141184 1.0000 0.5637 0.0202
v -0.121890 0.215398 -0.143782 1.0000 0.5637 0.0202
v -0.122565 0.211038 -0.144277 1.0000 0.5637 0.0202
v -0.115660 0.223346 -0.129523 1.0000 0.5637 0.0202
v -0.125832 0.220449 -0.138860 1.0000 0.5637 0.0202
v -0.127918 0.219992 -0.137030 1.0000 0.5637 0.0202
v -0.111114 0.228216 -0.121221 1.0000 0.5637 0.0202
v -0.108448 0.225047 -0.126303 1.0000 0.5637 0.0202
v -0.123978 0.220978 -0.124995 1.0000 0.5637 0.0202
v -0.124105 0.220841 -0.117880 1.0000 0.5637 0.0202
v -0.117541 0.227046 -0.117534 1.0000 0.5637 0.0202
v -0.105185 0.231358 -0.121661 1.0000 0.5637 0.0202
v -0.113059 0.253419 -0.079635 1.0000 0.5637 0.0202
v -0.115676 0.261334 -0.068883 1.0000 0.5637 0.0202
v -0.104907 0.268822 -0.079861 1.0000 0.5637 0.0202
v -0.136430 0.262512 0.018096 1.0000 0.5637 0.0202
v -0.139643 0.271389 0.025516 1.0000 0.5637 0.0202
v -0.136904 0.278191 0.025601 1.0000 0.5637 0.0202
v -0.126182 0.276616 0.017885 1.0000 0.5637 0.0202
v -0.121539 0.277081 0.013790 1.0000 0.5637 0.0202
v -0.111078 0.270844 0.054041 1.0000 0.5637 0.0202
v -0.106900 0.270977 0.061473 1.0000 0.5637 0.0202
v -0.092904 0.282451 0.069560 1.0000 0.5637 0.0202
v -0.084412 0.282178 0.080716 1.0000 0.5637 0.0202
v -0.048222 0.310828 0.093684 1.0000 0.5637 0.0202
v -0.053089 0.312109 0.098688 1.0000 0.5637 0.0202
v -0.055558 0.289902 0.104984 1.0000 0.5637 0.0202
v -0.061069 0.305225 0.098686 1.0000 0.5637 0.0202
v -0.067817 0.284216 0.092144 1.0000 0.5637 0.0202
v -0.056812 0.312640 0.098511 1.0000 0.5637 0.0202
v -0.055039 0.312359 0.090116 1.0000 0.5637 0.0202
v -0.049889 0.312025 0.090542 1.0000 0.5637 0.0202
v -0.058413 0.309352 0.100495 1.0000 0.5637 0.0202
v -0.054905 0.307908 0.101853 1.0000 0.5637 0.0202
v -0.065752 0.261785 0.131620 1.0000 0.5637 0.0202
v -0.063827 0.272113 0.135759 1.0000 0.5637 0.0202
v -0.078773 0.250430 0.129476 1.0000 0.5637 0.0202
v -0.086770 0.250983 0.132455 1.0000 0.5637 0.0202
v -0.087981 0.247588 0.135547 1.0000 0.5637 0.0202
v -0.086315 0.236666 0.135969 1.0000 0.5637 0.0202
v -0.075210 0.229821 0.139019 1.0000 0.5637 0.0202
v -0.097844 0.245128 0.137029 1.0000 0.5637 0.0202
v -0.128488 0.212608 0.134647 1.0000 0.5637 0.0202
v -0.129980 0.193798 0.124290 1.0000 0.5637 0.0202
v -0.114609 0.190552 0.132873 1.0000 0.5637 0.0202
v -0.127652 0.179949 0.128262 1.0000 0.5637 0.0202
v -0.124608 0.173785 0.131978 1.0000 0.5637 0.0202
v -0.164115 0.218652 0.048494 1.0000 0.5637 0.0202
v -0.174908 0.225504 0.036084 1.0000 0.5637 0.0202
v -0.162810 0.207438 0.053672 1.0000 0.5637 0.0202
v -0.170086 0.208700 0.034533 1.0000 0.5637 0.0202
v -0.192235 0.170466 0.032456 1.0000 0.5637 0.0202
v -0.192491 0.175540 0.032135 1.0000 0.5637 0.0202
v -0.194340 0.173272 0.028337 1.0000 0.5637 0.0202
v -0.107767 0.090539 -0.096973 1.0000 0.5637 0.0202
v -0.077843 0.076694 -0.063133 1.0000 0.5637 0.0202
v -0.160511 0.169879 0.092465 1.0000 0.5637 0.0202
v -0.160413 0.164121 0.085073 1.0000 0.5637 0.0202
v -0.176081 0.171925 0.051478 1.0000 0.5637 0.0202
v -0.169210 0.170162 0.071675 1.0000 0.5637 0.0202
v -0.171407 0.176090 0.066286 1.0000 0.5637 0.0202
v 0.047519 0.252732 0.140848 1.0000 0.5637 0.0202
v 0.034227 0.246499 0.144182 1.0000 0.5637 0.0202
v 0.021110 0.248389 0.144079 1.0000 0.5637 0.0202
v 0.021454 0.268530 0.140624 1.0000 0.5637 0.0202
v 0.068421 0.288790 0.079819 1.0000 0.5637 0.0202
v 0.069541 0.284658 0.085442 1.0000 0.5637 0.0202
v 0.062661 0.292930 0.076123 1.0000 0.5637 0.0202
v 0.074455 0.289244 0.068222 1.0000 0.5637 0.0202
v -0.000536 0.316340 0.102330 1.0000 0.5637 0.0202
v -0.004703 0.312312 0.103316 1.0000 0.5637 0.0202
v 0.082187 0.302775 0.032735 1.0000 0.5637 0.0202
v 0.090292 0.307702 0.042394 1.0000 0.5637 0.0202
v 0.078735 0.302671 0.025429 1.0000 0.5637 0.0202
v 0.092546 0.305967 0.043717 1.0000 0.5637 0.0202
v 0.093852 0.291632 0.035383 1.0000 0.5637 0.0202
v 0.089394 0.310901 0.045381 1.0000 0.5637 0.0202
v 0.122142 0.250029 0.073200 1.0000 0.5637 0.0202
v 0.115527 0.258256 0.071432 1.0000 0.5637 0.0202
v 0.135716 0.276084 0.049785 1.0000 0.5637 0.0202
v 0.139207 0.272981 0.050914 1.0000 0.5637 0.0202
v 0.141372 0.271321 -0.019829 1.0000 0.5637 0.0202
v 0.121867 0.276293 -0.070847 1.0000 0.5637 0.0202
v 0.122656 0.279085 -0.075735 1.0000 0.5637 0.0202
v 0.118060 0.280391 -0.073115 1.0000 0.5637 0.0202
v 0.100809 0.277687 -0.064378 1.0000 0.5637 0.0202
v 0.098582 0.276040 -0.072074 1.0000 0.5637 0.0202
v 0.091255 0.275372 -0.073954 1.0000 0.5637 0.0202
v 0.093765 0.286986 -0.050797 1.0000 0.5637 0.0202
v 0.075060 0.309410 -0.081367 1.0000 0.5637 0.0202
v 0.075584 0.308329 -0.077252 1.0000 0.5637 0.0202
v 0.012025 0.235675 -0.156515 1.0000 0.5637 0.0202
v 0.004802 0.249235 -0.152928 1.0000 0.5637 0.0202
v 0.058930 0.245816 -0.142361 1.0000 0.5637 0.0202
v 0.052204 0.253103 -0.145572 1.0000 0.5637 0.0202
v 0.098308 0.260823 -0.122532 1.0000 0.5637 0.0202
v 0.086704 0.260522 -0.115624 1.0000 0.5637 0.0202
v 0.157855 0.236103 -0.073616 1.0000 0.5637 0.0202
v 0.163279 0.233285 -0.075405 1.0000 0.5637 0.0202
v 0.161754 0.222539 -0.079851 1.0000 0.5637 0.0202
v 0.154251 0.206308 -0.082680 1.0000 0.5637 0.0202
v 0.154817 0.165996 -0.097344 1.0000 0.5637 0.0202
v 0.155545 0.156862 -0.095903 1.0000 0.5637 0.0202
v 0.147584 0.170324 -0.124689 1.0000 0.5637 0.0202
v 0.130657 0.178269 -0.124333 1.0000 0.5637 0.0202
v 0.136339 0.180070 -0.120077 1.0000 0.5637 0.0202
v 0.133244 0.163318 -0.126863 1.0000 0.5637 0.0202
v 0.128636 0.170210 -0.127583 1.0000 0.5637 0.0202
v 0.153601 0.165379 -0.125323 1.0000 0.5637 0.0202
v 0.003768 0.102198 -0.177753 1.0000 0.5637 0.0202
v -0.010604 0.108525 -0.181463 1.0000 0.5637 0.0202
v -0.050383 0.066923 0.048114 1.0000 0.5637 0.0202
v -0.077808 0.075086 0.068519 1.0000 0.5637 0.0202
v -0.096866 0.080409 0.049865 1.0000 0.5637 0.0202
v -0.071907 0.071827 0.021804 1.0000 0.5637 0.0202
v 0.075677 0.206015 0.149373 1.0000 0.5637 0.0202
v 0.086184 0.221161 0.141787 1.0000 0.5637 0.0202
v 0.080709 0.227250 0.140434 1.0000 0.5637 0.0202
v 0.075717 0.224136 0.144544 1.0000 0.5637 0.0202
v 0.063348 0.223486 0.148351 1.0000 0.5637 0.0202
v 0.093263 0.220619 0.144165 1.0000 0.5637 0.0202
v 0.140791 0.224195 0.113203 1.0000 0.5637 0.0202
v 0.143110 0.223835 0.110032 1.0000 0.5637 0.0202
v 0.142027 0.231428 0.110892 1.0000 0.5637 0.0202
v 0.142873 0.272850 -0.032682 1.0000 0.5637 0.0202
v 0.140329 0.275375 -0.032939 1.0000 0.5637 0.0202
v 0.142699 0.277455 -0.027948 1.0000 0.5637 0.0202
v 0.156757 0.228473 -0.060832 1.0000 0.5637 0.0202
v 0.152276 0.234259 -0.061498 1.0000 0.5637 0.0202
v 0.159990 0.223019 -0.061822 1.0000 0.5637 0.0202
v 0.160693 0.207778 -0.062315 1.0000 0.5637 0.0202
v 0.164893 0.228065 -0.072919 1.0000 0.5637 0.0202
v 0.164016 0.230185 -0.071112 1.0000 0.5637 0.0202
v 0.175362 0.152025 0.059277 1.0000 0.5637 0.0202
v 0.151855 0.130139 0.083675 1.0000 0.5637 0.0202
v 0.164529 0.135286 0.054575 1.0000 0.5637 0.0202
v 0.153750 0.158386 0.113751 1.0000 0.5637 0.0202
v 0.160123 0.161784 0.110576 1.0000 0.5637 0.0202
v 0.129893 0.161539 0.125745 1.0000 0.5637 0.0202
v 0.116999 0.088615 -0.071141 1.0000 0.5637 0.0202
v 0.087846 0.077853 -0.067272 1.0000 0.5637 0.0202
v 0.072100 0.074554 -0.079887 1.0000 0.5637 0.0202
v 0.081230 0.076746 0.046293 1.0000 0.5637 0.0202
v 0.057533 0.071913 0.071882 1.0000 0.5637 0.0202
v 0.039815 0.065130 0.034899 1.0000 0.5637 0.0202
v 0.106533 0.222496 0.147385 1.0000 0.5637 0.0202
v 0.095744 0.225312 0.136885 1.0000 0.5637 0.0202
v 0.103927 0.208838 0.150006 1.0000 0.5637 0.0202
v 0.103643 0.215001 0.151508 1.0000 0.5637 0.0202
v 0.135082 0.232421 0.088526 1.0000 0.5637 0.0202
v 0.142431 0.230975 0.103125 1.0000 0.5637 0.0202
v 0.162072 0.232733 0.060669 1.0000 0.5637 0.0202
v 0.141165 0.230055 0.072447 1.0000 0.5637 0.0202
v 0.146801 0.220565 0.075339 1.0000 0.5637 0.0202
v 0.149962 0.225658 0.070678 1.0000 0.5637 0.0202
v 0.176578 0.229295 0.048637 1.0000 0.5637 0.0202
v 0.177874 0.226856 0.049215 1.0000 0.5637 0.0202
v 0.172682 0.219071 0.042099 1.0000 0.5637 0.0202
v 0.165696 0.229882 0.040159 1.0000 0.5637 0.0202
v 0.174229 0.231873 0.049158 1.0000 0.5637 0.0202
v 0.185970 0.160803 0.047875 1.0000 0.5637 0.0202
v 0.189564 0.165934 0.051610 1.0000 0.5637 0.0202
v 0.188636 0.164030 0.056630 1.0000 0.5637 0.0202
v 0.181720 0.157467 0.060257 1.0000 0.5637 0.0202
v 0.168452 0.206253 0.056701 1.0000 0.5637 0.0202
v 0.166415 0.198197 0.056535 1.0000 0.5637 0.0202
v 0.157937 0.210385 0.072354 1.0000 0.5637 0.0202
v 0.159447 0.202314 0.072908 1.0000 0.5637 0.0202
v 0.173296 0.228064 -0.013073 1.0000 0.5637 0.0202
v 0.171154 0.233448 -0.017315 1.0000 0.5637 0.0202
v 0.182481 0.222822 -0.024250 1.0000 0.5637 0.0202
v 0.183115 0.227608 -0.022227 1.0000 0.5637 0.0202
v 0.165256 0.217352 -0.045931 1.0000 0.5637 0.0202
v 0.187224 0.163303 -0.002400 1.0000 0.5637 0.0202
v 0.195164 0.170556 -0.022392 1.0000 0.5637 0.0202
v 0.190069 0.168883 -0.014169 1.0000 0.5637 0.0202
v 0.181907 0.157678 -0.041268 1.0000 0.5637 0.0202
v 0.180073 0.173663 -0.043025 1.0000 0.5637 0.0202
v 0.194185 0.165664 -0.031612 1.0000 0.5637 0.0202
v 0.175415 0.160126 -0.060007 1.0000 0.5637 0.0202
v 0.175146 0.155900 -0.050883 1.0000 0.5637 0.0202
v 0.181549 0.163504 -0.069714 1.0000 0.5637 0.0202
v 0.178563 0.168347 -0.080807 1.0000 0.5637 0.0202
v 0.110647 0.274929 -0.085191 1.0000 0.5637 0.0202
v 0.109287 0.265543 -0.090832 1.0000 0.5637 0.0202
v 0.102536 0.262065 -0.095477 1.0000 0.5637 0.0202
v 0.097110 0.272126 -0.083393 1.0000 0.5637 0.0202
v 0.088790 0.269255 -0.091143 1.0000 0.5637 0.0202
v 0.121943 0.248566 -0.085037 1.0000 0.5637 0.0202
v -0.167334 0.143815 -0.051720 1.0000 0.5637 0.0202
v -0.173653 0.149111 -0.024062 1.0000 0.5637 0.0202
v -0.157601 0.147515 -0.078428 1.0000 0.5637 0.0202
v -0.170978 0.159514 -0.065308 1.0000 0.5637 0.0202
v -0.164722 0.175314 -0.080007 1.0000 0.5637 0.0202
v -0.166013 0.177731 -0.087014 1.0000 0.5637 0.0202
v -0.170418 0.165645 -0.069621 1.0000 0.5637 0.0202
v -0.138599 0.153596 -0.127814 1.0000 0.5637 0.0202
v -0.132610 0.149691 -0.134155 1.0000 0.5637 0.0202
v -0.127261 0.138217 -0.120862 1.0000 0.5637 0.0202
v -0.142311 0.142713 -0.100764 1.0000 0.5637 0.0202
v -0.120621 0.158752 -0.145346 1.0000 0.5637 0.0202
v -0.077639 0.160658 -0.164905 1.0000 0.5637 0.0202
v -0.067634 0.150910 -0.167392 1.0000 0.5637 0.0202
v -0.117261 0.185589 -0.135961 1.0000 0.5637 0.0202
v -0.121992 0.192890 -0.133609 1.0000 0.5637 0.0202
v -0.107025 0.197176 -0.142365 1.0000 0.5637 0.0202
v -0.103780 0.188648 -0.143047 1.0000 0.5637 0.0202
v -0.135526 0.179593 -0.122632 1.0000 0.5637 0.0202
v -0.141228 0.163272 -0.143808 1.0000 0.5637 0.0202
v -0.142358 0.159176 -0.142371 1.0000 0.5637 0.0202
v -0.141141 0.166574 -0.125712 1.0000 0.5637 0.0202
v -0.142750 0.169193 -0.115993 1.0000 0.5637 0.0202
v -0.142340 0.175502 -0.116289 1.0000 0.5637 0.0202
v -0.137463 0.184420 -0.116877 1.0000 0.5637 0.0202
v -0.163801 0.187920 -0.103978 1.0000 0.5637 0.0202
v -0.146557 0.194209 -0.106203 1.0000 0.5637 0.0202
v -0.137689 0.196511 -0.113274 1.0000 0.5637 0.0202
v -0.135151 0.192414 -0.118023 1.0000 0.5637 0.0202
v -0.149107 0.179315 -0.110231 1.0000 0.5637 0.0202
v -0.169971 0.234221 -0.048299 1.0000 0.5637 0.0202
v -0.173247 0.238001 0.026657 1.0000 0.5637 0.0202
v -0.169070 0.253501 -0.010253 1.0000 0.5637 0.0202
v -0.134512 0.281413 0.032230 1.0000 0.5637 0.0202
v -0.130801 0.282441 0.028627 1.0000 0.5637 0.0202
v -0.121971 0.279645 0.021365 1.0000 0.5637 0.0202
v -0.170753 0.232713 -0.051816 1.0000 0.5637 0.0202
v -0.186164 0.177028 -0.042659 1.0000 0.5637 0.0202
v -0.189826 0.171822 -0.052400 1.0000 0.5637 0.0202
v 0.142901 0.220846 -0.121811 1.0000 0.5637 0.0202
v 0.064672 0.311221 -0.079545 1.0000 0.5637 0.0202
v 0.069677 0.311615 -0.083229 1.0000 0.5637 0.0202
v 0.071942 0.312238 -0.081264 1.0000 0.5637 0.0202
v 0.071900 0.305191 -0.087565 1.0000 0.5637 0.0202
v 0.066537 0.306424 -0.087858 1.0000 0.5637 0.0202
v 0.007535 0.289616 -0.132844 1.0000 0.5637 0.0202
v 0.057591 0.230133 -0.149700 1.0000 0.5637 0.0202
v -0.009896 0.224532 -0.161275 1.0000 0.5637 0.0202
v -0.003538 0.213885 -0.167214 1.0000 0.5637 0.0202
v -0.009786 0.219019 -0.166719 1.0000 0.5637 0.0202
v 0.011161 0.224843 -0.157947 1.0000 0.5637 0.0202
v 0.016210 0.207860 -0.165663 1.0000 0.5637 0.0202
v 0.007612 0.209128 -0.165720 1.0000 0.5637 0.0202
v -0.040979 0.144514 -0.176226 1.0000 0.5637 0.0202
v -0.043545 0.147876 -0.175706 1.0000 0.5637 0.0202
v -0.031936 0.171514 -0.175912 1.0000 0.5637 0.0202
v -0.042927 0.163160 -0.174219 1.0000 0.5637 0.0202
v -0.037515 0.176710 -0.177940 1.0000 0.5637 0.0202
v -0.044802 0.178488 -0.181389 1.0000 0.5637 0.0202
v -0.047960 0.181680 -0.181890 1.0000 0.5637 0.0202
v -0.044995 0.182194 -0.182448 1.0000 0.5637 0.0202
v 0.031103 0.151574 -0.184501 1.0000 0.5637 0.0202
v 0.045348 0.216163 -0.161281 1.0000 0.5637 0.0202
v 0.036044 0.223545 -0.158640 1.0000 0.5637 0.0202
v 0.028166 0.205977 -0.169272 1.0000 0.5637 0.0202
v 0.022385 0.209045 -0.166211 1.0000 0.5637 0.0202
v 0.023984 0.217879 -0.161409 1.0000 0.5637 0.0202
v 0.040109 0.210936 -0.174465 1.0000 0.5637 0.0202
v 0.013081 0.202488 -0.167598 1.0000 0.5637 0.0202
v -0.034325 0.247100 -0.148100 1.0000 0.5637 0.0202
v -0.023131 0.255330 -0.157852 1.0000 0.5637 0.0202
v -0.027448 0.257843 -0.143348 1.0000 0.5637 0.0202
v -0.012034 0.282897 0.140791 1.0000 0.5637 0.0202
v -0.017113 0.276700 0.140958 1.0000 0.5637 0.0202
v -0.008775 0.275174 0.141484 1.0000 0.5637 0.0202
v -0.021366 0.268263 0.138744 1.0000 0.5637 0.0202
v -0.024289 0.270401 0.134816 1.0000 0.5637 0.0202
v -0.034759 0.246322 0.140636 1.0000 0.5637 0.0202
v -0.019557 0.250637 0.141578 1.0000 0.5637 0.0202
v -0.125663 0.223006 0.109697 1.0000 0.5637 0.0202
v -0.131308 0.216130 0.110214 1.0000 0.5637 0.0202
v -0.116154 0.227463 0.114151 1.0000 0.5637 0.0202
v -0.096218 0.252370 0.137131 1.0000 0.5637 0.0202
v -0.086877 0.255432 0.125371 1.0000 0.5637 0.0202
v -0.096565 0.255142 0.134171 1.0000 0.5637 0.0202
v -0.142107 0.244323 -0.100375 1.0000 0.5637 0.0202
v -0.087803 0.252674 -0.141941 1.0000 0.5637 0.0202
v 0.030548 0.326011 0.044616 1.0000 0.5637 0.0202
v -0.001678 0.111374 -0.184536 1.0000 0.5637 0.0202
v 0.009273 0.109119 -0.180319 1.0000 0.5637 0.0202
v 0.002767 0.091430 -0.169579 1.0000 0.5637 0.0202
v -0.001464 0.082917 -0.159120 1.0000 0.5637 0.0202
v 0.024879 0.076179 -0.138142 1.0000 0.5637 0.0202
v -0.009231 0.077696 -0.144702 1.0000 0.5637 0.0202
v -0.002517 0.069194 -0.109633 1.0000 0.5637 0.0202
v -0.022881 0.071195 -0.111749 1.0000 0.5637 0.0202
v -0.048710 0.079786 -0.134415 1.0000 0.5637 0.0202
v -0.073924 0.078686 -0.093229 1.0000 0.5637 0.0202
v -0.085482 0.085782 -0.116719 1.0000 0.5637 0.0202
v -0.078600 0.089685 -0.137378 1.0000 0.5637 0.0202
v -0.083607 0.098734 -0.145032 1.0000 0.5637 0.0202
v -0.100455 0.093100 -0.122534 1.0000 0.5637 0.0202
v -0.105719 0.101901 -0.130279 1.0000 0.5637 0.0202
v -0.107663 0.113498 -0.134901 1.0000 0.5637 0.0202
v -0.086838 0.109794 -0.148084 1.0000 0.5637 0.0202
v -0.117952 0.097168 -0.105923 1.0000 0.5637 0.0202
v -0.123622 0.106001 -0.112954 1.0000 0.5637 0.0202
v -0.125702 0.117512 -0.117667 1.0000 0.5637 0.0202
v -0.138820 0.109393 -0.093089 1.0000 0.5637 0.0202
v -0.142018 0.120694 -0.096545 1.0000 0.5637 0.0202
v -0.155620 0.124457 -0.074655 1.0000 0.5637 0.0202
v -0.151881 0.112968 -0.071428 1.0000 0.5637 0.0202
v -0.160763 0.117044 -0.048172 1.0000 0.5637 0.0202
v -0.164996 0.130549 -0.049868 1.0000 0.5637 0.0202
v -0.167008 0.119638 -0.024394 1.0000 0.5637 0.0202
v -0.171452 0.134626 -0.024354 1.0000 0.5637 0.0202
v -0.168878 0.120307 -0.000377 1.0000 0.5637 0.0202
v -0.173221 0.135996 0.001930 1.0000 0.5637 0.0202
v -0.175704 0.151222 0.004389 1.0000 0.5637 0.0202
v -0.166393 0.118529 0.024063 1.0000 0.5637 0.0202
v -0.158824 0.107886 0.004797 1.0000 0.5637 0.0202
v -0.151262 0.103497 0.043180 1.0000 0.5637 0.0202
v -0.160535 0.113507 0.048370 1.0000 0.5637 0.0202
v -0.145007 0.100004 -0.015106 1.0000 0.5637 0.0202
v -0.155993 0.107556 -0.031117 1.0000 0.5637 0.0202
v -0.125417 0.091292 -0.014998 1.0000 0.5637 0.0202
v -0.106341 0.085267 -0.048608 1.0000 0.5637 0.0202
v -0.127706 0.095735 -0.071824 1.0000 0.5637 0.0202
v -0.140279 0.102696 -0.074598 1.0000 0.5637 0.0202
v -0.052426 0.069360 -0.057549 1.0000 0.5637 0.0202
v -0.084281 0.076095 -0.017626 1.0000 0.5637 0.0202
v -0.068146 0.071030 -0.014657 1.0000 0.5637 0.0202
v -0.110209 0.084531 0.025352 1.0000 0.5637 0.0202
v -0.135980 0.095471 0.044574 1.0000 0.5637 0.0202
v -0.133495 0.096733 0.079030 1.0000 0.5637 0.0202
v -0.116012 0.088828 0.076592 1.0000 0.5637 0.0202
v -0.134212 0.101629 0.093794 1.0000 0.5637 0.0202
v -0.149006 0.107761 0.071816 1.0000 0.5637 0.0202
v -0.138476 0.112931 0.100160 1.0000 0.5637 0.0202
v -0.151735 0.118769 0.078721 1.0000 0.5637 0.0202
v -0.118849 0.104429 0.119996 1.0000 0.5637 0.0202
v -0.119007 0.115942 0.124722 1.0000 0.5637 0.0202
v -0.095249 0.097665 0.136933 1.0000 0.5637 0.0202
v -0.095688 0.108074 0.141948 1.0000 0.5637 0.0202
v -0.092169 0.124595 0.147120 1.0000 0.5637 0.0202
v -0.069120 0.101508 0.156301 1.0000 0.5637 0.0202
v -0.066792 0.114331 0.159839 1.0000 0.5637 0.0202
v -0.084582 0.148321 0.152936 1.0000 0.5637 0.0202
v -0.072949 0.164020 0.158563 1.0000 0.5637 0.0202
v -0.107500 0.177472 0.137738 1.0000 0.5637 0.0202
v -0.063720 0.180811 0.159340 1.0000 0.5637 0.0202
v -0.084397 0.190693 0.148284 1.0000 0.5637 0.0202
v -0.057331 0.196174 0.156801 1.0000 0.5637 0.0202
v -0.074826 0.206812 0.147706 1.0000 0.5637 0.0202
v -0.065528 0.221434 0.144969 1.0000 0.5637 0.0202
v -0.052842 0.235806 0.141522 1.0000 0.5637 0.0202
v -0.037285 0.215035 0.154778 1.0000 0.5637 0.0202
v -0.012348 0.223686 0.155795 1.0000 0.5637 0.0202
v 0.002066 0.220384 0.157206 1.0000 0.5637 0.0202
v 0.047156 0.222503 0.152008 1.0000 0.5637 0.0202
v 0.019542 0.233957 0.149447 1.0000 0.5637 0.0202
v 0.055802 0.199497 0.158725 1.0000 0.5637 0.0202
v 0.033762 0.203967 0.160718 1.0000 0.5637 0.0202
v 0.036140 0.187727 0.165725 1.0000 0.5637 0.0202
v 0.045036 0.172847 0.167667 1.0000 0.5637 0.0202
v 0.065326 0.177245 0.160864 1.0000 0.5637 0.0202
v 0.049209 0.153959 0.167788 1.0000 0.5637 0.0202
v -0.000797 0.191944 0.167786 1.0000 0.5637 0.0202
v -0.005699 0.137292 0.174084 1.0000 0.5637 0.0202
v 0.022598 0.138378 0.171970 1.0000 0.5637 0.0202
v -0.027008 0.171362 0.170371 1.0000 0.5637 0.0202
v -0.030788 0.153872 0.170942 1.0000 0.5637 0.0202
v -0.034889 0.126906 0.169837 1.0000 0.5637 0.0202
v -0.007043 0.108669 0.173343 1.0000 0.5637 0.0202
v 0.022574 0.109457 0.171148 1.0000 0.5637 0.0202
v -0.038532 0.108507 0.167984 1.0000 0.5637 0.0202
v -0.039547 0.097660 0.165238 1.0000 0.5637 0.0202
v -0.008570 0.095817 0.170293 1.0000 0.5637 0.0202
v -0.009016 0.086746 0.164092 1.0000 0.5637 0.0202
v 0.022300 0.088139 0.162456 1.0000 0.5637 0.0202
v 0.023070 0.097212 0.168339 1.0000 0.5637 0.0202
v -0.039558 0.088505 0.159405 1.0000 0.5637 0.0202
v -0.038526 0.082074 0.150606 1.0000 0.5637 0.0202
v -0.009196 0.080622 0.154890 1.0000 0.5637 0.0202
v -0.068770 0.091820 0.150737 1.0000 0.5637 0.0202
v -0.066606 0.084682 0.142334 1.0000 0.5637 0.0202
v -0.062151 0.078967 0.127838 1.0000 0.5637 0.0202
v -0.037860 0.076547 0.134290 1.0000 0.5637 0.0202
v -0.092278 0.089649 0.129421 1.0000 0.5637 0.0202
v -0.085365 0.083227 0.117340 1.0000 0.5637 0.0202
v -0.115357 0.095270 0.113240 1.0000 0.5637 0.0202
v -0.106798 0.087772 0.103101 1.0000 0.5637 0.0202
v -0.050416 0.066915 -0.025472 1.0000 0.5637 0.0202
v -0.043340 0.064839 0.006074 1.0000 0.5637 0.0202
v -0.029660 0.063028 0.049025 1.0000 0.5637 0.0202
v -0.029648 0.065371 0.078074 1.0000 0.5637 0.0202
v -0.048384 0.068633 0.077386 1.0000 0.5637 0.0202
v -0.009749 0.075227 0.138203 1.0000 0.5637 0.0202
v 0.014630 0.071876 0.118494 1.0000 0.5637 0.0202
v 0.020953 0.080835 0.151653 1.0000 0.5637 0.0202
v 0.047291 0.079929 0.136226 1.0000 0.5637 0.0202
v 0.051126 0.084339 0.147776 1.0000 0.5637 0.0202
v 0.053651 0.091238 0.156680 1.0000 0.5637 0.0202
v 0.079692 0.089685 0.136050 1.0000 0.5637 0.0202
v 0.083122 0.097647 0.144046 1.0000 0.5637 0.0202
v 0.054609 0.100976 0.162498 1.0000 0.5637 0.0202
v 0.052908 0.113701 0.165530 1.0000 0.5637 0.0202
v 0.070779 0.161608 0.159909 1.0000 0.5637 0.0202
v 0.110379 0.104674 0.127218 1.0000 0.5637 0.0202
v 0.111369 0.116776 0.131918 1.0000 0.5637 0.0202
v 0.132490 0.111978 0.104995 1.0000 0.5637 0.0202
v 0.133556 0.124454 0.109026 1.0000 0.5637 0.0202
v 0.150606 0.117963 0.080077 1.0000 0.5637 0.0202
v 0.144867 0.106936 0.074708 1.0000 0.5637 0.0202
v 0.156191 0.111049 0.048016 1.0000 0.5637 0.0202
v 0.162453 0.123091 0.051847 1.0000 0.5637 0.0202
v 0.127541 0.101793 0.098717 1.0000 0.5637 0.0202
v 0.104942 0.091068 0.107065 1.0000 0.5637 0.0202
v 0.134274 0.098332 0.066737 1.0000 0.5637 0.0202
v 0.105999 0.095450 0.119807 1.0000 0.5637 0.0202
v 0.091097 0.084120 0.092712 1.0000 0.5637 0.0202
v 0.072003 0.083042 0.122338 1.0000 0.5637 0.0202
v 0.033567 0.070104 0.097539 1.0000 0.5637 0.0202
v 0.007968 0.064134 0.079352 1.0000 0.5637 0.0202
v 0.023202 0.063872 0.062285 1.0000 0.5637 0.0202
v -0.011106 0.063798 0.079361 1.0000 0.5637 0.0202
v -0.014839 0.060893 0.042210 1.0000 0.5637 0.0202
v 0.002278 0.060570 0.043523 1.0000 0.5637 0.0202
v -0.000077 0.060009 -0.010667 1.0000 0.5637 0.0202
v 0.015726 0.060990 0.015490 1.0000 0.5637 0.0202
v -0.017250 0.061576 -0.032589 1.0000 0.5637 0.0202
v -0.034139 0.064360 -0.043401 1.0000 0.5637 0.0202
v -0.038569 0.069404 -0.086575 1.0000 0.5637 0.0202
v -0.018210 0.063610 -0.066850 1.0000 0.5637 0.0202
v 0.005695 0.063188 -0.075870 1.0000 0.5637 0.0202
v -0.001465 0.061083 -0.052781 1.0000 0.5637 0.0202
v 0.015088 0.061452 -0.052244 1.0000 0.5637 0.0202
v 0.031784 0.062812 -0.025751 1.0000 0.5637 0.0202
v 0.048958 0.065774 -0.012899 1.0000 0.5637 0.0202
v 0.103943 0.084099 0.041180 1.0000 0.5637 0.0202
v 0.150205 0.103518 0.028427 1.0000 0.5637 0.0202
v 0.130170 0.092919 0.002479 1.0000 0.5637 0.0202
v 0.162624 0.112525 0.020611 1.0000 0.5637 0.0202
v 0.151254 0.102501 -0.024022 1.0000 0.5637 0.0202
v 0.163544 0.112075 -0.006544 1.0000 0.5637 0.0202
v 0.170401 0.123809 -0.006305 1.0000 0.5637 0.0202
v 0.169489 0.124784 0.022644 1.0000 0.5637 0.0202
v 0.166744 0.120800 -0.034682 1.0000 0.5637 0.0202
v 0.159227 0.116843 -0.060992 1.0000 0.5637 0.0202
v 0.161766 0.128277 -0.062635 1.0000 0.5637 0.0202
v 0.147220 0.112508 -0.083961 1.0000 0.5637 0.0202
v 0.149656 0.123592 -0.085836 1.0000 0.5637 0.0202
v 0.135752 0.118266 -0.107357 1.0000 0.5637 0.0202
v 0.117823 0.113415 -0.125765 1.0000 0.5637 0.0202
v 0.086666 0.109724 -0.151298 1.0000 0.5637 0.0202
v 0.095723 0.100280 -0.139736 1.0000 0.5637 0.0202
v 0.076932 0.100685 -0.154933 1.0000 0.5637 0.0202
v 0.069295 0.111569 -0.165388 1.0000 0.5637 0.0202
v 0.091446 0.091808 -0.135319 1.0000 0.5637 0.0202
v 0.070435 0.091998 -0.151222 1.0000 0.5637 0.0202
v 0.085945 0.085558 -0.127239 1.0000 0.5637 0.0202
v 0.065708 0.083774 -0.141216 1.0000 0.5637 0.0202
v 0.084338 0.081302 -0.108102 1.0000 0.5637 0.0202
v 0.060549 0.078664 -0.127107 1.0000 0.5637 0.0202
v 0.052181 0.072163 -0.099537 1.0000 0.5637 0.0202
v 0.035317 0.070277 -0.104520 1.0000 0.5637 0.0202
v 0.016702 0.069189 -0.108539 1.0000 0.5637 0.0202
v 0.030027 0.063681 -0.061252 1.0000 0.5637 0.0202
v 0.050913 0.067349 -0.055876 1.0000 0.5637 0.0202
v 0.064518 0.069720 -0.022988 1.0000 0.5637 0.0202
v 0.081963 0.074819 -0.006697 1.0000 0.5637 0.0202
v 0.101686 0.081471 -0.013255 1.0000 0.5637 0.0202
v 0.127584 0.091566 -0.041413 1.0000 0.5637 0.0202
v 0.140051 0.098004 -0.062426 1.0000 0.5637 0.0202
v 0.153008 0.106410 -0.058085 1.0000 0.5637 0.0202
v 0.160227 0.109728 -0.033206 1.0000 0.5637 0.0202
v 0.141695 0.102703 -0.080364 1.0000 0.5637 0.0202
v 0.119293 0.091307 -0.094461 1.0000 0.5637 0.0202
v 0.128200 0.098257 -0.100794 1.0000 0.5637 0.0202
v 0.133310 0.107396 -0.105129 1.0000 0.5637 0.0202
v 0.110997 0.094432 -0.118705 1.0000 0.5637 0.0202
v 0.115417 0.102939 -0.123406 1.0000 0.5637 0.0202
v 0.104334 0.088534 -0.111770 1.0000 0.5637 0.0202
v -0.020788 0.195550 0.165479 1.0000 0.5637 0.0202
v -0.060150 0.121163 -0.166608 1.0000 0.5637 0.0202
v -0.053957 0.111080 -0.168562 1.0000 0.5637 0.0202
v 0.026185 0.324669 0.040667 1.0000 0.5637 0.0202
v 0.025470 0.324484 0.047113 1.0000 0.5637 0.0202
v -0.093392 0.253541 -0.135972 1.0000 0.5637 0.0202
v -0.091174 0.255674 -0.131970 1.0000 0.5637 0.0202
v -0.098233 0.245380 -0.125689 1.0000 0.5637 0.0202
v -0.096101 0.249400 -0.124058 1.0000 0.5637 0.0202
v -0.099317 0.246295 -0.114290 1.0000 0.5637 0.0202
v -0.102169 0.240221 -0.118868 1.0000 0.5637 0.0202
v -0.099334 0.233433 -0.126763 1.0000 0.5637 0.0202
v -0.097475 0.238953 -0.129311 1.0000 0.5637 0.0202
v -0.142115 0.239381 -0.101996 1.0000 0.5637 0.0202
v -0.132071 0.226668 -0.107530 1.0000 0.5637 0.0202
v -0.126667 0.221777 -0.112787 1.0000 0.5637 0.0202
v -0.128372 0.215102 -0.124389 1.0000 0.5637 0.0202
v -0.132508 0.205392 -0.119179 1.0000 0.5637 0.0202
v -0.132809 0.203195 -0.123245 1.0000 0.5637 0.0202
v -0.131407 0.203386 -0.128926 1.0000 0.5637 0.0202
v -0.119136 0.180742 -0.135684 1.0000 0.5637 0.0202
v -0.122399 0.164332 -0.144992 1.0000 0.5637 0.0202
v -0.130468 0.197320 -0.126199 1.0000 0.5637 0.0202
v -0.130840 0.212727 -0.136596 1.0000 0.5637 0.0202
v -0.130251 0.216105 -0.135153 1.0000 0.5637 0.0202
v -0.142707 0.245290 -0.097636 1.0000 0.5637 0.0202
v -0.140078 0.246603 -0.093768 1.0000 0.5637 0.0202
v -0.131377 0.245321 -0.080394 1.0000 0.5637 0.0202
v -0.126828 0.247561 -0.083487 1.0000 0.5637 0.0202
v -0.121687 0.247256 -0.090749 1.0000 0.5637 0.0202
v -0.121831 0.249075 -0.079057 1.0000 0.5637 0.0202
v -0.114580 0.248597 -0.088771 1.0000 0.5637 0.0202
v -0.136075 0.240778 -0.079227 1.0000 0.5637 0.0202
v -0.140046 0.235290 -0.080399 1.0000 0.5637 0.0202
v -0.101024 0.249543 0.136340 1.0000 0.5637 0.0202
v -0.106355 0.231071 0.120996 1.0000 0.5637 0.0202
v -0.135807 0.222986 0.099120 1.0000 0.5637 0.0202
v -0.146679 0.231469 0.093619 1.0000 0.5637 0.0202
v -0.150337 0.240546 0.088929 1.0000 0.5637 0.0202
v -0.150746 0.235337 0.083859 1.0000 0.5637 0.0202
v -0.145234 0.245985 0.086954 1.0000 0.5637 0.0202
v -0.143888 0.243623 0.092255 1.0000 0.5637 0.0202
v -0.134145 0.246463 0.069861 1.0000 0.5637 0.0202
v -0.129375 0.248345 0.074156 1.0000 0.5637 0.0202
v -0.138412 0.242219 0.067464 1.0000 0.5637 0.0202
v -0.108496 0.276240 0.096633 1.0000 0.5637 0.0202
v -0.084418 0.273684 0.098940 1.0000 0.5637 0.0202
v -0.082632 0.276792 0.093082 1.0000 0.5637 0.0202
v -0.105169 0.284112 0.096069 1.0000 0.5637 0.0202
v -0.105646 0.285449 0.092725 1.0000 0.5637 0.0202
v -0.108519 0.283407 0.093094 1.0000 0.5637 0.0202
v -0.108337 0.282484 0.086198 1.0000 0.5637 0.0202
v -0.110696 0.278114 0.085383 1.0000 0.5637 0.0202
v -0.102524 0.285580 0.085685 1.0000 0.5637 0.0202
v -0.100286 0.286099 0.088085 1.0000 0.5637 0.0202
v -0.107676 0.272277 0.068934 1.0000 0.5637 0.0202
v -0.071427 0.277897 0.093133 1.0000 0.5637 0.0202
v -0.043301 0.269393 0.132241 1.0000 0.5637 0.0202
v -0.025517 0.276064 0.126315 1.0000 0.5637 0.0202
v -0.018780 0.278963 0.139019 1.0000 0.5637 0.0202
v -0.015394 0.285888 0.136200 1.0000 0.5637 0.0202
v 0.003241 0.271901 0.131837 1.0000 0.5637 0.0202
v 0.010688 0.268898 0.131047 1.0000 0.5637 0.0202
v 0.014643 0.276019 0.123281 1.0000 0.5637 0.0202
v -0.037380 0.281374 -0.135436 1.0000 0.5637 0.0202
v -0.040165 0.283775 -0.135587 1.0000 0.5637 0.0202
v -0.046630 0.283106 -0.131179 1.0000 0.5637 0.0202
v -0.048841 0.280597 -0.132453 1.0000 0.5637 0.0202
v -0.055275 0.268716 -0.127677 1.0000 0.5637 0.0202
v -0.058797 0.263945 -0.124738 1.0000 0.5637 0.0202
v 0.024506 0.200183 -0.168761 1.0000 0.5637 0.0202
v 0.030650 0.201396 -0.169796 1.0000 0.5637 0.0202
v -0.003718 0.209583 -0.170539 1.0000 0.5637 0.0202
v -0.012037 0.213966 -0.176323 1.0000 0.5637 0.0202
v 0.028949 0.228734 -0.156011 1.0000 0.5637 0.0202
v 0.020933 0.237362 -0.156027 1.0000 0.5637 0.0202
v 0.026130 0.238841 -0.153370 1.0000 0.5637 0.0202
v 0.028823 0.243243 -0.150445 1.0000 0.5637 0.0202
v 0.035713 0.241384 -0.151710 1.0000 0.5637 0.0202
v 0.022436 0.245495 -0.155068 1.0000 0.5637 0.0202
v 0.072140 0.189148 -0.165614 1.0000 0.5637 0.0202
v 0.042888 0.155256 -0.176354 1.0000 0.5637 0.0202
v 0.033051 0.155147 -0.185870 1.0000 0.5637 0.0202
v -0.047499 0.154868 -0.173729 1.0000 0.5637 0.0202
v 0.061802 0.240857 -0.142175 1.0000 0.5637 0.0202
v 0.066624 0.250751 -0.131586 1.0000 0.5637 0.0202
v 0.071212 0.260527 -0.121204 1.0000 0.5637 0.0202
v 0.104001 0.259947 -0.123840 1.0000 0.5637 0.0202
v 0.105885 0.259103 -0.120772 1.0000 0.5637 0.0202
v 0.107606 0.256204 -0.121943 1.0000 0.5637 0.0202
v 0.105412 0.256490 -0.125965 1.0000 0.5637 0.0202
v 0.004031 0.270970 -0.137297 1.0000 0.5637 0.0202
v -0.003363 0.279521 -0.130626 1.0000 0.5637 0.0202
v -0.008369 0.274426 -0.129010 1.0000 0.5637 0.0202
v 0.009264 0.291213 -0.129292 1.0000 0.5637 0.0202
v 0.004666 0.288026 -0.111790 1.0000 0.5637 0.0202
v 0.012165 0.295365 -0.099769 1.0000 0.5637 0.0202
v 0.016624 0.312266 -0.092112 1.0000 0.5637 0.0202
v 0.012470 0.317473 -0.089005 1.0000 0.5637 0.0202
v 0.036527 0.289653 -0.093339 1.0000 0.5637 0.0202
v 0.049348 0.301030 -0.071723 1.0000 0.5637 0.0202
v 0.052543 0.302932 -0.065872 1.0000 0.5637 0.0202
v 0.057922 0.302342 -0.061948 1.0000 0.5637 0.0202
v 0.064179 0.300365 -0.060430 1.0000 0.5637 0.0202
v 0.070427 0.298381 -0.060685 1.0000 0.5637 0.0202
v 0.066832 0.312072 -0.077617 1.0000 0.5637 0.0202
v 0.064045 0.307713 -0.086079 1.0000 0.5637 0.0202
v 0.075548 0.303572 -0.085106 1.0000 0.5637 0.0202
v 0.009865 0.317634 -0.085658 1.0000 0.5637 0.0202
v 0.007504 0.313386 -0.092249 1.0000 0.5637 0.0202
v 0.144587 0.215530 -0.120589 1.0000 0.5637 0.0202
v 0.141231 0.220637 -0.125991 1.0000 0.5637 0.0202
v 0.142165 0.203186 -0.112617 1.0000 0.5637 0.0202
v -0.188130 0.168610 -0.055604 1.0000 0.5637 0.0202
v -0.188290 0.175418 -0.054808 1.0000 0.5637 0.0202
v -0.195765 0.187554 -0.017676 1.0000 0.5637 0.0202
v -0.179350 0.165574 -0.061646 1.0000 0.5637 0.0202
v -0.168280 0.235716 -0.053726 1.0000 0.5637 0.0202
v -0.168602 0.230247 -0.056715 1.0000 0.5637 0.0202
v -0.169920 0.227646 -0.054829 1.0000 0.5637 0.0202
v -0.167702 0.236832 -0.049802 1.0000 0.5637 0.0202
v -0.159045 0.237345 -0.056387 1.0000 0.5637 0.0202
v -0.165752 0.212011 -0.051130 1.0000 0.5637 0.0202
v -0.165143 0.205517 -0.048522 1.0000 0.5637 0.0202
v -0.167432 0.211125 -0.034230 1.0000 0.5637 0.0202
v -0.175228 0.206400 -0.018754 1.0000 0.5637 0.0202
v -0.175873 0.206783 -0.006217 1.0000 0.5637 0.0202
v -0.118054 0.280172 0.026217 1.0000 0.5637 0.0202
v -0.126022 0.282750 0.033324 1.0000 0.5637 0.0202
v -0.123996 0.278849 0.042874 1.0000 0.5637 0.0202
v -0.118447 0.268680 0.052504 1.0000 0.5637 0.0202
v -0.140509 0.271708 0.035548 1.0000 0.5637 0.0202
v -0.139901 0.275847 0.030770 1.0000 0.5637 0.0202
v -0.138640 0.257822 0.023162 1.0000 0.5637 0.0202
v -0.139185 0.253156 0.019566 1.0000 0.5637 0.0202
v -0.142039 0.256646 0.002228 1.0000 0.5637 0.0202
v -0.136839 0.258038 -0.010443 1.0000 0.5637 0.0202
v -0.145456 0.258286 -0.010442 1.0000 0.5637 0.0202
v -0.138662 0.257803 -0.022632 1.0000 0.5637 0.0202
v -0.146030 0.256998 -0.020151 1.0000 0.5637 0.0202
v -0.133540 0.259884 -0.025102 1.0000 0.5637 0.0202
v -0.134340 0.259884 -0.038369 1.0000 0.5637 0.0202
v -0.131597 0.274229 -0.041921 1.0000 0.5637 0.0202
v -0.131596 0.274268 -0.049242 1.0000 0.5637 0.0202
v -0.129463 0.278504 -0.044351 1.0000 0.5637 0.0202
v -0.124516 0.279714 -0.048352 1.0000 0.5637 0.0202
v -0.125950 0.276994 -0.052269 1.0000 0.5637 0.0202
v -0.122891 0.278435 -0.035067 1.0000 0.5637 0.0202
v -0.120006 0.280480 -0.029052 1.0000 0.5637 0.0202
v -0.118625 0.286965 -0.020809 1.0000 0.5637 0.0202
v -0.119320 0.297032 -0.013105 1.0000 0.5637 0.0202
v -0.099230 0.294062 -0.022990 1.0000 0.5637 0.0202
v -0.113902 0.297228 -0.015942 1.0000 0.5637 0.0202
v -0.093123 0.294363 -0.027302 1.0000 0.5637 0.0202
v -0.111907 0.299897 -0.013440 1.0000 0.5637 0.0202
v -0.096730 0.296750 -0.018585 1.0000 0.5637 0.0202
v -0.090849 0.296149 -0.021440 1.0000 0.5637 0.0202
v -0.086351 0.297437 -0.025087 1.0000 0.5637 0.0202
v -0.089672 0.296850 -0.030463 1.0000 0.5637 0.0202
v -0.086010 0.300696 -0.030689 1.0000 0.5637 0.0202
v -0.082951 0.294143 -0.009558 1.0000 0.5637 0.0202
v -0.084595 0.293819 0.001210 1.0000 0.5637 0.0202
v -0.091278 0.294856 0.012417 1.0000 0.5637 0.0202
v -0.095628 0.292655 0.017028 1.0000 0.5637 0.0202
v -0.093319 0.294699 0.020303 1.0000 0.5637 0.0202
v -0.093778 0.296504 0.025654 1.0000 0.5637 0.0202
v -0.092417 0.309489 0.032445 1.0000 0.5637 0.0202
v -0.092798 0.309004 0.035989 1.0000 0.5637 0.0202
v -0.087358 0.313620 0.032746 1.0000 0.5637 0.0202
v -0.082274 0.312646 0.029638 1.0000 0.5637 0.0202
v -0.093283 0.303922 0.040579 1.0000 0.5637 0.0202
v -0.083326 0.294343 0.053685 1.0000 0.5637 0.0202
v -0.100815 0.292023 0.011143 1.0000 0.5637 0.0202
v -0.111824 0.286113 0.009922 1.0000 0.5637 0.0202
v -0.117441 0.280428 0.011679 1.0000 0.5637 0.0202
v -0.116995 0.279166 0.018635 1.0000 0.5637 0.0202
v -0.130009 0.281552 0.037207 1.0000 0.5637 0.0202
v -0.117095 0.285686 0.006368 1.0000 0.5637 0.0202
v -0.120891 0.282642 0.003307 1.0000 0.5637 0.0202
v -0.122738 0.293595 -0.005791 1.0000 0.5637 0.0202
v -0.120914 0.294902 -0.002822 1.0000 0.5637 0.0202
v -0.115962 0.295924 0.000730 1.0000 0.5637 0.0202
v -0.113029 0.299107 -0.001192 1.0000 0.5637 0.0202
v -0.120666 0.298862 -0.006955 1.0000 0.5637 0.0202
v -0.109578 0.300345 -0.003947 1.0000 0.5637 0.0202
v -0.097433 0.294493 0.008359 1.0000 0.5637 0.0202
v -0.093993 0.295041 0.004772 1.0000 0.5637 0.0202
v -0.117072 0.300726 -0.009101 1.0000 0.5637 0.0202
v -0.083841 0.305981 -0.033787 1.0000 0.5637 0.0202
v -0.084220 0.311240 -0.040234 1.0000 0.5637 0.0202
v -0.087969 0.302792 -0.039013 1.0000 0.5637 0.0202
v -0.081407 0.312022 -0.037874 1.0000 0.5637 0.0202
v -0.078947 0.314059 -0.039905 1.0000 0.5637 0.0202
v -0.077187 0.313923 -0.045920 1.0000 0.5637 0.0202
v -0.067923 0.309423 -0.027404 1.0000 0.5637 0.0202
v -0.063844 0.312812 -0.022419 1.0000 0.5637 0.0202
v -0.051389 0.311594 -0.025190 1.0000 0.5637 0.0202
v -0.060047 0.319520 -0.016511 1.0000 0.5637 0.0202
v -0.045009 0.318687 -0.018554 1.0000 0.5637 0.0202
v -0.037324 0.315914 -0.024613 1.0000 0.5637 0.0202
v -0.056450 0.326483 -0.011345 1.0000 0.5637 0.0202
v -0.032128 0.317798 -0.030243 1.0000 0.5637 0.0202
v -0.042697 0.320843 -0.014867 1.0000 0.5637 0.0202
v -0.027551 0.317833 -0.026325 1.0000 0.5637 0.0202
v -0.022396 0.325953 -0.036463 1.0000 0.5637 0.0202
v -0.019527 0.325230 -0.034394 1.0000 0.5637 0.0202
v -0.012609 0.318105 -0.026758 1.0000 0.5637 0.0202
v -0.016425 0.325560 -0.036921 1.0000 0.5637 0.0202
v -0.004413 0.313603 -0.034911 1.0000 0.5637 0.0202
v -0.007646 0.317314 -0.023648 1.0000 0.5637 0.0202
v 0.000693 0.311407 -0.031676 1.0000 0.5637 0.0202
v -0.002008 0.319908 -0.017222 1.0000 0.5637 0.0202
v 0.014947 0.323023 -0.013466 1.0000 0.5637 0.0202
v 0.007497 0.332819 -0.007090 1.0000 0.5637 0.0202
v 0.018958 0.320687 -0.014969 1.0000 0.5637 0.0202
v 0.017620 0.325791 -0.008174 1.0000 0.5637 0.0202
v 0.010970 0.333857 -0.004620 1.0000 0.5637 0.0202
v 0.004564 0.333719 -0.005879 1.0000 0.5637 0.0202
v 0.006614 0.335834 -0.002472 1.0000 0.5637 0.0202
v 0.002374 0.333348 -0.004131 1.0000 0.5637 0.0202
v 0.001676 0.332855 0.001685 1.0000 0.5637 0.0202
v -0.010254 0.317302 0.012180 1.0000 0.5637 0.0202
v -0.016395 0.314190 0.017546 1.0000 0.5637 0.0202
v -0.021389 0.315747 0.022425 1.0000 0.5637 0.0202
v -0.018366 0.317336 0.026451 1.0000 0.5637 0.0202
v -0.026951 0.325208 0.033754 1.0000 0.5637 0.0202
v -0.030198 0.325967 0.036265 1.0000 0.5637 0.0202
v -0.036168 0.317118 0.025342 1.0000 0.5637 0.0202
v -0.052177 0.329643 0.000385 1.0000 0.5637 0.0202
v -0.054803 0.328335 0.002564 1.0000 0.5637 0.0202
v -0.058782 0.328847 0.000229 1.0000 0.5637 0.0202
v -0.055283 0.331166 -0.002395 1.0000 0.5637 0.0202
v -0.058898 0.329334 -0.006332 1.0000 0.5637 0.0202
v -0.053834 0.329648 -0.007768 1.0000 0.5637 0.0202
v -0.051512 0.330120 -0.004889 1.0000 0.5637 0.0202
v -0.013335 0.314590 0.005528 1.0000 0.5637 0.0202
v -0.008255 0.318865 -0.011628 1.0000 0.5637 0.0202
v -0.011701 0.316386 -0.019940 1.0000 0.5637 0.0202
v -0.005667 0.320160 -0.014697 1.0000 0.5637 0.0202
v -0.003108 0.312417 -0.045932 1.0000 0.5637 0.0202
v -0.007530 0.313104 -0.052043 1.0000 0.5637 0.0202
v -0.017833 0.324985 -0.043877 1.0000 0.5637 0.0202
v -0.019640 0.327007 -0.039715 1.0000 0.5637 0.0202
v -0.025410 0.324616 -0.038866 1.0000 0.5637 0.0202
v -0.028401 0.320824 -0.043457 1.0000 0.5637 0.0202
v -0.040557 0.309662 -0.041985 1.0000 0.5637 0.0202
v -0.032346 0.314517 -0.049029 1.0000 0.5637 0.0202
v -0.061460 0.304060 -0.054642 1.0000 0.5637 0.0202
v -0.109397 0.274568 -0.060264 1.0000 0.5637 0.0202
v -0.109955 0.270345 -0.065651 1.0000 0.5637 0.0202
v -0.125643 0.270543 -0.057001 1.0000 0.5637 0.0202
v -0.172063 0.237847 0.033536 1.0000 0.5637 0.0202
v -0.176063 0.225551 0.031834 1.0000 0.5637 0.0202
v -0.165214 0.178350 -0.103790 1.0000 0.5637 0.0202
v -0.168629 0.185164 -0.102347 1.0000 0.5637 0.0202
v -0.140845 0.159993 -0.125386 1.0000 0.5637 0.0202
v 0.123911 0.242508 -0.084124 1.0000 0.5637 0.0202
v 0.125055 0.262231 -0.072125 1.0000 0.5637 0.0202
v 0.121180 0.280332 -0.077757 1.0000 0.5637 0.0202
v 0.117543 0.280049 -0.079962 1.0000 0.5637 0.0202
v 0.120265 0.232572 -0.103965 1.0000 0.5637 0.0202
v 0.177053 0.163089 -0.080566 1.0000 0.5637 0.0202
v 0.162597 0.159015 -0.088000 1.0000 0.5637 0.0202
v 0.183261 0.168158 -0.077125 1.0000 0.5637 0.0202
v 0.183563 0.166530 -0.073833 1.0000 0.5637 0.0202
v 0.174380 0.167051 -0.056988 1.0000 0.5637 0.0202
v 0.174321 0.175247 -0.050665 1.0000 0.5637 0.0202
v 0.194899 0.162992 -0.030120 1.0000 0.5637 0.0202
v 0.196806 0.167076 -0.029171 1.0000 0.5637 0.0202
v 0.187875 0.162457 0.007630 1.0000 0.5637 0.0202
v 0.196884 0.171855 0.011946 1.0000 0.5637 0.0202
v 0.193096 0.168084 0.016340 1.0000 0.5637 0.0202
v 0.187389 0.170071 0.025939 1.0000 0.5637 0.0202
v 0.183124 0.167496 0.035129 1.0000 0.5637 0.0202
v 0.184353 0.164471 0.042838 1.0000 0.5637 0.0202
v 0.189889 0.169097 0.053720 1.0000 0.5637 0.0202
v 0.187794 0.171295 0.057223 1.0000 0.5637 0.0202
v 0.183135 0.161514 0.062093 1.0000 0.5637 0.0202
v 0.174422 0.159154 0.068101 1.0000 0.5637 0.0202
v 0.180148 0.224769 -0.032106 1.0000 0.5637 0.0202
v 0.179217 0.217555 -0.032996 1.0000 0.5637 0.0202
v 0.183304 0.229208 -0.026090 1.0000 0.5637 0.0202
v 0.180740 0.231742 -0.028421 1.0000 0.5637 0.0202
v 0.175275 0.234202 -0.029723 1.0000 0.5637 0.0202
v 0.170564 0.231830 -0.035490 1.0000 0.5637 0.0202
v 0.145120 0.240517 -0.026509 1.0000 0.5637 0.0202
v 0.143251 0.245917 -0.025797 1.0000 0.5637 0.0202
v 0.142010 0.251944 -0.016569 1.0000 0.5637 0.0202
v 0.143091 0.248602 -0.011257 1.0000 0.5637 0.0202
v 0.140008 0.254682 -0.011528 1.0000 0.5637 0.0202
v 0.144926 0.247375 -0.005585 1.0000 0.5637 0.0202
v 0.148868 0.246892 0.000580 1.0000 0.5637 0.0202
v 0.151237 0.245591 -0.003963 1.0000 0.5637 0.0202
v 0.168729 0.247181 0.006468 1.0000 0.5637 0.0202
v 0.174482 0.245935 0.009076 1.0000 0.5637 0.0202
v 0.176109 0.245357 0.011984 1.0000 0.5637 0.0202
v 0.177556 0.241639 0.008957 1.0000 0.5637 0.0202
v 0.168924 0.231816 0.025559 1.0000 0.5637 0.0202
v 0.146279 0.247496 0.011190 1.0000 0.5637 0.0202
v 0.146246 0.247006 0.019915 1.0000 0.5637 0.0202
v 0.140097 0.249102 0.018136 1.0000 0.5637 0.0202
v 0.136423 0.252636 0.006839 1.0000 0.5637 0.0202
v 0.138840 0.249144 0.033897 1.0000 0.5637 0.0202
v 0.137738 0.249184 0.048294 1.0000 0.5637 0.0202
v 0.139225 0.268114 0.054501 1.0000 0.5637 0.0202
v 0.137749 0.269859 0.056098 1.0000 0.5637 0.0202
v 0.132277 0.272276 0.058117 1.0000 0.5637 0.0202
v 0.135427 0.275079 0.054022 1.0000 0.5637 0.0202
v 0.123822 0.273936 0.058773 1.0000 0.5637 0.0202
v 0.145005 0.269533 -0.031568 1.0000 0.5637 0.0202
v 0.144533 0.274511 -0.025130 1.0000 0.5637 0.0202
v 0.172781 0.202936 -0.033560 1.0000 0.5637 0.0202
v 0.171396 0.197281 -0.033984 1.0000 0.5637 0.0202
v 0.175613 0.210147 -0.020520 1.0000 0.5637 0.0202
v 0.172946 0.199462 -0.011142 1.0000 0.5637 0.0202
v 0.175169 0.197205 0.016240 1.0000 0.5637 0.0202
v 0.172229 0.232888 0.055439 1.0000 0.5637 0.0202
v 0.177185 0.224703 0.056040 1.0000 0.5637 0.0202
v 0.151346 0.209384 0.077502 1.0000 0.5637 0.0202
v 0.134782 0.231116 0.082626 1.0000 0.5637 0.0202
v 0.140479 0.234295 0.105280 1.0000 0.5637 0.0202
v 0.138723 0.235352 0.107049 1.0000 0.5637 0.0202
v 0.135549 0.233707 0.111992 1.0000 0.5637 0.0202
v 0.144013 0.227782 0.106415 1.0000 0.5637 0.0202
v 0.137889 0.204832 0.105476 1.0000 0.5637 0.0202
v 0.147127 0.183968 0.104207 1.0000 0.5637 0.0202
v 0.108830 0.214690 0.150821 1.0000 0.5637 0.0202
v 0.103841 0.219523 0.150576 1.0000 0.5637 0.0202
v 0.077686 0.234152 0.143409 1.0000 0.5637 0.0202
v 0.077806 0.248626 0.147431 1.0000 0.5637 0.0202
v 0.079946 0.253840 0.143317 1.0000 0.5637 0.0202
v 0.138929 0.160072 0.119731 1.0000 0.5637 0.0202
v 0.154732 0.162327 0.116136 1.0000 0.5637 0.0202
v 0.159835 0.165690 0.114394 1.0000 0.5637 0.0202
v 0.162242 0.165019 0.108968 1.0000 0.5637 0.0202
v 0.163250 0.199213 -0.059624 1.0000 0.5637 0.0202
v 0.157101 0.205307 -0.074250 1.0000 0.5637 0.0202
v 0.162407 0.188790 -0.072577 1.0000 0.5637 0.0202
v 0.164684 0.229722 -0.076652 1.0000 0.5637 0.0202
v 0.159809 0.235142 -0.071057 1.0000 0.5637 0.0202
v 0.137413 0.278152 -0.031194 1.0000 0.5637 0.0202
v 0.149741 0.161823 -0.125897 1.0000 0.5637 0.0202
v 0.155742 0.167615 -0.121460 1.0000 0.5637 0.0202
v 0.057579 0.284744 -0.129134 1.0000 0.5637 0.0202
v 0.061193 0.284805 -0.125356 1.0000 0.5637 0.0202
v 0.064505 0.280523 -0.126953 1.0000 0.5637 0.0202
v 0.064288 0.282710 -0.119556 1.0000 0.5637 0.0202
v 0.055261 0.286751 -0.121744 1.0000 0.5637 0.0202
v 0.053205 0.286177 -0.125006 1.0000 0.5637 0.0202
v 0.040742 0.277731 -0.121711 1.0000 0.5637 0.0202
v 0.035893 0.275040 -0.119879 1.0000 0.5637 0.0202
v 0.031393 0.273644 -0.119834 1.0000 0.5637 0.0202
v 0.027601 0.281471 -0.111743 1.0000 0.5637 0.0202
v 0.099074 0.286044 -0.046604 1.0000 0.5637 0.0202
v 0.098000 0.302876 -0.038033 1.0000 0.5637 0.0202
v 0.099902 0.301172 -0.035300 1.0000 0.5637 0.0202
v 0.101387 0.285382 -0.032648 1.0000 0.5637 0.0202
v 0.097788 0.309001 -0.033084 1.0000 0.5637 0.0202
v 0.093328 0.311951 -0.034065 1.0000 0.5637 0.0202
v 0.092128 0.312236 -0.029270 1.0000 0.5637 0.0202
v 0.084546 0.307940 -0.022283 1.0000 0.5637 0.0202
v 0.078171 0.306857 -0.018949 1.0000 0.5637 0.0202
v 0.081431 0.306373 -0.016045 1.0000 0.5637 0.0202
v 0.076981 0.311423 -0.009079 1.0000 0.5637 0.0202
v 0.071866 0.322370 -0.002621 1.0000 0.5637 0.0202
v 0.075327 0.323618 0.001235 1.0000 0.5637 0.0202
v 0.077618 0.322566 0.004047 1.0000 0.5637 0.0202
v 0.073928 0.326524 0.005013 1.0000 0.5637 0.0202
v 0.075937 0.323428 0.009434 1.0000 0.5637 0.0202
v 0.070467 0.326824 0.006795 1.0000 0.5637 0.0202
v 0.077215 0.306795 0.020155 1.0000 0.5637 0.0202
v 0.072371 0.308134 0.022784 1.0000 0.5637 0.0202
v 0.073900 0.304226 0.028947 1.0000 0.5637 0.0202
v 0.077092 0.304719 0.034504 1.0000 0.5637 0.0202
v 0.083922 0.310635 0.043244 1.0000 0.5637 0.0202
v 0.087211 0.311708 0.050918 1.0000 0.5637 0.0202
v 0.088675 0.309979 0.053122 1.0000 0.5637 0.0202
v 0.091267 0.308805 0.051849 1.0000 0.5637 0.0202
v 0.090174 0.305846 0.054986 1.0000 0.5637 0.0202
v 0.092647 0.298200 0.055778 1.0000 0.5637 0.0202
v 0.095256 0.285470 0.051251 1.0000 0.5637 0.0202
v 0.095605 0.288692 0.040642 1.0000 0.5637 0.0202
v 0.097689 0.280782 0.043556 1.0000 0.5637 0.0202
v 0.096552 0.285792 0.032464 1.0000 0.5637 0.0202
v 0.097227 0.286665 0.020747 1.0000 0.5637 0.0202
v 0.103748 0.285927 0.020897 1.0000 0.5637 0.0202
v 0.102407 0.287103 0.014427 1.0000 0.5637 0.0202
v 0.103060 0.287114 -0.000765 1.0000 0.5637 0.0202
v 0.095478 0.287126 0.001470 1.0000 0.5637 0.0202
v 0.100192 0.286849 -0.010244 1.0000 0.5637 0.0202
v 0.100423 0.286292 -0.019602 1.0000 0.5637 0.0202
v 0.077886 0.308157 0.053153 1.0000 0.5637 0.0202
v 0.062579 0.323694 0.006510 1.0000 0.5637 0.0202
v 0.048586 0.312424 0.012142 1.0000 0.5637 0.0202
v 0.065299 0.324636 0.000950 1.0000 0.5637 0.0202
v 0.068876 0.324601 -0.001071 1.0000 0.5637 0.0202
v 0.041417 0.308051 0.003402 1.0000 0.5637 0.0202
v 0.046365 0.311240 -0.013304 1.0000 0.5637 0.0202
v 0.043494 0.315782 -0.024565 1.0000 0.5637 0.0202
v 0.047353 0.312482 -0.029342 1.0000 0.5637 0.0202
v 0.033095 0.317545 -0.047318 1.0000 0.5637 0.0202
v 0.024223 0.312156 -0.051263 1.0000 0.5637 0.0202
v 0.041582 0.322141 -0.040052 1.0000 0.5637 0.0202
v 0.088558 0.309861 -0.037563 1.0000 0.5637 0.0202
v 0.003527 0.313487 0.103408 1.0000 0.5637 0.0202
v 0.002961 0.316329 0.099910 1.0000 0.5637 0.0202
v -0.003417 0.315857 0.093643 1.0000 0.5637 0.0202
v -0.000206 0.307872 0.075323 1.0000 0.5637 0.0202
v 0.000751 0.305920 0.067327 1.0000 0.5637 0.0202
v 0.008222 0.312655 0.091946 1.0000 0.5637 0.0202
v 0.016199 0.291002 0.102933 1.0000 0.5637 0.0202
v 0.052290 0.310614 0.100512 1.0000 0.5637 0.0202
v 0.054841 0.296211 0.073842 1.0000 0.5637 0.0202
v 0.068038 0.279312 0.094080 1.0000 0.5637 0.0202
v 0.059119 0.308095 0.102155 1.0000 0.5637 0.0202
v 0.059283 0.303490 0.106070 1.0000 0.5637 0.0202
v 0.056506 0.304484 0.108251 1.0000 0.5637 0.0202
v 0.056270 0.309395 0.105645 1.0000 0.5637 0.0202
v 0.060196 0.259584 0.130869 1.0000 0.5637 0.0202
v -0.170038 0.174229 0.083004 1.0000 0.5637 0.0202
v -0.163019 0.199513 0.063322 1.0000 0.5637 0.0202
v -0.162710 0.196441 0.075836 1.0000 0.5637 0.0202
v -0.156179 0.199309 0.079547 1.0000 0.5637 0.0202
v -0.162732 0.193507 0.085164 1.0000 0.5637 0.0202
v -0.169091 0.190780 0.082827 1.0000 0.5637 0.0202
v -0.050662 0.307708 0.100972 1.0000 0.5637 0.0202
v -0.035571 0.292729 0.097812 1.0000 0.5637 0.0202
v -0.034460 0.296894 0.089500 1.0000 0.5637 0.0202
v -0.029897 0.290157 0.096697 1.0000 0.5637 0.0202
v -0.053522 0.301229 0.068234 1.0000 0.5637 0.0202
v -0.059460 0.310709 0.090281 1.0000 0.5637 0.0202
v -0.059084 0.311721 0.097025 1.0000 0.5637 0.0202
v -0.101067 0.283269 -0.096011 1.0000 0.5637 0.0202
v -0.098947 0.278029 -0.099648 1.0000 0.5637 0.0202
v -0.075412 0.278920 -0.096863 1.0000 0.5637 0.0202
v -0.045709 0.293804 -0.101426 1.0000 0.5637 0.0202
v -0.047380 0.308580 -0.095478 1.0000 0.5637 0.0202
v -0.026950 0.301582 -0.088749 1.0000 0.5637 0.0202
v -0.021712 0.297727 -0.087969 1.0000 0.5637 0.0202
v -0.016115 0.296130 -0.087573 1.0000 0.5637 0.0202
v -0.038739 0.313051 -0.083441 1.0000 0.5637 0.0202
v -0.049215 0.313619 -0.086623 1.0000 0.5637 0.0202
v -0.051654 0.309686 -0.086731 1.0000 0.5637 0.0202
v -0.058812 0.294901 -0.075195 1.0000 0.5637 0.0202
v -0.048393 0.313390 -0.091470 1.0000 0.5637 0.0202
v 0.031473 0.281578 0.142648 1.0000 0.5637 0.0202
v 0.038703 0.279345 0.140378 1.0000 0.5637 0.0202
v 0.133413 0.286507 0.011509 1.0000 0.5637 0.0202
v 0.105269 0.250153 0.106794 1.0000 0.5637 0.0202
v 0.104979 0.266803 0.111147 1.0000 0.5637 0.0202
v 0.105098 0.273247 0.110715 1.0000 0.5637 0.0202
v 0.105864 0.275465 0.107292 1.0000 0.5637 0.0202
v 0.103323 0.276490 0.109840 1.0000 0.5637 0.0202
v 0.099869 0.275608 0.111274 1.0000 0.5637 0.0202
v 0.100406 0.278403 0.105986 1.0000 0.5637 0.0202
v 0.102968 0.277745 0.104211 1.0000 0.5637 0.0202
v 0.104081 0.265584 0.083360 1.0000 0.5637 0.0202
v 0.108090 0.269765 0.099252 1.0000 0.5637 0.0202
v 0.025880 0.308887 0.060917 1.0000 0.5637 0.0202
v -0.017657 0.255818 -0.158525 1.0000 0.5637 0.0202
v -0.075178 0.203129 -0.167035 1.0000 0.5637 0.0202
v -0.184013 0.181795 0.008505 1.0000 0.5637 0.0202
v -0.041501 0.174195 0.166473 1.0000 0.5637 0.0202
v -0.043102 0.180565 0.164516 1.0000 0.5637 0.0202
v 0.019265 0.136063 0.172180 1.0000 0.5637 0.0202
v -0.011924 0.152530 0.173237 1.0000 0.5637 0.0202
v -0.011181 0.141497 0.173283 1.0000 0.5637 0.0202
v -0.010470 0.161607 0.172820 1.0000 0.5637 0.0202
v 0.229676 0.172984 0.173890 1.0000 0.5637 0.0202
v 0.237016 0.165411 0.174180 1.0000 0.5637 0.0202
v 0.244180 0.163318 0.182224 1.0000 0.5637 0.0202
v 0.245945 0.166659 0.192320 1.0000 0.5637 0.0202
v 0.241212 0.173439 0.199093 1.0000 0.5637 0.0202
v 0.233287 0.180092 0.198401 1.0000 0.5637 0.0202
v 0.226855 0.183046 0.190749 1.0000 0.5637 0.0202
v 0.225537 0.180348 0.180606 1.0000 0.5637 0.0202
v 0.210092 0.154138 0.176169 1.0000 0.5637 0.0202
v 0.218534 0.146853 0.177525 1.0000 0.5637 0.0202
v 0.221531 0.139943 0.185677 1.0000 0.5637 0.0202
v 0.220352 0.140233 0.196719 1.0000 0.5637 0.0202
v 0.214295 0.146272 0.203834 1.0000 0.5637 0.0202
v 0.207069 0.154639 0.202843 1.0000 0.5637 0.0202
v 0.202343 0.159995 0.194366 1.0000 0.5637 0.0202
v 0.203895 0.160061 0.183323 1.0000 0.5637 0.0202
v 0.193711 0.141860 0.170100 1.0000 0.5637 0.0202
v 0.199845 0.131692 0.170527 1.0000 0.5637 0.0202
v 0.200777 0.122844 0.178411 1.0000 0.5637 0.0202
v 0.197753 0.121751 0.189932 1.0000 0.5637 0.0202
v 0.190329 0.127700 0.197243 1.0000 0.5637 0.0202
v 0.184083 0.137392 0.196498 1.0000 0.5637 0.0202
v 0.182058 0.145807 0.187392 1.0000 0.5637 0.0202
v 0.186201 0.147461 0.176919 1.0000 0.5637 0.0202
v 0.185059 0.121126 0.158452 1.0000 0.5637 0.0202
v 0.184822 0.113397 0.166230 1.0000 0.5637 0.0202
v 0.181338 0.112584 0.178436 1.0000 0.5637 0.0202
v 0.173117 0.119125 0.184959 1.0000 0.5637 0.0202
v 0.167819 0.129832 0.184240 1.0000 0.5637 0.0202
v 0.164212 0.136968 0.172303 1.0000 0.5637 0.0202
v 0.176409 0.128501 0.155596 1.0000 0.5637 0.0202
v 0.180781 0.116150 0.155705 1.0000 0.5637 0.0202
v 0.175632 0.106744 0.162524 1.0000 0.5637 0.0202
v 0.166674 0.107432 0.172364 1.0000 0.5637 0.0202
v 0.162193 0.117204 0.178521 1.0000 0.5637 0.0202
v 0.161174 0.129524 0.178171 1.0000 0.5637 0.0202
v 0.159931 0.134450 0.168515 1.0000 0.5637 0.0202
v 0.167795 0.135355 0.161631 1.0000 0.5637 0.0202
v 0.173177 0.126581 0.151850 1.0000 0.5637 0.0202
v 0.175113 0.112824 0.151542 1.0000 0.5637 0.0202
v 0.167754 0.101813 0.157911 1.0000 0.5637 0.0202
v 0.159298 0.102932 0.168300 1.0000 0.5637 0.0202
v 0.151245 0.112181 0.172032 1.0000 0.5637 0.0202
v 0.150511 0.125106 0.169717 1.0000 0.5637 0.0202
v 0.155388 0.132713 0.163505 1.0000 0.5637 0.0202
v 0.164245 0.133652 0.157021 1.0000 0.5637 0.0202
v 0.151285 0.126763 0.146837 1.0000 0.5637 0.0202
v 0.157962 0.118941 0.141570 1.0000 0.5637 0.0202
v 0.158430 0.107938 0.139468 1.0000 0.5637 0.0202
v 0.151607 0.098895 0.141690 1.0000 0.5637 0.0202
v 0.141149 0.097077 0.147477 1.0000 0.5637 0.0202
v 0.133288 0.104157 0.153362 1.0000 0.5637 0.0202
v 0.132985 0.115905 0.155428 1.0000 0.5637 0.0202
v 0.141010 0.125835 0.152700 1.0000 0.5637 0.0202
v 0.140963 0.132382 0.140694 1.0000 0.5637 0.0202
v 0.149323 0.127562 0.131362 1.0000 0.5637 0.0202
v 0.146621 0.118654 0.119177 1.0000 0.5637 0.0202
v 0.139413 0.106540 0.118636 1.0000 0.5637 0.0202
v 0.126380 0.102672 0.122951 1.0000 0.5637 0.0202
v 0.122541 0.104952 0.139227 1.0000 0.5637 0.0202
v 0.122002 0.116600 0.146437 1.0000 0.5637 0.0202
v 0.128566 0.128617 0.145917 1.0000 0.5637 0.0202
v 0.120133 0.147333 0.118604 1.0000 0.5637 0.0202
v 0.127552 0.143620 0.106821 1.0000 0.5637 0.0202
v 0.126960 0.132710 0.097425 1.0000 0.5637 0.0202
v 0.118706 0.120994 0.095920 1.0000 0.5637 0.0202
v 0.107623 0.115335 0.103187 1.0000 0.5637 0.0202
v 0.100204 0.119048 0.114971 1.0000 0.5637 0.0202
v 0.100795 0.129958 0.124367 1.0000 0.5637 0.0202
v 0.109050 0.141674 0.125872 1.0000 0.5637 0.0202
v 0.134181 0.098887 0.134372 1.0000 0.5637 0.0202
v 0.162654 0.123123 0.146008 1.0000 0.5637 0.0202
v 0.153707 0.128712 0.151049 1.0000 0.5637 0.0202
v 0.165889 0.110895 0.145390 1.0000 0.5637 0.0202
v 0.152762 0.098745 0.159556 1.0000 0.5637 0.0202
v 0.144241 0.105907 0.163549 1.0000 0.5637 0.0202
v 0.140875 0.116643 0.161650 1.0000 0.5637 0.0202
v 0.144635 0.125662 0.156638 1.0000 0.5637 0.0202
v 0.157232 0.116788 0.175900 1.0000 0.5637 0.0202
v 0.176324 0.112191 0.174731 1.0000 0.5637 0.0202
v 0.168049 0.119768 0.180307 1.0000 0.5637 0.0202
v 0.187418 0.137854 0.164274 1.0000 0.5637 0.0202
v 0.179312 0.143602 0.170437 1.0000 0.5637 0.0202
v -0.149445 0.183079 0.199755 1.0000 0.5637 0.0202
v -0.139982 0.183259 0.204447 1.0000 0.5637 0.0202
v -0.130213 0.182947 0.201716 1.0000 0.5637 0.0202
v -0.125254 0.184222 0.192180 1.0000 0.5637 0.0202
v -0.128295 0.184884 0.181876 1.0000 0.5637 0.0202
v -0.137544 0.185384 0.177019 1.0000 0.5637 0.0202
v -0.147574 0.185827 0.180600 1.0000 0.5637 0.0202
v -0.152486 0.184750 0.189865 1.0000 0.5637 0.0202
v -0.150435 0.151676 0.188077 1.0000 0.5637 0.0202
v -0.140732 0.148654 0.192628 1.0000 0.5637 0.0202
v -0.130085 0.149057 0.189423 1.0000 0.5637 0.0202
v -0.124716 0.152738 0.180442 1.0000 0.5637 0.0202
v -0.127780 0.157378 0.170782 1.0000 0.5637 0.0202
v -0.137457 0.160368 0.166238 1.0000 0.5637 0.0202
v -0.148556 0.158767 0.168843 1.0000 0.5637 0.0202
v -0.153486 0.156327 0.178447 1.0000 0.5637 0.0202
v -0.157501 0.123671 0.180619 1.0000 0.5637 0.0202
v -0.146138 0.127171 0.186614 1.0000 0.5637 0.0202
v -0.137286 0.120002 0.181811 1.0000 0.5637 0.0202
v -0.130648 0.124843 0.171392 1.0000 0.5637 0.0202
v -0.134178 0.128611 0.160730 1.0000 0.5637 0.0202
v -0.144017 0.133242 0.156524 1.0000 0.5637 0.0202
v -0.154259 0.135265 0.161123 1.0000 0.5637 0.0202
v -0.158822 0.137355 0.172441 1.0000 0.5637 0.0202
v -0.153717 0.113497 0.175324 1.0000 0.5637 0.0202
v -0.151044 0.110578 0.182572 1.0000 0.5637 0.0202
v -0.144766 0.106302 0.180751 1.0000 0.5637 0.0202
v -0.142915 0.103314 0.171163 1.0000 0.5637 0.0202
v -0.147075 0.104087 0.161094 1.0000 0.5637 0.0202
v -0.153872 0.108531 0.156135 1.0000 0.5637 0.0202
v -0.158948 0.110466 0.159129 1.0000 0.5637 0.0202
v -0.155625 0.110148 0.165372 1.0000 0.5637 0.0202
v -0.150623 0.111457 0.173350 1.0000 0.5637 0.0202
v -0.149755 0.110872 0.178198 1.0000 0.5637 0.0202
v -0.154146 0.105972 0.177895 1.0000 0.5637 0.0202
v -0.159855 0.100252 0.171293 1.0000 0.5637 0.0202
v -0.163443 0.095537 0.162888 1.0000 0.5637 0.0202
v -0.162291 0.093463 0.157743 1.0000 0.5637 0.0202
v -0.157036 0.098554 0.157268 1.0000 0.5637 0.0202
v -0.153444 0.107218 0.164058 1.0000 0.5637 0.0202
v -0.144797 0.110127 0.168206 1.0000 0.5637 0.0202
v -0.145358 0.115350 0.168516 1.0000 0.5637 0.0202
v -0.154937 0.118487 0.164421 1.0000 0.5637 0.0202
v -0.164546 0.114679 0.157561 1.0000 0.5637 0.0202
v -0.167935 0.102460 0.152275 1.0000 0.5637 0.0202
v -0.161850 0.093069 0.149659 1.0000 0.5637 0.0202
v -0.152922 0.093773 0.152330 1.0000 0.5637 0.0202
v -0.148330 0.104619 0.161908 1.0000 0.5637 0.0202
v -0.126264 0.114911 0.136364 1.0000 0.5637 0.0202
v -0.137282 0.122204 0.151634 1.0000 0.5637 0.0202
v -0.149636 0.126205 0.149545 1.0000 0.5637 0.0202
v -0.164127 0.108130 0.140051 1.0000 0.5637 0.0202
v -0.157917 0.096079 0.139349 1.0000 0.5637 0.0202
v -0.142852 0.094979 0.132155 1.0000 0.5637 0.0202
v -0.133352 0.101416 0.138510 1.0000 0.5637 0.0202
v -0.121678 0.120628 0.120143 1.0000 0.5637 0.0202
v -0.128146 0.133064 0.121578 1.0000 0.5637 0.0202
v -0.141046 0.137987 0.118612 1.0000 0.5637 0.0202
v -0.152733 0.132545 0.112794 1.0000 0.5637 0.0202
v -0.156430 0.119893 0.107791 1.0000 0.5637 0.0202
v -0.149872 0.107493 0.106211 1.0000 0.5637 0.0202
v -0.136797 0.102639 0.108875 1.0000 0.5637 0.0202
v -0.125299 0.108012 0.114945 1.0000 0.5637 0.0202
v -0.112311 0.126180 0.099636 1.0000 0.5637 0.0202
v -0.117966 0.139419 0.098986 1.0000 0.5637 0.0202
v -0.129878 0.145140 0.093239 1.0000 0.5637 0.0202
v -0.141070 0.139993 0.085761 1.0000 0.5637 0.0202
v -0.144985 0.126992 0.080932 1.0000 0.5637 0.0202
v -0.139330 0.113753 0.081582 1.0000 0.5637 0.0202
v -0.127418 0.108031 0.087329 1.0000 0.5637 0.0202
v -0.116226 0.113179 0.094807 1.0000 0.5637 0.0202
v -0.128054 0.104284 0.125832 1.0000 0.5637 0.0202
v -0.136050 0.110520 0.156231 1.0000 0.5637 0.0202
v -0.139218 0.100332 0.149974 1.0000 0.5637 0.0202
v -0.147620 0.093302 0.143128 1.0000 0.5637 0.0202
v -0.147640 0.110656 0.170796 1.0000 0.5637 0.0202
v -0.147568 0.113128 0.173378 1.0000 0.5637 0.0202
v -0.155745 0.113220 0.171560 1.0000 0.5637 0.0202
v -0.164971 0.108254 0.165912 1.0000 0.5637 0.0202
v -0.167829 0.098733 0.159304 1.0000 0.5637 0.0202
v -0.162637 0.092328 0.154628 1.0000 0.5637 0.0202
v -0.155013 0.095522 0.155154 1.0000 0.5637 0.0202
v -0.149345 0.103691 0.180445 1.0000 0.5637 0.0202
v -0.153108 0.100166 0.173426 1.0000 0.5637 0.0202
v -0.156577 0.097084 0.164411 1.0000 0.5637 0.0202
v -0.158465 0.100477 0.157190 1.0000 0.5637 0.0202
v -0.158416 0.104613 0.158486 1.0000 0.5637 0.0202
v -0.160061 0.124522 0.170097 1.0000 0.5637 0.0202
v -0.149129 0.118965 0.185795 1.0000 0.5637 0.0202
v -0.136090 0.113515 0.170980 1.0000 0.5637 0.0202
v -0.139968 0.115976 0.160562 1.0000 0.5637 0.0202
v -0.157221 0.123558 0.160284 1.0000 0.5637 0.0202
v -0.151067 0.164595 0.195436 1.0000 0.5637 0.0202
v -0.154100 0.169286 0.186437 1.0000 0.5637 0.0202
v -0.141761 0.162561 0.200384 1.0000 0.5637 0.0202
v -0.131545 0.163983 0.198007 1.0000 0.5637 0.0202
v -0.126469 0.168462 0.190027 1.0000 0.5637 0.0202
v -0.129521 0.173003 0.180969 1.0000 0.5637 0.0202
v -0.138893 0.174996 0.176151 1.0000 0.5637 0.0202
v -0.149059 0.173508 0.178405 1.0000 0.5637 0.0202
v 0.165146 0.060062 -0.091805 1.0000 0.5637 0.0202
v 0.143426 0.002091 -0.090087 1.0000 0.5637 0.0202
v 0.163012 0.064434 -0.097410 1.0000 0.5637 0.0202
v 0.160902 0.060063 -0.103027 1.0000 0.5637 0.0202
v 0.175497 0.089041 -0.116429 1.0000 0.5637 0.0202
v 0.179318 0.085849 -0.118681 1.0000 0.5637 0.0202
v 0.184235 0.084594 -0.119368 1.0000 0.5637 0.0202
v 0.192583 0.090439 -0.120198 1.0000 0.5637 0.0202
v 0.197473 0.090485 -0.116773 1.0000 0.5637 0.0202
v 0.200893 0.090958 -0.111742 1.0000 0.5637 0.0202
v 0.201658 0.090482 -0.105705 1.0000 0.5637 0.0202
v 0.200261 0.090438 -0.099903 1.0000 0.5637 0.0202
v 0.193454 0.084594 -0.094999 1.0000 0.5637 0.0202
v 0.184960 0.089045 -0.091418 1.0000 0.5637 0.0202
v 0.190988 0.088865 -0.092319 1.0000 0.5637 0.0202
v 0.172005 0.090606 -0.112115 1.0000 0.5637 0.0202
v 0.170495 0.090688 -0.106333 1.0000 0.5637 0.0202
v 0.171778 0.092279 -0.100727 1.0000 0.5637 0.0202
v 0.174528 0.090690 -0.095675 1.0000 0.5637 0.0202
v 0.179489 0.090610 -0.092340 1.0000 0.5637 0.0202
v 0.156020 0.025491 -0.089168 1.0000 0.5637 0.0202
v 0.144453 0.003586 -0.089633 1.0000 0.5637 0.0202
v 0.144260 0.004267 -0.091199 1.0000 0.5637 0.0202
v 0.147507 0.013828 -0.094811 1.0000 0.5637 0.0202
v 0.151598 0.029349 -0.099218 1.0000 0.5637 0.0202
v 0.143237 0.004537 -0.090553 1.0000 0.5637 0.0202
v 0.148835 0.028117 -0.095588 1.0000 0.5637 0.0202
v 0.150565 0.033988 -0.094063 1.0000 0.5637 0.0202
v 0.143512 0.005295 -0.089597 1.0000 0.5637 0.0202
v 0.149543 0.028238 -0.090980 1.0000 0.5637 0.0202
v 0.153642 0.029730 -0.088643 1.0000 0.5637 0.0202
v 0.135469 0.128269 -0.061907 1.0000 0.5637 0.0202
v 0.135090 0.137073 -0.063674 1.0000 0.5637 0.0202
v 0.133508 0.144528 -0.068513 1.0000 0.5637 0.0202
v 0.130963 0.149507 -0.075688 1.0000 0.5637 0.0202
v 0.127839 0.151255 -0.084104 1.0000 0.5637 0.0202
v 0.124611 0.149507 -0.092480 1.0000 0.5637 0.0202
v 0.121769 0.144528 -0.099542 1.0000 0.5637 0.0202
v 0.119752 0.137073 -0.104217 1.0000 0.5637 0.0202
v 0.118866 0.128269 -0.105792 1.0000 0.5637 0.0202
v 0.119240 0.119455 -0.104026 1.0000 0.5637 0.0202
v 0.120817 0.111975 -0.099186 1.0000 0.5637 0.0202
v 0.123363 0.106974 -0.092011 1.0000 0.5637 0.0202
v 0.126491 0.105217 -0.083594 1.0000 0.5637 0.0202
v 0.129718 0.106974 -0.075214 1.0000 0.5637 0.0202
v 0.132559 0.111975 -0.068150 1.0000 0.5637 0.0202
v 0.134580 0.119455 -0.063478 1.0000 0.5637 0.0202
v 0.184901 0.108593 -0.085260 1.0000 0.5637 0.0202
v 0.180377 0.104690 -0.085346 1.0000 0.5637 0.0202
v 0.171413 0.108552 -0.121005 1.0000 0.5637 0.0202
v 0.168045 0.104688 -0.117948 1.0000 0.5637 0.0202
v 0.161555 0.102206 -0.105233 1.0000 0.5637 0.0202
v 0.188455 0.118431 -0.107036 1.0000 0.5637 0.0202
v 0.167097 0.102206 -0.090581 1.0000 0.5637 0.0202
v 0.197896 0.104418 -0.092321 1.0000 0.5637 0.0202
v 0.175223 0.098960 -0.120078 1.0000 0.5637 0.0202
v 0.201060 0.106333 -0.097539 1.0000 0.5637 0.0202
v 0.171135 0.098015 -0.114295 1.0000 0.5637 0.0202
v 0.202061 0.107657 -0.104240 1.0000 0.5637 0.0202
v 0.170172 0.096195 -0.107501 1.0000 0.5637 0.0202
v 0.200897 0.107624 -0.111743 1.0000 0.5637 0.0202
v 0.171184 0.096062 -0.100502 1.0000 0.5637 0.0202
v 0.196805 0.107656 -0.118138 1.0000 0.5637 0.0202
v 0.175057 0.096195 -0.094585 1.0000 0.5637 0.0202
v 0.191615 0.106334 -0.122497 1.0000 0.5637 0.0202
v 0.180276 0.098015 -0.090130 1.0000 0.5637 0.0202
v 0.185791 0.104419 -0.124315 1.0000 0.5637 0.0202
v 0.193810 0.100328 -0.089574 1.0000 0.5637 0.0202
v 0.187168 0.098962 -0.088501 1.0000 0.5637 0.0202
v 0.181266 0.100205 -0.123767 1.0000 0.5637 0.0202
v 0.199412 0.098076 -0.094038 1.0000 0.5637 0.0202
v 0.188065 0.098077 -0.124033 1.0000 0.5637 0.0202
v 0.203037 0.099864 -0.099346 1.0000 0.5637 0.0202
v 0.204436 0.100604 -0.105935 1.0000 0.5637 0.0202
v 0.203271 0.100869 -0.112641 1.0000 0.5637 0.0202
v 0.199705 0.100604 -0.118439 1.0000 0.5637 0.0202
v 0.194296 0.099864 -0.122452 1.0000 0.5637 0.0202
v 0.165843 0.121311 -0.074509 1.0000 0.5637 0.0202
v 0.161015 0.115575 -0.074344 1.0000 0.5637 0.0202
v 0.149970 0.121313 -0.116449 1.0000 0.5637 0.0202
v 0.172228 0.124267 -0.079320 1.0000 0.5637 0.0202
v 0.155321 0.132226 -0.071756 1.0000 0.5637 0.0202
v 0.146248 0.115575 -0.113379 1.0000 0.5637 0.0202
v 0.170801 0.130183 -0.083737 1.0000 0.5637 0.0202
v 0.154101 0.138585 -0.076596 1.0000 0.5637 0.0202
v 0.157456 0.106294 -0.111372 1.0000 0.5637 0.0202
v 0.138678 0.111200 -0.105592 1.0000 0.5637 0.0202
v 0.168881 0.133922 -0.090616 1.0000 0.5637 0.0202
v 0.151948 0.142819 -0.083769 1.0000 0.5637 0.0202
v 0.140670 0.106914 -0.098145 1.0000 0.5637 0.0202
v 0.165387 0.135689 -0.098309 1.0000 0.5637 0.0202
v 0.148204 0.144626 -0.091808 1.0000 0.5637 0.0202
v 0.163281 0.101261 -0.097512 1.0000 0.5637 0.0202
v 0.143157 0.105570 -0.089899 1.0000 0.5637 0.0202
v 0.162913 0.133923 -0.106388 1.0000 0.5637 0.0202
v 0.145687 0.142820 -0.100311 1.0000 0.5637 0.0202
v 0.146752 0.106914 -0.082071 1.0000 0.5637 0.0202
v 0.159797 0.130184 -0.112815 1.0000 0.5637 0.0202
v 0.142555 0.138585 -0.107114 1.0000 0.5637 0.0202
v 0.168087 0.106295 -0.083266 1.0000 0.5637 0.0202
v 0.150188 0.111200 -0.075170 1.0000 0.5637 0.0202
v 0.157938 0.124271 -0.117069 1.0000 0.5637 0.0202
v 0.140270 0.132224 -0.111551 1.0000 0.5637 0.0202
v -0.150688 0.060058 -0.113993 1.0000 0.5637 0.0202
v -0.129163 0.002280 -0.108990 1.0000 0.5637 0.0202
v -0.147791 0.064434 -0.119246 1.0000 0.5637 0.0202
v -0.144918 0.060065 -0.124513 1.0000 0.5637 0.0202
v -0.157494 0.089042 -0.139823 1.0000 0.5637 0.0202
v -0.162096 0.088867 -0.143821 1.0000 0.5637 0.0202
v -0.165736 0.084598 -0.143956 1.0000 0.5637 0.0202
v -0.173888 0.090442 -0.145945 1.0000 0.5637 0.0202
v -0.179204 0.090482 -0.143235 1.0000 0.5637 0.0202
v -0.183297 0.090960 -0.138733 1.0000 0.5637 0.0202
v -0.184897 0.090481 -0.132863 1.0000 0.5637 0.0202
v -0.184326 0.090438 -0.126922 1.0000 0.5637 0.0202
v -0.178273 0.084597 -0.121114 1.0000 0.5637 0.0202
v -0.170361 0.089042 -0.116381 1.0000 0.5637 0.0202
v -0.176203 0.088863 -0.118116 1.0000 0.5637 0.0202
v -0.154640 0.090608 -0.135064 1.0000 0.5637 0.0202
v -0.153953 0.090689 -0.129127 1.0000 0.5637 0.0202
v -0.156008 0.092280 -0.123755 1.0000 0.5637 0.0202
v -0.159435 0.090688 -0.119137 1.0000 0.5637 0.0202
v -0.164813 0.090608 -0.116529 1.0000 0.5637 0.0202
v -0.130502 0.003586 -0.108949 1.0000 0.5637 0.0202
v -0.142031 0.025506 -0.110110 1.0000 0.5637 0.0202
v -0.130371 0.003566 -0.109849 1.0000 0.5637 0.0202
v -0.130046 0.004423 -0.110555 1.0000 0.5637 0.0202
v -0.136987 0.025499 -0.119289 1.0000 0.5637 0.0202
v -0.135959 0.030251 -0.118997 1.0000 0.5637 0.0202
v -0.129342 0.005191 -0.110082 1.0000 0.5637 0.0202
v -0.134529 0.030290 -0.115720 1.0000 0.5637 0.0202
v -0.129463 0.004932 -0.108724 1.0000 0.5637 0.0202
v -0.135591 0.029389 -0.111274 1.0000 0.5637 0.0202
v -0.139743 0.029738 -0.109255 1.0000 0.5637 0.0202
v -0.125483 0.128269 -0.080240 1.0000 0.5637 0.0202
v -0.124861 0.137073 -0.081937 1.0000 0.5637 0.0202
v -0.122617 0.144528 -0.086507 1.0000 0.5637 0.0202
v -0.119094 0.149507 -0.093256 1.0000 0.5637 0.0202
v -0.114824 0.151255 -0.101152 1.0000 0.5637 0.0202
v -0.110456 0.149507 -0.108994 1.0000 0.5637 0.0202
v -0.106655 0.144528 -0.115589 1.0000 0.5637 0.0202
v -0.104004 0.137073 -0.119936 1.0000 0.5637 0.0202
v -0.102907 0.128269 -0.121373 1.0000 0.5637 0.0202
v -0.103524 0.119455 -0.119676 1.0000 0.5637 0.0202
v -0.105763 0.111975 -0.115104 1.0000 0.5637 0.0202
v -0.109287 0.106974 -0.108356 1.0000 0.5637 0.0202
v -0.113561 0.105217 -0.100458 1.0000 0.5637 0.0202
v -0.117928 0.106974 -0.092612 1.0000 0.5637 0.0202
v -0.121728 0.111975 -0.086015 1.0000 0.5637 0.0202
v -0.124383 0.119455 -0.081672 1.0000 0.5637 0.0202
v -0.171164 0.108593 -0.110275 1.0000 0.5637 0.0202
v -0.166672 0.104689 -0.109727 1.0000 0.5637 0.0202
v -0.152777 0.108592 -0.143780 1.0000 0.5637 0.0202
v -0.149903 0.104688 -0.140285 1.0000 0.5637 0.0202
v -0.145253 0.102207 -0.126787 1.0000 0.5637 0.0202
v -0.171638 0.118431 -0.132334 1.0000 0.5637 0.0202
v -0.152792 0.102206 -0.113056 1.0000 0.5637 0.0202
v -0.183044 0.104418 -0.119084 1.0000 0.5637 0.0202
v -0.156713 0.098959 -0.143398 1.0000 0.5637 0.0202
v -0.185447 0.106333 -0.124693 1.0000 0.5637 0.0202
v -0.153473 0.098014 -0.137100 1.0000 0.5637 0.0202
v -0.185503 0.107656 -0.131469 1.0000 0.5637 0.0202
v -0.153469 0.096195 -0.130237 1.0000 0.5637 0.0202
v -0.183300 0.107624 -0.138735 1.0000 0.5637 0.0202
v -0.155450 0.096062 -0.123449 1.0000 0.5637 0.0202
v -0.178354 0.107656 -0.144494 1.0000 0.5637 0.0202
v -0.160113 0.096195 -0.118133 1.0000 0.5637 0.0202
v -0.172606 0.106333 -0.148085 1.0000 0.5637 0.0202
v -0.165904 0.098014 -0.114451 1.0000 0.5637 0.0202
v -0.166586 0.104417 -0.149072 1.0000 0.5637 0.0202
v -0.179383 0.100325 -0.115794 1.0000 0.5637 0.0202
v -0.172957 0.098961 -0.113802 1.0000 0.5637 0.0202
v -0.161843 0.100326 -0.147750 1.0000 0.5637 0.0202
v -0.184306 0.098078 -0.120996 1.0000 0.5637 0.0202
v -0.168876 0.098077 -0.149109 1.0000 0.5637 0.0202
v -0.187152 0.099864 -0.126759 1.0000 0.5637 0.0202
v -0.187616 0.100604 -0.133478 1.0000 0.5637 0.0202
v -0.185525 0.100869 -0.139956 1.0000 0.5637 0.0202
v -0.181183 0.100604 -0.145198 1.0000 0.5637 0.0202
v -0.175266 0.099864 -0.148415 1.0000 0.5637 0.0202
v -0.153791 0.121314 -0.096962 1.0000 0.5637 0.0202
v -0.149042 0.115575 -0.096128 1.0000 0.5637 0.0202
v -0.132216 0.121314 -0.136273 1.0000 0.5637 0.0202
v -0.159444 0.124269 -0.102619 1.0000 0.5637 0.0202
v -0.143764 0.132225 -0.092769 1.0000 0.5637 0.0202
v -0.128959 0.115574 -0.132713 1.0000 0.5637 0.0202
v -0.157419 0.130181 -0.106796 1.0000 0.5637 0.0202
v -0.141881 0.138584 -0.097392 1.0000 0.5637 0.0202
v -0.140335 0.106295 -0.132293 1.0000 0.5637 0.0202
v -0.122550 0.111200 -0.123943 1.0000 0.5637 0.0202
v -0.154555 0.133921 -0.113340 1.0000 0.5637 0.0202
v -0.138744 0.142819 -0.104192 1.0000 0.5637 0.0202
v -0.125566 0.106914 -0.116850 1.0000 0.5637 0.0202
v -0.150020 0.135687 -0.120469 1.0000 0.5637 0.0202
v -0.133914 0.144625 -0.111629 1.0000 0.5637 0.0202
v -0.148044 0.101261 -0.119384 1.0000 0.5637 0.0202
v -0.129182 0.105570 -0.109032 1.0000 0.5637 0.0202
v -0.146439 0.133922 -0.128122 1.0000 0.5637 0.0202
v -0.130232 0.142820 -0.119697 1.0000 0.5637 0.0202
v -0.133835 0.106914 -0.101783 1.0000 0.5637 0.0202
v -0.142450 0.130187 -0.134047 1.0000 0.5637 0.0202
v -0.126178 0.138586 -0.125993 1.0000 0.5637 0.0202
v -0.154793 0.106295 -0.105949 1.0000 0.5637 0.0202
v -0.138204 0.111200 -0.095432 1.0000 0.5637 0.0202
v -0.140025 0.124267 -0.138005 1.0000 0.5637 0.0202
v -0.123291 0.132226 -0.130065 1.0000 0.5637 0.0202
v 0.290872 0.246081 0.179052 1.0000 0.5637 0.0202
v 0.283903 0.243160 0.187894 1.0000 0.5637 0.0202
v 0.284626 0.236928 0.179438 1.0000 0.5637 0.0202
v 0.276035 0.232093 0.200922 1.0000 0.5637 0.0202
v 0.275404 0.223201 0.182528 1.0000 0.5637 0.0202
v 0.257408 0.209813 0.210895 1.0000 0.5637 0.0202
v 0.261879 0.191889 0.182767 1.0000 0.5637 0.0202
v 0.269215 0.206830 0.186376 1.0000 0.5637 0.0202
v 0.266651 0.221595 0.208032 1.0000 0.5637 0.0202
v 0.228216 0.160691 0.199555 1.0000 0.5637 0.0202
v 0.237837 0.151412 0.175975 1.0000 0.5637 0.0202
v 0.244880 0.190134 0.209895 1.0000 0.5637 0.0202
v 0.235498 0.171064 0.205125 1.0000 0.5637 0.0202
v 0.248175 0.154821 0.188096 1.0000 0.5637 0.0202
v 0.260550 0.164526 0.180641 1.0000 0.5637 0.0202
v 0.259299 0.179083 0.176546 1.0000 0.5637 0.0202
v 0.247385 0.150954 0.157394 1.0000 0.5637 0.0202
v 0.258705 0.154076 0.162684 1.0000 0.5637 0.0202
v 0.268132 0.165920 0.167002 1.0000 0.5637 0.0202
v 0.264654 0.180198 0.164652 1.0000 0.5637 0.0202
v 0.293978 0.200761 0.120915 1.0000 0.5637 0.0202
v 0.297195 0.203930 0.122351 1.0000 0.5637 0.0202
v 0.296127 0.204937 0.123928 1.0000 0.5637 0.0202
v 0.276919 0.163721 0.138814 1.0000 0.5637 0.0202
v 0.266032 0.161050 0.133187 1.0000 0.5637 0.0202
v 0.282617 0.172383 0.146922 1.0000 0.5637 0.0202
v 0.279990 0.187886 0.143478 1.0000 0.5637 0.0202
v 0.268147 0.158351 0.149848 1.0000 0.5637 0.0202
v 0.256923 0.154911 0.143778 1.0000 0.5637 0.0202
v 0.283549 0.184264 0.122007 1.0000 0.5637 0.0202
v 0.286369 0.194179 0.135017 1.0000 0.5637 0.0202
v 0.289432 0.185480 0.126330 1.0000 0.5637 0.0202
v 0.290913 0.187440 0.132522 1.0000 0.5637 0.0202
v 0.283891 0.172337 0.131934 1.0000 0.5637 0.0202
v 0.275193 0.170356 0.126663 1.0000 0.5637 0.0202
v 0.290089 0.239220 0.183598 1.0000 0.5637 0.0202
v 0.284355 0.221919 0.197552 1.0000 0.5637 0.0202
v 0.263556 0.186495 0.201433 1.0000 0.5637 0.0202
v 0.276857 0.208340 0.202328 1.0000 0.5637 0.0202
v 0.234769 0.153786 0.186592 1.0000 0.5637 0.0202
v 0.255774 0.170654 0.199819 1.0000 0.5637 0.0202
v 0.240563 0.161857 0.200578 1.0000 0.5637 0.0202
v 0.254572 0.158143 0.189167 1.0000 0.5637 0.0202
v 0.265926 0.158197 0.166141 1.0000 0.5637 0.0202
v 0.282845 0.166362 0.143280 1.0000 0.5637 0.0202
v 0.288752 0.175438 0.134885 1.0000 0.5637 0.0202
v 0.251081 0.163821 0.198726 1.0000 0.5637 0.0202
v 0.270368 0.236792 0.197912 1.0000 0.5637 0.0202
v 0.252294 0.214080 0.209725 1.0000 0.5637 0.0202
v 0.257581 0.194522 0.177788 1.0000 0.5637 0.0202
v 0.261742 0.225629 0.206496 1.0000 0.5637 0.0202
v 0.264758 0.208947 0.181961 1.0000 0.5637 0.0202
v 0.232397 0.152792 0.172729 1.0000 0.5637 0.0202
v 0.255419 0.185371 0.170763 1.0000 0.5637 0.0202
v 0.243507 0.200658 0.209635 1.0000 0.5637 0.0202
v 0.234493 0.184599 0.206935 1.0000 0.5637 0.0202
v 0.228305 0.171343 0.202531 1.0000 0.5637 0.0202
v 0.241706 0.152375 0.154831 1.0000 0.5637 0.0202
v 0.260822 0.186283 0.162099 1.0000 0.5637 0.0202
v 0.294404 0.206805 0.123015 1.0000 0.5637 0.0202
v 0.297321 0.207892 0.120609 1.0000 0.5637 0.0202
v 0.276114 0.193001 0.142595 1.0000 0.5637 0.0202
v 0.260338 0.162574 0.130730 1.0000 0.5637 0.0202
v 0.251285 0.156290 0.141061 1.0000 0.5637 0.0202
v 0.284460 0.198594 0.133515 1.0000 0.5637 0.0202
v 0.270149 0.172089 0.124146 1.0000 0.5637 0.0202
v 0.228372 0.155208 0.183369 1.0000 0.5637 0.0202
v 0.271496 0.198925 0.195218 1.0000 0.5637 0.0202
v 0.262384 0.179002 0.190907 1.0000 0.5637 0.0202
v 0.258635 0.166772 0.191528 1.0000 0.5637 0.0202
v 0.282786 0.220436 0.192277 1.0000 0.5637 0.0202
v 0.288133 0.238888 0.188268 1.0000 0.5637 0.0202
v 0.282234 0.225832 0.200721 1.0000 0.5637 0.0202
v 0.265365 0.201136 0.208603 1.0000 0.5637 0.0202
v 0.274163 0.213623 0.206983 1.0000 0.5637 0.0202
v 0.251350 0.177157 0.206341 1.0000 0.5637 0.0202
v 0.246218 0.168392 0.204364 1.0000 0.5637 0.0202
v 0.225447 0.159104 0.193402 1.0000 0.5637 0.0202
v 0.270335 0.226474 0.181356 1.0000 0.5637 0.0202
v 0.247642 0.216245 0.205321 1.0000 0.5637 0.0202
v 0.251808 0.198531 0.177066 1.0000 0.5637 0.0202
v 0.259700 0.213096 0.180946 1.0000 0.5637 0.0202
v 0.257054 0.227915 0.202555 1.0000 0.5637 0.0202
v 0.222658 0.164873 0.196674 1.0000 0.5637 0.0202
v 0.228504 0.157645 0.170945 1.0000 0.5637 0.0202
v 0.235380 0.196602 0.204452 1.0000 0.5637 0.0202
v 0.225426 0.177856 0.199484 1.0000 0.5637 0.0202
v 0.222183 0.172127 0.173681 1.0000 0.5637 0.0202
v 0.232303 0.183185 0.165353 1.0000 0.5637 0.0202
v 0.246353 0.187674 0.169515 1.0000 0.5637 0.0202
v 0.238155 0.157121 0.152449 1.0000 0.5637 0.0202
v 0.235553 0.169525 0.150314 1.0000 0.5637 0.0202
v 0.240731 0.184329 0.152536 1.0000 0.5637 0.0202
v 0.253876 0.187472 0.158991 1.0000 0.5637 0.0202
v 0.291090 0.202404 0.119753 1.0000 0.5637 0.0202
v 0.293129 0.206823 0.120385 1.0000 0.5637 0.0202
v 0.253179 0.179214 0.128468 1.0000 0.5637 0.0202
v 0.256905 0.167616 0.128659 1.0000 0.5637 0.0202
v 0.256119 0.191509 0.133468 1.0000 0.5637 0.0202
v 0.273321 0.195462 0.136339 1.0000 0.5637 0.0202
v 0.247772 0.161261 0.138966 1.0000 0.5637 0.0202
v 0.278289 0.188190 0.119867 1.0000 0.5637 0.0202
v 0.276732 0.198002 0.121021 1.0000 0.5637 0.0202
v 0.275113 0.198885 0.124739 1.0000 0.5637 0.0202
v 0.263983 0.186627 0.122371 1.0000 0.5637 0.0202
v 0.266609 0.176560 0.122522 1.0000 0.5637 0.0202
v 0.292913 0.246539 0.176008 1.0000 0.5637 0.0202
v 0.282894 0.243958 0.179493 1.0000 0.5637 0.0202
v 0.261674 0.236855 0.184608 1.0000 0.5637 0.0202
v 0.235237 0.204612 0.185399 1.0000 0.5637 0.0202
v 0.249436 0.226397 0.186679 1.0000 0.5637 0.0202
v 0.224521 0.160702 0.180588 1.0000 0.5637 0.0202
v 0.225693 0.190500 0.182890 1.0000 0.5637 0.0202
v 0.220721 0.174660 0.189555 1.0000 0.5637 0.0202
v 0.226570 0.177712 0.164893 1.0000 0.5637 0.0202
v 0.235538 0.178520 0.150007 1.0000 0.5637 0.0202
v 0.253489 0.187810 0.128348 1.0000 0.5637 0.0202
v 0.263411 0.192972 0.123399 1.0000 0.5637 0.0202
v 0.221905 0.183089 0.182397 1.0000 0.5637 0.0202
v 0.247739 0.214582 0.181663 1.0000 0.5637 0.0202
v 0.236783 0.195916 0.176513 1.0000 0.5637 0.0202
v 0.227639 0.187300 0.174278 1.0000 0.5637 0.0202
v 0.264201 0.232675 0.181671 1.0000 0.5637 0.0202
v 0.222942 0.180829 0.173949 1.0000 0.5637 0.0202
v 0.279884 0.244320 0.183560 1.0000 0.5637 0.0202
v 0.262838 0.238605 0.189651 1.0000 0.5637 0.0202
v 0.241545 0.216823 0.195009 1.0000 0.5637 0.0202
v 0.222252 0.163421 0.191352 1.0000 0.5637 0.0202
v 0.250740 0.229048 0.193615 1.0000 0.5637 0.0202
v 0.226899 0.193091 0.192473 1.0000 0.5637 0.0202
v 0.222372 0.184066 0.190925 1.0000 0.5637 0.0202
v -0.142933 0.262635 0.196951 1.0000 0.5637 0.0202
v -0.139853 0.259325 0.186237 1.0000 0.5637 0.0202
v -0.141422 0.252127 0.193757 1.0000 0.5637 0.0202
v -0.130355 0.249929 0.172985 1.0000 0.5637 0.0202
v -0.137628 0.236783 0.187075 1.0000 0.5637 0.0202
v -0.124074 0.220908 0.155822 1.0000 0.5637 0.0202
v -0.127807 0.213850 0.187979 1.0000 0.5637 0.0202
v -0.129537 0.222566 0.182176 1.0000 0.5637 0.0202
v -0.125574 0.237989 0.161998 1.0000 0.5637 0.0202
v -0.132194 0.167787 0.182864 1.0000 0.5637 0.0202
v -0.132527 0.173173 0.210466 1.0000 0.5637 0.0202
v -0.125836 0.202634 0.160215 1.0000 0.5637 0.0202
v -0.127821 0.184216 0.170504 1.0000 0.5637 0.0202
v -0.120202 0.177962 0.200985 1.0000 0.5637 0.0202
v -0.118420 0.194716 0.204835 1.0000 0.5637 0.0202
v -0.127441 0.205700 0.199935 1.0000 0.5637 0.0202
v -0.134215 0.184273 0.228361 1.0000 0.5637 0.0202
v -0.124257 0.191533 0.224820 1.0000 0.5637 0.0202
v -0.120062 0.205873 0.218945 1.0000 0.5637 0.0202
v -0.129545 0.213207 0.210163 1.0000 0.5637 0.0202
v -0.131040 0.261459 0.233977 1.0000 0.5637 0.0202
v -0.129011 0.264705 0.231185 1.0000 0.5637 0.0202
v -0.130726 0.264654 0.228820 1.0000 0.5637 0.0202
v -0.124133 0.218060 0.241374 1.0000 0.5637 0.0202
v -0.134459 0.212748 0.246410 1.0000 0.5637 0.0202
v -0.119985 0.231374 0.233162 1.0000 0.5637 0.0202
v -0.128766 0.231937 0.222398 1.0000 0.5637 0.0202
v -0.124885 0.204442 0.235066 1.0000 0.5637 0.0202
v -0.135240 0.197889 0.240207 1.0000 0.5637 0.0202
v -0.132955 0.243913 0.242319 1.0000 0.5637 0.0202
v -0.129319 0.246051 0.226282 1.0000 0.5637 0.0202
v -0.126821 0.245858 0.238699 1.0000 0.5637 0.0202
v -0.125371 0.249708 0.232327 1.0000 0.5637 0.0202
v -0.124183 0.231100 0.241876 1.0000 0.5637 0.0202
v -0.132800 0.227506 0.246532 1.0000 0.5637 0.0202
v -0.143910 0.263146 0.200476 1.0000 0.5637 0.0202
v -0.136904 0.257775 0.194055 1.0000 0.5637 0.0202
v -0.122300 0.244430 0.182417 1.0000 0.5637 0.0202
v -0.114401 0.215501 0.172449 1.0000 0.5637 0.0202
v -0.115984 0.230744 0.174516 1.0000 0.5637 0.0202
v -0.131420 0.167590 0.188912 1.0000 0.5637 0.0202
v -0.115363 0.191517 0.184495 1.0000 0.5637 0.0202
v -0.122854 0.174897 0.185338 1.0000 0.5637 0.0202
v -0.116096 0.184006 0.199841 1.0000 0.5637 0.0202
v -0.119173 0.202028 0.225964 1.0000 0.5637 0.0202
v -0.118516 0.221836 0.237006 1.0000 0.5637 0.0202
v -0.120149 0.234438 0.238078 1.0000 0.5637 0.0202
v -0.116545 0.183124 0.188273 1.0000 0.5637 0.0202
v -0.137951 0.250370 0.170778 1.0000 0.5637 0.0202
v -0.130138 0.221712 0.153039 1.0000 0.5637 0.0202
v -0.134642 0.214469 0.189495 1.0000 0.5637 0.0202
v -0.131519 0.238621 0.159374 1.0000 0.5637 0.0202
v -0.135945 0.221321 0.182310 1.0000 0.5637 0.0202
v -0.138791 0.168403 0.182407 1.0000 0.5637 0.0202
v -0.138868 0.171676 0.211078 1.0000 0.5637 0.0202
v -0.135861 0.209451 0.200185 1.0000 0.5637 0.0202
v -0.132009 0.203090 0.157315 1.0000 0.5637 0.0202
v -0.134146 0.185024 0.167441 1.0000 0.5637 0.0202
v -0.135367 0.173865 0.176050 1.0000 0.5637 0.0202
v -0.140403 0.182776 0.228439 1.0000 0.5637 0.0202
v -0.136235 0.216171 0.208087 1.0000 0.5637 0.0202
v -0.131117 0.268342 0.230135 1.0000 0.5637 0.0202
v -0.134651 0.234700 0.219651 1.0000 0.5637 0.0202
v -0.140793 0.211730 0.246856 1.0000 0.5637 0.0202
v -0.141516 0.196651 0.240681 1.0000 0.5637 0.0202
v -0.133204 0.248765 0.224587 1.0000 0.5637 0.0202
v -0.138702 0.227127 0.247037 1.0000 0.5637 0.0202
v -0.136412 0.166252 0.189943 1.0000 0.5637 0.0202
v -0.119670 0.226652 0.179386 1.0000 0.5637 0.0202
v -0.117927 0.203303 0.188805 1.0000 0.5637 0.0202
v -0.115451 0.192075 0.194294 1.0000 0.5637 0.0202
v -0.125709 0.240993 0.185426 1.0000 0.5637 0.0202
v -0.117848 0.214321 0.180960 1.0000 0.5637 0.0202
v -0.131156 0.169753 0.201087 1.0000 0.5637 0.0202
v -0.137788 0.167453 0.200726 1.0000 0.5637 0.0202
v -0.134932 0.257858 0.189382 1.0000 0.5637 0.0202
v -0.123609 0.247571 0.178143 1.0000 0.5637 0.0202
v -0.116135 0.217300 0.163848 1.0000 0.5637 0.0202
v -0.117560 0.234706 0.168597 1.0000 0.5637 0.0202
v -0.117271 0.202269 0.169049 1.0000 0.5637 0.0202
v -0.118805 0.183310 0.179532 1.0000 0.5637 0.0202
v -0.142871 0.237141 0.184242 1.0000 0.5637 0.0202
v -0.136778 0.220873 0.153681 1.0000 0.5637 0.0202
v -0.141027 0.214299 0.186517 1.0000 0.5637 0.0202
v -0.141717 0.222098 0.179188 1.0000 0.5637 0.0202
v -0.137881 0.237332 0.158890 1.0000 0.5637 0.0202
v -0.144775 0.173186 0.209015 1.0000 0.5637 0.0202
v -0.138710 0.203177 0.158966 1.0000 0.5637 0.0202
v -0.141162 0.183906 0.170063 1.0000 0.5637 0.0202
v -0.141096 0.174944 0.177015 1.0000 0.5637 0.0202
v -0.154187 0.178826 0.196872 1.0000 0.5637 0.0202
v -0.155300 0.196529 0.201132 1.0000 0.5637 0.0202
v -0.144377 0.206590 0.198252 1.0000 0.5637 0.0202
v -0.146269 0.184926 0.227085 1.0000 0.5637 0.0202
v -0.154459 0.193198 0.221625 1.0000 0.5637 0.0202
v -0.155611 0.206378 0.213048 1.0000 0.5637 0.0202
v -0.143608 0.214152 0.208670 1.0000 0.5637 0.0202
v -0.134542 0.261580 0.233632 1.0000 0.5637 0.0202
v -0.134292 0.265433 0.230604 1.0000 0.5637 0.0202
v -0.133427 0.264583 0.228823 1.0000 0.5637 0.0202
v -0.153744 0.221896 0.238074 1.0000 0.5637 0.0202
v -0.146427 0.214295 0.245087 1.0000 0.5637 0.0202
v -0.154587 0.227679 0.226584 1.0000 0.5637 0.0202
v -0.141537 0.234848 0.221615 1.0000 0.5637 0.0202
v -0.154875 0.207168 0.231927 1.0000 0.5637 0.0202
v -0.147237 0.199010 0.238944 1.0000 0.5637 0.0202
v -0.140251 0.247709 0.239545 1.0000 0.5637 0.0202
v -0.137968 0.247135 0.225309 1.0000 0.5637 0.0202
v -0.144429 0.248297 0.230478 1.0000 0.5637 0.0202
v -0.150125 0.234675 0.238961 1.0000 0.5637 0.0202
v -0.144022 0.229055 0.245265 1.0000 0.5637 0.0202
v -0.146084 0.257271 0.191672 1.0000 0.5637 0.0202
v -0.151239 0.242681 0.174508 1.0000 0.5637 0.0202
v -0.151000 0.213220 0.169488 1.0000 0.5637 0.0202
v -0.151193 0.229241 0.166073 1.0000 0.5637 0.0202
v -0.141880 0.167796 0.190055 1.0000 0.5637 0.0202
v -0.154888 0.192565 0.181361 1.0000 0.5637 0.0202
v -0.151482 0.177519 0.188645 1.0000 0.5637 0.0202
v -0.157474 0.185832 0.195844 1.0000 0.5637 0.0202
v -0.158404 0.199903 0.217125 1.0000 0.5637 0.0202
v -0.157112 0.226860 0.232710 1.0000 0.5637 0.0202
v -0.158493 0.213589 0.226273 1.0000 0.5637 0.0202
v -0.152147 0.238922 0.234517 1.0000 0.5637 0.0202
v -0.155019 0.184910 0.185024 1.0000 0.5637 0.0202
v -0.149558 0.225485 0.172249 1.0000 0.5637 0.0202
v -0.151617 0.204855 0.185666 1.0000 0.5637 0.0202
v -0.156214 0.194067 0.190535 1.0000 0.5637 0.0202
v -0.149454 0.239539 0.179014 1.0000 0.5637 0.0202
v -0.149366 0.215272 0.177347 1.0000 0.5637 0.0202
v -0.144196 0.169224 0.198931 1.0000 0.5637 0.0202
v -0.145481 0.257200 0.186553 1.0000 0.5637 0.0202
v -0.148379 0.246038 0.171408 1.0000 0.5637 0.0202
v -0.147306 0.218064 0.159839 1.0000 0.5637 0.0202
v -0.140857 0.169586 0.185473 1.0000 0.5637 0.0202
v -0.147623 0.233276 0.161228 1.0000 0.5637 0.0202
v -0.150042 0.193995 0.171126 1.0000 0.5637 0.0202
v -0.148434 0.176465 0.182165 1.0000 0.5637 0.0202
v -0.150891 0.183370 0.177545 1.0000 0.5637 0.0202
v 0.174201 0.060061 0.077885 1.0000 0.5637 0.0202
v 0.171706 0.064434 0.083339 1.0000 0.5637 0.0202
v 0.169236 0.060068 0.088806 1.0000 0.5637 0.0202
v 0.182924 0.089041 0.103132 1.0000 0.5637 0.0202
v 0.187810 0.088864 0.106773 1.0000 0.5637 0.0202
v 0.191453 0.084599 0.106636 1.0000 0.5637 0.0202
v 0.199726 0.090436 0.108007 1.0000 0.5637 0.0202
v 0.204827 0.090480 0.104908 1.0000 0.5637 0.0202
v 0.208570 0.090956 0.100111 1.0000 0.5637 0.0202
v 0.209729 0.090483 0.094138 1.0000 0.5637 0.0202
v 0.152626 0.002065 0.074743 1.0000 0.5637 0.0202
v 0.208711 0.090435 0.088256 1.0000 0.5637 0.0202
v 0.202240 0.084593 0.082920 1.0000 0.5637 0.0202
v 0.193999 0.089042 0.078791 1.0000 0.5637 0.0202
v 0.199956 0.088868 0.080083 1.0000 0.5637 0.0202
v 0.179721 0.090609 0.098600 1.0000 0.5637 0.0202
v 0.178591 0.090689 0.092730 1.0000 0.5637 0.0202
v 0.180238 0.092282 0.087221 1.0000 0.5637 0.0202
v 0.183310 0.090687 0.082359 1.0000 0.5637 0.0202
v 0.188478 0.090611 0.079355 1.0000 0.5637 0.0202
v 0.164942 0.029348 0.073967 1.0000 0.5637 0.0202
v 0.158944 0.013846 0.074173 1.0000 0.5637 0.0202
v 0.153980 0.003858 0.074643 1.0000 0.5637 0.0202
v 0.153358 0.004419 0.076000 1.0000 0.5637 0.0202
v 0.160921 0.025464 0.084178 1.0000 0.5637 0.0202
v 0.159894 0.030265 0.083982 1.0000 0.5637 0.0202
v 0.152420 0.004533 0.075205 1.0000 0.5637 0.0202
v 0.158217 0.030289 0.080816 1.0000 0.5637 0.0202
v 0.154472 0.014181 0.075246 1.0000 0.5637 0.0202
v 0.160562 0.033993 0.076866 1.0000 0.5637 0.0202
v 0.153161 0.004509 0.074062 1.0000 0.5637 0.0202
v 0.162251 0.030713 0.074417 1.0000 0.5637 0.0202
v 0.146539 0.128270 0.046113 1.0000 0.5637 0.0202
v 0.146046 0.137073 0.047852 1.0000 0.5637 0.0202
v 0.144151 0.144528 0.052578 1.0000 0.5637 0.0202
v 0.141143 0.149507 0.059571 1.0000 0.5637 0.0202
v 0.137477 0.151255 0.067765 1.0000 0.5637 0.0202
v 0.133708 0.149507 0.075912 1.0000 0.5637 0.0202
v 0.130412 0.144528 0.082774 1.0000 0.5637 0.0202
v 0.128094 0.137073 0.087307 1.0000 0.5637 0.0202
v 0.127108 0.128269 0.088822 1.0000 0.5637 0.0202
v 0.127596 0.119455 0.087083 1.0000 0.5637 0.0202
v 0.129486 0.111975 0.082357 1.0000 0.5637 0.0202
v 0.132494 0.106974 0.075363 1.0000 0.5637 0.0202
v 0.136165 0.105217 0.067168 1.0000 0.5637 0.0202
v 0.139932 0.106974 0.059016 1.0000 0.5637 0.0202
v 0.143228 0.111975 0.052153 1.0000 0.5637 0.0202
v 0.145550 0.119455 0.047623 1.0000 0.5637 0.0202
v 0.194342 0.108593 0.072642 1.0000 0.5637 0.0202
v 0.189821 0.104690 0.072433 1.0000 0.5637 0.0202
v 0.178515 0.108593 0.107431 1.0000 0.5637 0.0202
v 0.175388 0.104688 0.104161 1.0000 0.5637 0.0202
v 0.169742 0.102206 0.091050 1.0000 0.5637 0.0202
v 0.196467 0.118431 0.094604 1.0000 0.5637 0.0202
v 0.176228 0.102206 0.076791 1.0000 0.5637 0.0202
v 0.206848 0.104418 0.080537 1.0000 0.5637 0.0202
v 0.182412 0.098960 0.106755 1.0000 0.5637 0.0202
v 0.209664 0.106334 0.085950 1.0000 0.5637 0.0202
v 0.178709 0.098015 0.100717 1.0000 0.5637 0.0202
v 0.210227 0.107657 0.092702 1.0000 0.5637 0.0202
v 0.178191 0.096196 0.093874 1.0000 0.5637 0.0202
v 0.208575 0.107624 0.100114 1.0000 0.5637 0.0202
v 0.179659 0.096062 0.086957 1.0000 0.5637 0.0202
v 0.204074 0.107656 0.106227 1.0000 0.5637 0.0202
v 0.183909 0.096196 0.081306 1.0000 0.5637 0.0202
v 0.198612 0.106333 0.110239 1.0000 0.5637 0.0202
v 0.189408 0.098015 0.077201 1.0000 0.5637 0.0202
v 0.192681 0.104418 0.111673 1.0000 0.5637 0.0202
v 0.202950 0.100326 0.077530 1.0000 0.5637 0.0202
v 0.196393 0.098961 0.076026 1.0000 0.5637 0.0202
v 0.187854 0.100326 0.110710 1.0000 0.5637 0.0202
v 0.208249 0.098076 0.082348 1.0000 0.5637 0.0202
v 0.194968 0.098076 0.111539 1.0000 0.5637 0.0202
v 0.211520 0.099864 0.087883 1.0000 0.5637 0.0202
v 0.212485 0.100604 0.094548 1.0000 0.5637 0.0202
v 0.210885 0.100869 0.101165 1.0000 0.5637 0.0202
v 0.206949 0.100604 0.106717 1.0000 0.5637 0.0202
v 0.201289 0.099864 0.110369 1.0000 0.5637 0.0202
v 0.176018 0.121315 0.060668 1.0000 0.5637 0.0202
v 0.171215 0.115576 0.060190 1.0000 0.5637 0.0202
v 0.157445 0.121316 0.101484 1.0000 0.5637 0.0202
v 0.182083 0.124267 0.065888 1.0000 0.5637 0.0202
v 0.165712 0.132223 0.057240 1.0000 0.5637 0.0202
v 0.153940 0.115574 0.098180 1.0000 0.5637 0.0202
v 0.180376 0.130180 0.070204 1.0000 0.5637 0.0202
v 0.164171 0.138586 0.061986 1.0000 0.5637 0.0202
v 0.165250 0.106294 0.096908 1.0000 0.5637 0.0202
v 0.146885 0.111200 0.089912 1.0000 0.5637 0.0202
v 0.178009 0.133921 0.076943 1.0000 0.5637 0.0202
v 0.161554 0.142820 0.069003 1.0000 0.5637 0.0202
v 0.149364 0.106914 0.082614 1.0000 0.5637 0.0202
v 0.174018 0.135689 0.084390 1.0000 0.5637 0.0202
v 0.157299 0.144625 0.076783 1.0000 0.5637 0.0202
v 0.171969 0.101261 0.083458 1.0000 0.5637 0.0202
v 0.152384 0.105570 0.074547 1.0000 0.5637 0.0202
v 0.171023 0.133922 0.092290 1.0000 0.5637 0.0202
v 0.154231 0.142819 0.085104 1.0000 0.5637 0.0202
v 0.156485 0.106914 0.066972 1.0000 0.5637 0.0202
v 0.167494 0.130183 0.098501 1.0000 0.5637 0.0202
v 0.150663 0.138584 0.091688 1.0000 0.5637 0.0202
v 0.177694 0.106294 0.069556 1.0000 0.5637 0.0202
v 0.160359 0.111200 0.060308 1.0000 0.5637 0.0202
v 0.165368 0.124267 0.102627 1.0000 0.5637 0.0202
v 0.148089 0.132225 0.095965 1.0000 0.5637 0.0202
v -0.183381 0.060060 0.052762 1.0000 0.5637 0.0202
v -0.181672 0.064434 0.058512 1.0000 0.5637 0.0202
v -0.179989 0.060064 0.064269 1.0000 0.5637 0.0202
v -0.195547 0.089042 0.076543 1.0000 0.5637 0.0202
v -0.200894 0.088862 0.079464 1.0000 0.5637 0.0202
v -0.204481 0.084595 0.078819 1.0000 0.5637 0.0202
v -0.212868 0.090442 0.079021 1.0000 0.5637 0.0202
v -0.217485 0.090484 0.075240 1.0000 0.5637 0.0202
v -0.220519 0.090956 0.069966 1.0000 0.5637 0.0202
v -0.217013 0.084431 0.062916 1.0000 0.5637 0.0202
v -0.161282 0.002280 0.052473 1.0000 0.5637 0.0202
v -0.219006 0.090444 0.058209 1.0000 0.5637 0.0202
v -0.211851 0.084601 0.053827 1.0000 0.5637 0.0202
v -0.203108 0.089039 0.050893 1.0000 0.5637 0.0202
v -0.209186 0.088862 0.051340 1.0000 0.5637 0.0202
v -0.191742 0.090607 0.072503 1.0000 0.5637 0.0202
v -0.189802 0.090689 0.066849 1.0000 0.5637 0.0202
v -0.190662 0.092280 0.061163 1.0000 0.5637 0.0202
v -0.193025 0.090689 0.055920 1.0000 0.5637 0.0202
v -0.197721 0.090609 0.052223 1.0000 0.5637 0.0202
v -0.174076 0.025477 0.050818 1.0000 0.5637 0.0202
v -0.162716 0.004006 0.052041 1.0000 0.5637 0.0202
v -0.162697 0.003497 0.052730 1.0000 0.5637 0.0202
v -0.162500 0.004129 0.053697 1.0000 0.5637 0.0202
v -0.171129 0.025499 0.060863 1.0000 0.5637 0.0202
v -0.161687 0.004785 0.053519 1.0000 0.5637 0.0202
v -0.170058 0.030245 0.060795 1.0000 0.5637 0.0202
v -0.167398 0.028115 0.057759 1.0000 0.5637 0.0202
v -0.169010 0.033991 0.056109 1.0000 0.5637 0.0202
v -0.161518 0.004928 0.052149 1.0000 0.5637 0.0202
v -0.167757 0.028234 0.053109 1.0000 0.5637 0.0202
v -0.171672 0.029730 0.050471 1.0000 0.5637 0.0202
v -0.151547 0.128270 0.025171 1.0000 0.5637 0.0202
v -0.151302 0.137073 0.026962 1.0000 0.5637 0.0202
v -0.150086 0.144528 0.031906 1.0000 0.5637 0.0202
v -0.148086 0.149507 0.039251 1.0000 0.5637 0.0202
v -0.145601 0.151255 0.047877 1.0000 0.5637 0.0202
v -0.143009 0.149507 0.056472 1.0000 0.5637 0.0202
v -0.140704 0.144528 0.063727 1.0000 0.5637 0.0202
v -0.139043 0.137073 0.068540 1.0000 0.5637 0.0202
v -0.138278 0.128269 0.070177 1.0000 0.5637 0.0202
v -0.138518 0.119455 0.068388 1.0000 0.5637 0.0202
v -0.139729 0.111975 0.063443 1.0000 0.5637 0.0202
v -0.141730 0.106974 0.056098 1.0000 0.5637 0.0202
v -0.144219 0.105217 0.047470 1.0000 0.5637 0.0202
v -0.146809 0.106974 0.038872 1.0000 0.5637 0.0202
v -0.149113 0.111975 0.031615 1.0000 0.5637 0.0202
v -0.150779 0.119455 0.026805 1.0000 0.5637 0.0202
v -0.202589 0.108594 0.044756 1.0000 0.5637 0.0202
v -0.198086 0.104688 0.045182 1.0000 0.5637 0.0202
v -0.191784 0.108591 0.081417 1.0000 0.5637 0.0202
v -0.188227 0.104689 0.078615 1.0000 0.5637 0.0202
v -0.180804 0.102206 0.066422 1.0000 0.5637 0.0202
v -0.207764 0.118431 0.066205 1.0000 0.5637 0.0202
v -0.185234 0.102206 0.051397 1.0000 0.5637 0.0202
v -0.216076 0.104419 0.050824 1.0000 0.5637 0.0202
v -0.195547 0.098961 0.080201 1.0000 0.5637 0.0202
v -0.219621 0.106334 0.055791 1.0000 0.5637 0.0202
v -0.191036 0.098014 0.074741 1.0000 0.5637 0.0202
v -0.221123 0.107656 0.062399 1.0000 0.5637 0.0202
v -0.189566 0.096196 0.068038 1.0000 0.5637 0.0202
v -0.220524 0.107624 0.069967 1.0000 0.5637 0.0202
v -0.190053 0.096062 0.060983 1.0000 0.5637 0.0202
v -0.216921 0.107657 0.076650 1.0000 0.5637 0.0202
v -0.193471 0.096196 0.054793 1.0000 0.5637 0.0202
v -0.212075 0.106333 0.081387 1.0000 0.5637 0.0202
v -0.198343 0.098014 0.049960 1.0000 0.5637 0.0202
v -0.206405 0.104417 0.083635 1.0000 0.5637 0.0202
v -0.211797 0.100326 0.048392 1.0000 0.5637 0.0202
v -0.205095 0.098960 0.047820 1.0000 0.5637 0.0202
v -0.201488 0.100327 0.083357 1.0000 0.5637 0.0202
v -0.217718 0.098076 0.052423 1.0000 0.5637 0.0202
v -0.221910 0.093532 0.063963 1.0000 0.5637 0.0202
v -0.208649 0.098076 0.083183 1.0000 0.5637 0.0202
v -0.221729 0.099864 0.057445 1.0000 0.5637 0.0202
v -0.223618 0.100604 0.063910 1.0000 0.5637 0.0202
v -0.222959 0.100869 0.070685 1.0000 0.5637 0.0202
v -0.219837 0.100604 0.076734 1.0000 0.5637 0.0202
v -0.214743 0.099864 0.081141 1.0000 0.5637 0.0202
v -0.182775 0.121313 0.035462 1.0000 0.5637 0.0202
v -0.177952 0.115575 0.035660 1.0000 0.5637 0.0202
v -0.170096 0.121313 0.078475 1.0000 0.5637 0.0202
v -0.189500 0.124271 0.039780 1.0000 0.5637 0.0202
v -0.172086 0.132224 0.033508 1.0000 0.5637 0.0202
v -0.166150 0.115575 0.075691 1.0000 0.5637 0.0202
v -0.188412 0.130185 0.044293 1.0000 0.5637 0.0202
v -0.171226 0.138586 0.038424 1.0000 0.5637 0.0202
v -0.177175 0.106295 0.072851 1.0000 0.5637 0.0202
v -0.158017 0.111200 0.068493 1.0000 0.5637 0.0202
v -0.187015 0.133923 0.051297 1.0000 0.5637 0.0202
v -0.169614 0.142821 0.045737 1.0000 0.5637 0.0202
v -0.159447 0.106914 0.060919 1.0000 0.5637 0.0202
v -0.184109 0.135688 0.059231 1.0000 0.5637 0.0202
v -0.166490 0.144624 0.054036 1.0000 0.5637 0.0202
v -0.181948 0.101261 0.058594 1.0000 0.5637 0.0202
v -0.161310 0.105570 0.052509 1.0000 0.5637 0.0202
v -0.182248 0.133921 0.067472 1.0000 0.5637 0.0202
v -0.164618 0.142818 0.062705 1.0000 0.5637 0.0202
v -0.164311 0.106914 0.044434 1.0000 0.5637 0.0202
v -0.179623 0.130182 0.074115 1.0000 0.5637 0.0202
v -0.162004 0.138583 0.069722 1.0000 0.5637 0.0202
v -0.185676 0.106294 0.044029 1.0000 0.5637 0.0202
v -0.167222 0.111199 0.037297 1.0000 0.5637 0.0202
v -0.178091 0.124268 0.078497 1.0000 0.5637 0.0202
v -0.160055 0.132224 0.074317 1.0000 0.5637 0.0202
v -0.003671 0.135066 0.173893 1.0000 0.5637 0.0202
v -0.039578 0.155494 0.168692 1.0000 0.5637 0.0202
v -0.051885 0.139809 0.165296 1.0000 0.5637 0.0202
v 0.006608 0.130032 0.173002 1.0000 0.5637 0.0202
v -0.047143 0.181122 0.163449 1.0000 0.5637 0.0202
v -0.061430 0.138518 0.162570 1.0000 0.5637 0.0202
v -0.031562 0.114229 0.169516 1.0000 0.5637 0.0202
v -0.023869 0.115109 0.170805 1.0000 0.5637 0.0202
v 0.027383 0.146056 0.171200 1.0000 0.5637 0.0202
v -0.071710 0.144547 0.158306 1.0000 0.5637 0.0202
v -0.018946 0.117750 0.171784 1.0000 0.5637 0.0202
v -0.039800 0.118316 0.168300 1.0000 0.5637 0.0202
v -0.006353 0.169632 0.172682 1.0000 0.5637 0.0202
v -0.042436 0.122190 0.167548 1.0000 0.5637 0.0202
v -0.044387 0.129096 0.167184 1.0000 0.5637 0.0202
v 0.027420 0.153596 0.171319 1.0000 0.5637 0.0202
v 0.009836 0.174495 0.171065 1.0000 0.5637 0.0202
v -0.014746 0.122723 0.172705 1.0000 0.5637 0.0202
v -0.002477 0.173001 0.172248 1.0000 0.5637 0.0202
v -0.017183 0.120094 0.172238 1.0000 0.5637 0.0202
v -0.061439 0.138517 0.162597 0.0000 0.0000 0.0000
v -0.055448 0.158421 0.164631 0.0000 0.0000 0.0000
v 0.022237 0.152886 0.172147 0.0000 0.0000 0.0000
v -0.006331 0.169737 0.172938 0.0000 0.0000 0.0000
v -0.005559 0.137159 0.174438 0.0000 0.0000 0.0000
v -0.039813 0.118312 0.168352 0.0000 0.0000 0.0000
v -0.063674 0.180760 0.159154 0.0000 0.0000 0.0000
v -0.072838 0.164029 0.158302 0.0000 0.0000 0.0000
v -0.047143 0.181122 0.163449 0.0000 0.0000 0.0000
v -0.039578 0.155494 0.168692 0.0000 0.0000 0.0000
v -0.051885 0.139809 0.165296 0.0000 0.0000 0.0000
v -0.071710 0.144547 0.158306 0.0000 0.0000 0.0000
v 0.027420 0.153596 0.171319 0.0000 0.0000 0.0000
v -0.003671 0.135066 0.173893 0.0000 0.0000 0.0000
v 0.022595 0.138376 0.171956 0.0000 0.0000 0.0000
v -0.002477 0.173001 0.172248 0.0000 0.0000 0.0000
v 0.027383 0.146056 0.171200 0.0000 0.0000 0.0000
v 0.024744 0.163925 0.171139 0.0000 0.0000 0.0000
v 0.006608 0.130032 0.173002 0.0000 0.0000 0.0000
v 0.009836 0.174495 0.171065 0.0000 0.0000 0.0000
v -0.053730 0.177269 0.162769 0.0000 0.0000 0.0000
v -0.054448 0.161252 0.164588 0.0000 0.0000 0.0000
v -0.056827 0.166549 0.163137 0.0000 0.0000 0.0000
v -0.056071 0.172889 0.162564 0.0000 0.0000 0.0000
v 0.011168 0.152518 0.172976 1.0000 1.0000 1.0000
v 0.011642 0.169582 0.172016 0.0000 0.0000 0.0000
v 0.017417 0.172618 0.170942 0.0000 0.0000 0.0000
v 0.016940 0.149826 0.172511 1.0000 1.0000 1.0000
v 0.008313 0.162429 0.172649 0.0000 0.0000 0.0000
v 0.024316 0.157688 0.171558 0.0000 0.0000 0.0000
v -0.042436 0.122190 0.167548 0.0000 0.0000 0.0000
v -0.035687 0.127088 0.169568 0.0000 0.0000 0.0000
v -0.017183 0.120094 0.172238 0.0000 0.0000 0.0000
v -0.044387 0.129096 0.167184 0.0000 0.0000 0.0000
v -0.014746 0.122723 0.172705 0.0000 0.0000 0.0000
v -0.031562 0.114229 0.169516 0.0000 0.0000 0.0000
v -0.023869 0.115109 0.170805 0.0000 0.0000 0.0000
v -0.018946 0.117750 0.171784 0.0000 0.0000 0.0000
v 0.011168 0.152518 0.172976 0.0000 0.0000 0.0000
v 0.019265 0.136063 0.172180 0.0000 0.0000 0.0000
v -0.011924 0.152530 0.173237 0.0000 0.0000 0.0000
v -0.040983 0.169154 0.167072 0.0000 0.0000 0.0000
v -0.051015 0.159530 0.165574 0.0000 0.0000 0.0000
v -0.046001 0.159752 0.166744 0.0000 0.0000 0.0000
v 0.022237 0.152886 0.172147 1.0000 1.0000 1.0000
v -0.011181 0.141497 0.173283 0.0000 0.0000 0.0000
v 0.016940 0.149826 0.172511 0.0000 0.0000 0.0000
v -0.010470 0.161607 0.172820 0.0000 0.0000 0.0000
v 0.021471 0.171614 0.170876 1.0000 0.5637 0.0202
v 0.023441 0.169995 0.171001 1.0000 0.5637 0.0202
v 0.023445 0.170006 0.171045 1.0000 1.0000 1.0000
v -0.053757 0.177307 0.162895 1.0000 1.0000 1.0000
v 0.021471 0.171614 0.170876 1.0000 1.0000 1.0000
v -0.040983 0.169154 0.167072 1.0000 1.0000 1.0000
v -0.046001 0.159752 0.166744 1.0000 1.0000 1.0000
v -0.051015 0.159530 0.165574 1.0000 1.0000 1.0000
v -0.047143 0.181122 0.163449 1.0000 1.0000 1.0000
v -0.054448 0.161252 0.164588 1.0000 1.0000 1.0000
v -0.056827 0.166549 0.163137 1.0000 1.0000 1.0000
v 0.024744 0.163925 0.171139 1.0000 1.0000 1.0000
v 0.024316 0.157688 0.171558 1.0000 1.0000 1.0000
v 0.011642 0.169582 0.172016 1.0000 1.0000 1.0000
v -0.056071 0.172889 0.162564 1.0000 1.0000 1.0000
v 0.017417 0.172618 0.170942 1.0000 1.0000 1.0000
v 0.008313 0.162429 0.172649 1.0000 1.0000 1.0000
v -0.041501 0.174195 0.166473 1.0000 1.0000 1.0000
v -0.043102 0.180565 0.164516 1.0000 1.0000 1.0000
s 1
f 1 217 512
f 514 513 515
f 2 520 215
f 419 2 519
f 2 419 523
f 524 3 526
f 527 3 528
f 526 3 529
f 3 527 530
f 4 423 531
f 532 4 531
f 534 4 535
f 535 4 532
f 423 4 534
f 537 5 539
f 539 5 540
f 5 537 541
f 6 544 543
f 545 7 546
f 7 545 547
f 546 7 549
f 549 7 474
f 474 7 547
f 11 8 552
f 552 8 553
f 555 8 11
f 562 10 564
f 564 10 566
f 566 10 568
f 568 10 570
f 570 10 562
f 571 11 552
f 543 11 542
f 542 11 571
f 12 206 575
f 227 12 574
f 206 12 577
f 12 227 579
f 580 13 582
f 13 580 583
f 558 13 564
f 564 13 583
f 13 558 584
f 585 2 522
f 586 2 585
f 520 2 586
f 14 588 587
f 590 15 591
f 15 590 593
f 15 592 588
f 15 466 591
f 594 16 596
f 597 17 598
f 17 597 599
f 600 17 18
f 600 18 602
f 602 18 603
f 603 18 234
f 605 19 607
f 607 19 603
f 604 19 610
f 19 605 611
f 612 20 613
f 613 20 610
f 610 20 609
f 609 20 615
f 616 21 618
f 21 2694 619
f 2694 21 616
f 604 21 619
f 618 21 604
f 22 621 620
f 622 22 624
f 624 22 620
f 621 22 627
f 627 22 622
f 628 23 630
f 617 23 628
f 618 23 617
f 627 25 635
f 238 25 622
f 635 25 637
f 638 26 640
f 641 26 643
f 643 26 638
f 646 26 641
f 648 27 649
f 23 27 631
f 631 27 648
f 651 27 23
f 29 653 657
f 655 29 656
f 659 30 661
f 664 30 662
f 661 30 664
f 670 31 669
f 664 32 672
f 672 32 674
f 675 32 664
f 32 675 677
f 674 32 676
f 683 33 682
f 684 33 683
f 687 34 407
f 689 34 686
f 692 35 696
f 696 35 698
f 35 693 698
f 689 36 699
f 699 36 701
f 701 36 702
f 702 36 703
f 703 36 689
f 702 37 704
f 705 37 702
f 37 705 707
f 708 38 710
f 710 38 712
f 714 38 708
f 713 38 714
f 251 39 252
f 717 39 718
f 252 39 717
f 697 40 720
f 721 40 723
f 723 40 697
f 724 41 726
f 726 41 728
f 729 41 720
f 720 41 724
f 728 41 729
f 732 42 733
f 42 389 735
f 733 42 734
f 737 43 738
f 43 741 740
f 741 43 737
f 725 43 739
f 743 44 744
f 746 44 743
f 744 44 748
f 748 44 745
f 45 749 732
f 752 45 732
f 751 45 752
f 754 46 755
f 46 757 756
f 757 46 758
f 46 754 738
f 758 46 738
f 758 47 760
f 761 47 758
f 47 763 48
f 764 48 765
f 48 767 766
f 767 48 763
f 769 49 771
f 772 49 769
f 49 772 774
f 775 49 773
f 50 779 778
f 780 50 777
f 50 782 781
f 50 780 784
f 782 50 783
f 771 51 786
f 786 51 787
f 787 51 788
f 788 51 775
f 789 52 791
f 791 52 792
f 792 52 793
f 53 799 798
f 799 53 795
f 54 802 801
f 803 54 804
f 802 54 803
f 54 807 806
f 807 54 262
f 810 55 812
f 812 55 808
f 813 55 810
f 809 55 813
f 815 56 817
f 56 815 808
f 56 809 819
f 817 56 818
f 809 56 808
f 785 57 821
f 786 57 785
f 57 824 823
f 824 57 822
f 823 826 825
f 59 831 830
f 831 59 832
f 832 59 800
f 800 59 834
f 834 59 830
f 835 60 67
f 60 837 836
f 826 60 825
f 837 60 826
f 61 841 840
f 838 61 843
f 843 61 839
f 841 61 64
f 846 62 830
f 834 62 849
f 63 853 852
f 853 63 470
f 854 63 851
f 63 786 787
f 63 854 822
f 69 856 855
f 64 838 858
f 846 65 70
f 859 65 846
f 65 859 861
f 863 66 865
f 865 66 867
f 868 66 870
f 66 868 871
f 866 67 872
f 819 67 866
f 68 875 837
f 68 877 876
f 877 68 874
f 878 68 876
f 875 68 878
f 881 69 883
f 856 69 880
f 884 70 885
f 842 70 884
f 70 862 886
f 71 887 502
f 889 72 890
f 891 72 889
f 72 891 74
f 72 879 893
f 879 72 892
f 74 75 895
f 892 74 894
f 75 74 898
f 898 74 891
f 901 75 897
f 904 76 906
f 906 76 907
f 907 76 908
f 909 76 904
f 912 77 272
f 272 77 914
f 77 915 3035
f 915 77 911
f 916 79 917
f 79 919 918
f 920 79 916
f 919 79 921
f 80 923 925
f 926 80 928
f 928 80 925
f 931 930 929
f 81 935 934
f 935 81 937
f 937 81 938
f 81 940 939
f 940 81 934
f 936 82 941
f 82 943 942
f 943 82 944
f 945 82 936
f 946 83 947
f 951 84 952
f 84 954 953
f 954 84 951
f 955 84 956
f 84 955 952
f 509 86 83
f 86 157 957
f 959 961 960
f 959 958 489
f 88 964 893
f 965 88 283
f 88 963 283
f 964 88 967
f 968 89 969
f 969 89 971
f 500 89 972
f 89 500 971
f 90 290 974
f 91 976 975
f 288 93 981
f 93 288 983
f 93 985 984
f 986 93 982
f 985 93 986
f 759 94 989
f 989 94 990
f 94 764 991
f 760 94 759
f 764 94 760
f 765 95 992
f 992 95 994
f 994 95 996
f 996 95 997
f 997 95 765
f 998 96 999
f 1000 96 1002
f 1002 96 1003
f 1003 96 998
f 999 96 1000
f 1005 97 1007
f 1007 97 1008
f 97 1005 1010
f 988 97 1009
f 1008 97 988
f 1012 98 993
f 993 98 394
f 1014 98 1012
f 98 1016 1015
f 98 1014 1016
f 1017 99 1014
f 1014 99 1018
f 1020 100 1021
f 1022 100 1020
f 1021 100 1023
f 100 1025 1024
f 1025 100 1022
f 101 1022 1027
f 1025 101 1029
f 1031 102 1033
f 1033 102 1034
f 1034 102 1011
f 1011 102 1008
f 1008 102 1031
f 1035 103 105
f 103 1035 1011
f 103 1039 1038
f 104 108 1041
f 104 1041 1042
f 1043 104 1044
f 1044 104 977
f 108 104 1043
f 1035 105 1047
f 1047 105 1048
f 105 1038 1049
f 1049 106 1050
f 107 106 1053
f 106 1049 1053
f 1056 107 1052
f 108 1059 1058
f 109 1063 1041
f 109 1064 110
f 1064 109 1041
f 1065 110 1064
f 1062 110 1066
f 1066 110 1068
f 110 1065 1808
f 1065 111 1069
f 1069 111 1070
f 1070 111 1071
f 1072 111 1065
f 1071 111 1072
f 1073 112 1074
f 1074 112 1075
f 1075 112 1076
f 1075 113 1078
f 113 396 1079
f 396 113 1081
f 1081 113 1082
f 1082 113 1075
f 1084 114 1083
f 1071 114 1084
f 1086 114 1071
f 1089 115 1090
f 1093 115 1091
f 1090 115 1093
f 1094 116 1095
f 116 1094 1089
f 1095 116 1097
f 1098 116 1089
f 1090 117 1099
f 117 1101 1100
f 1103 118 1104
f 118 119 1104
f 1105 118 1103
f 119 118 1107
f 119 1109 1108
f 1109 119 1111
f 1111 119 1107
f 1098 120 1113
f 120 1115 1114
f 1119 121 1122
f 1122 121 1120
f 1124 122 1126
f 1126 122 1127
f 123 1131 1118
f 1131 123 1133
f 1135 123 1118
f 1134 123 1135
f 1140 124 1142
f 1139 124 1143
f 1143 124 1140
f 1145 125 1140
f 1140 125 1144
f 125 1145 496
f 169 126 1147
f 1148 126 1150
f 1150 126 1151
f 1155 127 1156
f 1157 128 1158
f 128 1156 1158
f 128 1160 1159
f 1160 128 1157
f 1161 129 1163
f 129 1165 1164
f 1165 129 1167
f 1167 129 1168
f 129 1161 1168
f 1171 130 1169
f 1172 130 132
f 130 1171 1174
f 1175 131 1177
f 1178 131 1175
f 1180 131 1178
f 132 1174 1182
f 1173 132 137
f 132 1181 1183
f 1184 133 1185
f 1186 133 1176
f 1176 133 1184
f 134 1189 1188
f 1190 135 1191
f 1192 135 1193
f 135 1190 1193
f 1191 135 1194
f 135 1192 1194
f 1195 136 1197
f 1197 136 1200
f 136 1195 1212
f 1202 137 1203
f 1203 137 1183
f 1205 138 1207
f 1208 138 1210
f 138 1208 1211
f 138 1205 1210
f 1196 139 1195
f 1213 139 1215
f 1203 140 1196
f 1217 140 1219
f 1220 141 1222
f 1222 141 1224
f 1225 141 1223
f 1226 142 1227
f 1228 142 1229
f 142 1226 1229
f 143 1229 1226
f 1231 143 1230
f 1229 143 1232
f 143 1231 1234
f 1232 143 1233
f 1236 144 1237
f 1238 144 1236
f 144 1238 1225
f 1239 144 1223
f 144 1239 1240
f 1241 145 1138
f 1138 145 124
f 124 145 1242
f 323 146 1244
f 1244 146 1246
f 1246 146 1248
f 1243 146 323
f 1249 147 1218
f 1250 147 1252
f 148 437 1254
f 437 148 1255
f 1232 148 1254
f 1256 148 1232
f 1255 148 1256
f 1258 149 1248
f 149 1247 1248
f 1259 149 1258
f 1247 149 1261
f 1261 149 1259
f 1263 150 1262
f 150 1263 1265
f 1262 150 326
f 326 150 1264
f 151 1268 1260
f 1268 151 1269
f 1269 151 1271
f 152 1275 1274
f 152 1273 1278
f 1281 1279 1275
f 153 1282 1143
f 1282 153 1283
f 1283 153 1284
f 1285 153 1147
f 1286 154 1288
f 309 154 1290
f 1290 154 1286
f 1288 154 1292
f 1292 154 309
f 1293 155 1295
f 1296 155 1293
f 1297 155 1299
f 155 1296 1299
f 155 1297 2332
f 157 1302 957
f 1302 157 343
f 158 1938 1305
f 1938 158 490
f 957 158 1304
f 490 158 1306
f 1307 159 1309
f 159 1311 1310
f 1312 159 1307
f 160 1315 1314
f 1315 160 344
f 344 160 1317
f 160 1319 1318
f 1319 160 1313
f 1320 161 1321
f 1322 161 1320
f 1323 161 1325
f 161 1322 1325
f 1321 161 1323
f 162 1328 1327
f 163 1329 495
f 163 165 1319
f 1329 163 1330
f 163 1313 1331
f 164 1333 1332
f 1333 164 1334
f 164 345 1335
f 345 164 1337
f 164 165 1338
f 1338 165 1339
f 166 1341 1336
f 1141 166 1336
f 1342 166 1142
f 1341 166 1342
f 1343 167 1146
f 167 1345 493
f 1345 167 347
f 347 167 1344
f 168 1347 1346
f 169 125 496
f 1348 170 1349
f 1349 170 1351
f 1194 170 1348
f 1192 170 1194
f 1353 171 1335
f 171 1355 1334
f 1355 171 1194
f 1194 171 1352
f 173 205 1365
f 1368 174 1367
f 1370 175 1126
f 175 1371 1125
f 1371 175 1372
f 1372 175 1369
f 1373 176 1127
f 176 1374 1127
f 1375 176 1373
f 1374 176 1377
f 176 1375 1378
f 1135 177 1379
f 1379 177 1381
f 1381 177 1383
f 1383 177 1384
f 1384 177 1135
f 178 1386 1385
f 1387 178 1385
f 1386 178 1389
f 178 1391 1390
f 1391 178 1387
f 179 1393 1392
f 1393 179 1291
f 1389 179 1386
f 179 363 1290
f 179 1389 363
f 180 1395 1370
f 1395 180 1360
f 1360 180 1396
f 1374 180 1370
f 1397 181 1399
f 181 1400 1399
f 1401 181 1397
f 1404 182 1405
f 182 1407 1406
f 1409 182 1404
f 1403 183 1400
f 1411 183 1412
f 184 1413 1416
f 1417 184 1415
f 185 1417 1415
f 1417 185 1420
f 1423 185 1419
f 1425 186 1427
f 1427 186 1429
f 186 1431 1430
f 1432 186 1425
f 1431 186 1432
f 187 188 1434
f 188 187 1435
f 1436 187 1433
f 1435 187 1438
f 187 1436 1438
f 1439 188 1367
f 1367 188 1435
f 188 1439 1440
f 1448 194 1449
f 194 1448 1450
f 1451 194 439
f 194 1454 1453
f 1454 194 1451
f 1457 196 1459
f 1462 196 1460
f 1463 197 1465
f 197 1467 1466
f 1465 197 1469
f 1469 197 1466
f 1467 197 1463
f 1472 198 1473
f 1473 198 1475
f 1475 198 1477
f 1448 198 1472
f 1458 199 369
f 369 199 1479
f 199 1459 1480
f 200 1482 2911
f 1484 200 1483
f 1487 201 1485
f 1486 201 1483
f 1446 202 1490
f 1491 202 1489
f 1493 204 1494
f 204 201 1487
f 201 204 1495
f 1496 204 1493
f 1495 204 1496
f 205 1493 1499
f 205 1364 1500
f 207 511 512
f 1503 208 420
f 208 1 511
f 208 421 510
f 208 1503 1506
f 209 1509 1511
f 210 1515 1514
f 415 212 1519
f 212 415 1521
f 212 1522 1512
f 213 1525 521
f 214 419 1528
f 419 214 1529
f 1531 215 520
f 215 1531 220
f 1533 216 422
f 216 1533 1536
f 216 1529 1530
f 217 1537 575
f 598 218 1539
f 219 1540 1541
f 215 220 1540
f 222 1545 1544
f 223 1549 1548
f 225 531 423
f 1527 225 1552
f 225 524 525
f 524 225 1527
f 531 225 525
f 1554 620 1556
f 226 1558 547
f 226 1560 526
f 1558 226 1559
f 475 226 1557
f 226 475 1544
f 539 227 576
f 1566 1569 1568
f 1570 229 1571
f 568 229 1570
f 569 229 568
f 669 230 671
f 231 230 1570
f 1570 230 669
f 607 1576 606
f 232 585 1577
f 233 1581 1580
f 235 1585 551
f 1587 1586 612
f 1587 587 1588
f 238 1593 637
f 239 515 1595
f 580 239 1594
f 239 580 581
f 514 239 581
f 240 656 1600
f 241 655 1605
f 31 242 1606
f 1607 242 668
f 665 243 1514
f 672 243 665
f 1514 243 1516
f 1516 243 673
f 243 672 673
f 1614 246 1615
f 1616 246 1614
f 1618 246 1616
f 246 1618 684
f 247 1622 1621
f 248 247 1620
f 247 248 1624
f 674 247 1623
f 1622 247 674
f 1624 248 1625
f 1625 248 708
f 250 719 721
f 251 1632 1631
f 715 251 1630
f 1632 251 716
f 254 746 1635
f 255 1636 1639
f 1637 255 744
f 256 750 1641
f 259 1645 776
f 1648 260 1650
f 1650 260 1651
f 1651 260 853
f 1656 261 1657
f 1658 261 1659
f 1657 261 1658
f 1660 261 1656
f 52 794 1662
f 1666 262 1665
f 792 262 1666
f 1671 263 849
f 1689 265 1690
f 1690 265 1686
f 266 1692 888
f 269 1703 1702
f 269 920 916
f 1703 269 1704
f 270 1710 1709
f 933 270 1708
f 270 933 1711
f 270 1711 909
f 1710 270 909
f 271 912 913
f 1712 271 913
f 912 271 1713
f 271 1712 1715
f 1713 271 1714
f 1718 272 1719
f 272 914 1721
f 1719 272 1720
f 1727 273 1724
f 273 1727 1728
f 924 274 1729
f 275 1731 1730
f 1647 1733 1732
f 1736 277 276
f 277 1736 1737
f 277 934 1738
f 1739 278 1740
f 278 1739 1734
f 1738 934 1741
f 279 1742 443
f 1742 279 938
f 280 278 1735
f 86 509 1743
f 877 3036 1744
f 877 874 3036
f 284 283 963
f 1748 284 876
f 284 1748 282
f 283 284 1746
f 876 284 963
f 964 285 1749
f 285 970 1752
f 970 285 964
f 286 1753 1726
f 287 889 1755
f 1756 287 1754
f 1755 1750 1757
f 288 1759 1758
f 1759 288 973
f 288 980 90
f 1758 289 1761
f 289 450 1762
f 1761 289 1764
f 289 1758 1759
f 291 1766 1765
f 1766 291 1768
f 292 1771 1773
f 1774 293 1776
f 293 1774 1777
f 294 1780 1779
f 1780 294 1782
f 1783 294 1784
f 1782 294 1783
f 1784 294 1778
f 1783 1786 1782
f 295 1787 1788
f 297 450 1759
f 450 297 1792
f 297 1760 1792
f 1796 298 998
f 1003 298 1797
f 302 1054 107
f 1809 1808 1069
f 1083 305 1810
f 1811 305 114
f 306 1102 1814
f 309 1821 1292
f 309 1289 1819
f 310 991 1824
f 1827 311 1829
f 1830 311 1827
f 1150 311 1830
f 311 1150 349
f 1829 311 349
f 312 1833 1832
f 1833 312 1835
f 312 1837 1836
f 1841 1843 1842
f 1848 315 1850
f 315 314 1850
f 1851 315 1852
f 314 315 1851
f 316 1854 1853
f 1849 316 2928
f 1856 317 1857
f 317 1858 1206
f 1859 317 1856
f 1860 317 1859
f 1858 317 1860
f 318 1864 1863
f 1168 318 1862
f 1841 318 1865
f 1864 318 1841
f 318 1168 1161
f 1867 319 435
f 1857 319 1867
f 1207 319 1206
f 435 319 1207
f 1356 1861 1869
f 1871 321 1873
f 321 353 1874
f 1875 321 1876
f 353 321 1875
f 321 1871 1876
f 322 1879 1878
f 322 1177 1879
f 1234 1880 1209
f 1884 323 1194
f 1191 323 1244
f 324 1885 1886
f 1889 327 1890
f 327 1893 1892
f 1890 327 1891
f 327 1889 1280
f 1893 327 1280
f 328 1894 1237
f 1897 331 1899
f 331 1901 1900
f 1902 331 1897
f 331 1902 1905
f 1906 331 1904
f 1901 331 1906
f 334 1914 1913
f 1293 334 1912
f 1915 334 1917
f 1914 334 1915
f 334 1293 1294
f 1918 335 1920
f 335 1921 1920
f 1921 335 1922
f 335 1918 1923
f 337 1927 1926
f 1927 337 1928
f 1929 337 1925
f 1930 337 1929
f 1928 337 1930
f 1929 338 1467
f 1467 338 1932
f 1270 1298 1935
f 1324 340 1938
f 340 1305 1938
f 1305 340 961
f 961 340 1939
f 1940 341 1941
f 341 1940 1942
f 1943 341 1942
f 341 1943 1945
f 342 1947 1946
f 342 1948 1947
f 343 344 1317
f 345 1336 1354
f 493 348 1951
f 348 1347 168
f 1952 348 1330
f 348 493 1345
f 1842 1954 1866
f 500 350 1945
f 351 971 1955
f 351 1956 971
f 1960 352 1961
f 354 1962 1353
f 1266 355 1963
f 355 1266 1264
f 356 1139 1282
f 1966 357 1967
f 1968 357 1966
f 357 1968 1764
f 357 1762 1970
f 1966 358 1972
f 358 1975 1974
f 1972 358 1973
f 1975 358 1967
f 1979 359 1980
f 1980 359 1982
f 1982 359 1977
f 360 1421 185
f 1986 362 1387
f 1391 362 1987
f 1987 362 1989
f 1989 362 1986
f 365 1399 1993
f 1994 366 1995
f 1437 366 1425
f 1995 366 1437
f 1425 366 1997
f 366 1994 1998
f 368 2004 2003
f 370 2007 2006
f 371 2008 2010
f 372 2013 2014
f 373 2017 2016
f 373 2020 2019
f 2017 373 2018
f 2019 374 2021
f 2022 374 2019
f 2023 374 1982
f 374 2023 2024
f 2028 376 1471
f 377 2030 2029
f 2033 378 2034
f 2032 378 2033
f 378 1472 2036
f 1472 378 2031
f 379 2040 2039
f 381 1213 1214
f 2043 1666 2045
f 2046 382 2048
f 2051 2050 382
f 382 2050 2049
f 385 99 2060
f 2057 385 2059
f 2061 385 2057
f 2062 386 2063
f 2063 386 2064
f 2064 386 2065
f 645 2067 2066
f 387 702 2068
f 387 2069 701
f 763 47 2070
f 388 1630 1631
f 712 389 1524
f 735 389 712
f 1524 389 731
f 2074 390 2073
f 390 2074 2075
f 391 2080 2079
f 2077 391 2078
f 2080 391 2076
f 751 393 1002
f 2085 393 752
f 2086 394 2087
f 1013 394 2086
f 2087 394 1015
f 1079 396 1896
f 1896 396 2090
f 2090 396 1080
f 1898 398 2093
f 2093 398 2095
f 2095 398 1287
f 398 1898 1924
f 1287 398 1924
f 1170 399 313
f 401 400 2098
f 2098 400 910
f 910 400 2100
f 1715 400 401
f 402 2101 1685
f 402 2102 2103
f 403 2106 2105
f 2107 404 2109
f 404 2107 2111
f 2109 404 2112
f 404 2114 2113
f 2114 404 2110
f 2116 405 2117
f 796 405 53
f 53 405 2116
f 405 796 2118
f 2119 406 2121
f 406 2122 477
f 1604 406 1603
f 2122 406 1604
f 683 408 478
f 2124 408 2125
f 2125 408 683
f 409 2630 2629
f 681 409 2126
f 2630 409 2127
f 2127 409 694
f 694 409 681
f 411 2131 2136
f 2131 411 253
f 713 411 2130
f 2132 411 713
f 412 2134 2135
f 413 2137 2136
f 709 2139 2138
f 414 2142 2141
f 2142 414 2143
f 2144 414 2081
f 2081 414 2140
f 2143 415 2145
f 415 2143 2144
f 417 2147 516
f 2148 417 1522
f 2147 417 2149
f 2149 417 2148
f 2151 418 2152
f 2153 418 2151
f 2152 418 2154
f 2154 418 1553
f 418 2153 1553
f 1528 419 521
f 2419 2159 2158
f 420 511 207
f 421 2161 2160
f 421 208 1505
f 2161 421 1534
f 421 574 1537
f 422 1530 2155
f 422 2162 2164
f 1534 422 2163
f 1552 423 534
f 2165 424 975
f 424 1775 975
f 1775 424 425
f 2166 424 2165
f 425 424 2166
f 1774 425 2168
f 425 1766 1770
f 1766 425 2167
f 426 1072 2170
f 1046 426 2169
f 426 2172 1087
f 427 2174 2173
f 2175 428 2176
f 112 428 2175
f 2176 428 2179
f 428 1073 2179
f 2180 2176 2178
f 429 2181 2182
f 1989 2183 1988
f 2185 430 193
f 430 2096 1447
f 1286 430 1394
f 1394 430 2185
f 2189 431 2191
f 1250 431 2192
f 431 2189 1904
f 1842 433 2195
f 2196 433 1842
f 1727 433 2196
f 2195 433 1727
f 1205 434 2197
f 2198 434 1205
f 434 2198 1861
f 435 1211 1188
f 436 1237 1894
f 436 2199 2200
f 1452 439 2038
f 439 2204 2203
f 2204 439 1450
f 2014 440 2206
f 2206 440 1834
f 1834 440 371
f 440 2014 2013
f 2207 441 442
f 441 2207 2209
f 442 441 2210
f 441 2211 2210
f 2211 441 2208
f 443 2214 948
f 443 2046 2047
f 2216 2218 2217
f 444 987 986
f 2220 444 2222
f 2222 444 2219
f 444 2220 2224
f 445 1989 1986
f 446 2231 2232
f 447 1481 1470
f 1481 447 2234
f 2235 447 2233
f 2039 447 2235
f 447 2039 2234
f 448 1971 2237
f 1971 448 1969
f 448 2239 2238
f 2239 448 1980
f 449 2240 2241
f 449 2241 1975
f 1762 450 1791
f 451 2248 2247
f 2255 452 1397
f 2256 452 2258
f 2258 452 2255
f 1397 452 1380
f 1380 452 2256
f 2259 453 2261
f 2262 453 2259
f 1410 453 2262
f 2261 453 1994
f 1994 453 1410
f 454 2266 2265
f 454 2264 1984
f 2268 455 2893
f 455 2268 2269
f 2893 455 2270
f 455 2271 2270
f 2271 455 1424
f 456 2259 2260
f 2272 457 1428
f 1428 457 2275
f 459 2023 1983
f 2027 459 1983
f 460 2278 2026
f 460 2279 1494
f 2283 461 2284
f 2284 461 2018
f 461 2283 2285
f 463 2289 2288
f 2290 463 2287
f 1254 463 2291
f 2291 463 2290
f 2289 463 1254
f 1278 464 2288
f 1910 464 2292
f 2292 464 1278
f 465 522 2294
f 2295 465 2293
f 465 2296 1577
f 2296 465 2295
f 466 589 2298
f 2299 466 2297
f 466 15 588
f 591 466 2299
f 467 2301 2300
f 467 591 2303
f 468 2304 1582
f 780 468 2301
f 468 777 774
f 469 259 779
f 469 2305 1733
f 2305 469 2306
f 2306 469 781
f 470 1732 2305
f 470 787 1647
f 2307 471 2308
f 471 2309 2106
f 2309 471 2310
f 471 2307 770
f 1580 472 2312
f 2312 472 2314
f 472 2316 2315
f 2316 472 2311
f 2313 594 595
f 473 2319 2318
f 2319 473 2320
f 2320 473 2317
f 473 2322 2317
f 1585 474 551
f 550 474 1585
f 573 475 556
f 476 475 573
f 475 476 1543
f 477 2327 2326
f 482 2334 2337
f 484 1191 1244
f 2339 484 1885
f 1885 484 1886
f 484 2339 1190
f 2340 485 1724
f 485 2340 2342
f 1724 485 2343
f 2343 485 2345
f 936 486 2346
f 951 486 941
f 486 936 941
f 487 1649 1650
f 2348 487 2349
f 487 2351 488
f 2351 487 2350
f 1740 280 2347
f 956 953 281
f 489 944 1305
f 490 2354 1938
f 1318 491 1306
f 1319 491 1318
f 1327 491 1319
f 492 354 1354
f 1145 493 1828
f 1146 493 1145
f 494 1344 1340
f 1960 497 1958
f 2355 497 1960
f 2356 497 1872
f 498 2358 2357
f 2358 498 2359
f 498 1957 2359
f 1944 351 1943
f 351 1944 2361
f 1324 499 972
f 499 1941 350
f 500 1955 971
f 900 501 2362
f 2362 501 1690
f 501 900 903
f 911 501 2363
f 1690 501 911
f 502 864 865
f 864 502 1691
f 1691 502 887
f 503 896 87
f 896 503 878
f 503 873 836
f 504 2365 2367
f 1767 505 2368
f 505 1767 2371
f 2082 505 2370
f 2373 507 1508
f 507 1511 1509
f 2374 507 2372
f 1511 507 2374
f 2376 2141 2377
f 509 950 2381
f 509 2381 2382
f 2381 2214 2213
f 2214 2381 950
f 1743 2382 1946
f 2382 2213 1308
f 2213 2383 1307
f 2383 2213 2214
f 2383 2384 1312
f 2384 2383 2047
f 1312 2384 2386
f 2384 2048 2386
f 2388 2386 2389
f 2389 2386 2048
f 2389 2049 2392
f 2392 2049 2050
f 2392 2394 2391
f 2394 2392 2393
f 2395 2393 2397
f 2395 2399 2398
f 2399 2395 2396
f 2400 2396 784
f 2399 2400 2402
f 2400 2302 2402
f 2402 2295 2403
f 2295 2402 2303
f 2403 2406 2405
f 2406 2403 2295
f 2402 2403 2404
f 2406 2408 2407
f 2408 2406 2293
f 2408 2410 2409
f 2410 2408 2294
f 2411 216 1535
f 2411 523 1529
f 2411 2294 522
f 2410 1535 2412
f 2412 2415 2414
f 2415 2412 1535
f 2409 2412 2413
f 2413 2417 2407
f 2417 2413 2416
f 2418 2419 2420
f 2416 2420 2421
f 2420 2158 2398
f 2158 2391 2394
f 2390 2159 2422
f 2423 2159 2419
f 2425 2419 2418
f 2425 2418 2416
f 2426 2416 2413
f 2427 2430 2429
f 2430 2427 2414
f 2429 2430 2432
f 2430 2415 1536
f 2432 1536 1533
f 2431 2432 1534
f 2432 1533 1534
f 2431 2434 2433
f 2434 2431 1505
f 2433 2434 2436
f 1520 2442 2148
f 2442 420 2150
f 2446 2444 1520
f 2447 2446 1521
f 2448 2144 2078
f 2370 2079 2080
f 2450 2370 2371
f 2451 2450 1765
f 2451 2453 2452
f 2453 2451 1765
f 2453 2167 2166
f 2452 2453 1779
f 2453 2166 2165
f 1779 2165 1778
f 2223 1779 1780
f 2452 2454 2455
f 2470 2473 2472
f 2469 2470 2471
f 2474 2471 2476
f 2474 2477 2438
f 2477 2474 2475
f 2478 2475 2480
f 2477 2478 2481
f 2478 2479 2482
f 2481 2482 2484
f 2428 2484 2216
f 2428 2425 2426
f 2425 2428 2217
f 2425 2217 2218
f 2218 2423 2425
f 2486 2424 2218
f 2487 2215 2489
f 2489 2215 2216
f 2488 2489 2479
f 2489 2216 2482
f 2490 2492 2491
f 2492 2490 2476
f 2490 2480 2475
f 2492 2494 2493
f 2494 2492 2472
f 2492 2476 2471
f 2495 2497 2496
f 2497 2495 2498
f 2495 2472 2473
f 1758 2500 983
f 2500 2458 982
f 1763 2502 2501
f 2502 2504 2503
f 2504 2502 1764
f 2503 2504 2238
f 2504 1968 1969
f 2506 2505 2508
f 2505 2238 2239
f 2503 2505 2506
f 2509 2506 2511
f 2509 2512 2501
f 2512 2509 2510
f 2510 2514 2496
f 2514 2510 2513
f 2515 2514 2247
f 2516 2515 2517
f 2516 2518 2490
f 2518 2516 2520
f 2488 2518 2519
f 2520 2517 2522
f 2517 2520 2516
f 2519 2520 2521
f 2486 2519 2523
f 2486 2524 2485
f 2422 2485 2524
f 2485 2422 2159
f 2525 2524 2526
f 2524 2525 2422
f 2526 2528 2527
f 2528 2526 2523
f 2529 2528 2521
f 2530 2248 2531
f 2248 2530 2522
f 2247 2517 2515
f 2246 2513 2532
f 2511 2513 2510
f 2533 2507 2535
f 2507 2533 2511
f 2533 2535 2537
f 2535 2539 2538
f 2539 2535 2507
f 2539 1980 1981
f 1980 2539 2508
f 2538 1981 2022
f 2540 2022 2542
f 2541 2542 2544
f 2542 2019 2020
f 2544 2020 1836
f 2545 1836 1837
f 2546 1837 1952
f 1827 1951 1837
f 1951 1827 1828
f 2547 2549 2548
f 2549 2547 2550
f 1311 2550 1314
f 2550 1952 1331
f 1314 1331 1313
f 1309 1310 1948
f 1310 1314 1315
f 1308 1309 342
f 2549 2552 2551
f 2552 2549 1311
f 2551 2552 2554
f 2552 159 1312
f 2553 2554 2556
f 2554 1312 2385
f 2556 2385 2558
f 2387 2559 2385
f 2559 2387 2527
f 2387 2388 2526
f 2526 2388 2525
f 2525 2389 2390
f 2527 2560 2558
f 2560 2527 2529
f 2561 2560 2530
f 2531 2562 2561
f 2563 2562 451
f 2563 2532 2564
f 2532 2563 2246
f 2565 2536 2566
f 2536 2568 2567
f 2568 2540 2541
f 2540 2568 2537
f 2566 2567 2569
f 2567 2541 2543
f 2566 2569 2571
f 2569 2543 2572
f 2571 2572 2574
f 2572 2545 2546
f 2545 2572 2543
f 2573 2574 2548
f 2574 2546 2547
f 2573 2575 2570
f 2575 2573 2551
f 2575 2555 2570
f 2555 2575 2553
f 2245 2557 2561
f 2557 2558 2560
f 2561 2244 2245
f 2244 2561 2562
f 2244 2565 2243
f 2243 2566 2570
f 2566 2243 2565
f 2518 2488 2480
f 2493 2491 2492
f 2514 2493 2494
f 2512 2496 2497
f 2484 2482 2216
f 2483 2484 2427
f 2483 2433 2435
f 2433 2483 2429
f 2477 2435 2436
f 2460 2576 2450
f 2455 2460 2451
f 2458 2454 2219
f 2401 2421 2398
f 2417 2421 2404
f 784 2397 783
f 2397 784 2396
f 2397 2577 783
f 2578 2397 2393
f 2578 1742 939
f 1742 2578 2051
f 2577 939 940
f 2380 2086 2052
f 2380 2053 1826
f 2053 1036 1826
f 2580 1826 989
f 310 2580 990
f 2580 310 2579
f 103 1036 2052
f 2088 2579 1824
f 1824 2579 310
f 1824 992 993
f 2379 871 868
f 871 2379 820
f 818 819 867
f 2379 1678 1679
f 2379 1673 817
f 1673 1679 2581
f 1679 1680 2582
f 2582 832 833
f 2582 2584 2583
f 2584 2582 833
f 833 2585 2584
f 2585 833 800
f 1661 2585 795
f 1661 2115 2586
f 2587 2586 2115
f 2586 2587 2588
f 2583 2588 1672
f 808 2587 812
f 2587 808 815
f 812 2111 811
f 812 2115 2111
f 2588 815 816
f 2581 1672 1673
f 1657 1658 2589
f 2591 2590 650
f 2591 648 649
f 2113 2592 2112
f 2113 649 2593
f 2320 2593 649
f 2593 2320 2321
f 2594 2598 2595
f 2598 2594 2321
f 2317 2596 2307
f 2596 2317 1580
f 2596 1581 769
f 1583 1581 233
f 769 1583 2597
f 772 2597 2304
f 2304 2597 1583
f 2307 2596 769
f 2321 2307 2308
f 2595 2598 1652
f 2598 2308 1652
f 2599 2600 2594
f 2600 2599 2104
f 2599 1652 403
f 2108 2109 2104
f 1655 2108 2104
f 2600 2109 2592
f 2600 2592 2593
f 2592 2109 2112
f 1657 2591 1656
f 2591 2113 2114
f 650 2589 24
f 2378 2589 1658
f 2602 2601 652
f 2602 2604 2603
f 2604 2602 28
f 2605 2607 2606
f 2607 2605 1659
f 2607 795 2116
f 795 2607 1660
f 2604 2606 642
f 2606 2116 641
f 2605 28 652
f 2602 2603 2608
f 2603 642 643
f 237 2608 2609
f 2608 643 644
f 2609 629 1592
f 629 2609 644
f 2602 237 1592
f 633 2601 1592
f 2377 2141 2375
f 2377 1624 2376
f 1624 2377 211
f 2376 1624 2140
f 1625 2140 1624
f 2081 1625 1626
f 2610 508 2145
f 2610 1513 1516
f 210 2610 1518
f 508 2375 2142
f 2374 1519 209
f 1519 2374 2611
f 2611 665 1514
f 2611 1518 1519
f 1518 2611 1515
f 661 2372 660
f 581 2373 1507
f 2372 2373 660
f 660 2373 581
f 2612 660 582
f 2613 584 558
f 1568 9 2614
f 1568 2614 1567
f 2614 2615 560
f 2615 2614 9
f 1567 560 561
f 2616 228 2617
f 2617 1566 1567
f 2617 663 30
f 663 2617 228
f 2616 561 2618
f 2618 559 2620
f 2620 1572 666
f 2620 567 568
f 567 2620 559
f 567 560 2615
f 566 2615 9
f 2619 666 667
f 662 667 664
f 677 1606 680
f 1622 678 245
f 1622 245 1611
f 2622 1611 1619
f 1611 2624 1619
f 1612 679 2626
f 679 1612 2621
f 2627 2626 2628
f 2628 2626 679
f 2626 2627 2625
f 2629 2625 2627
f 2625 2629 2630
f 2627 2628 1607
f 2628 680 242
f 1609 2631 2125
f 1609 683 681
f 2127 2623 1619
f 2623 2127 694
f 1620 694 2632
f 2632 35 691
f 35 2632 694
f 2632 2132 713
f 2632 714 1620
f 1620 2622 2623
f 2616 2619 228
f 2074 506 2075
f 2074 1523 1524
f 506 2072 731
f 2633 731 42
f 2082 42 732
f 505 732 2634
f 2634 749 517
f 749 2634 732
f 2369 2634 517
f 2635 2366 2368
f 2635 518 504
f 2635 517 518
f 2636 256 2084
f 1797 2084 256
f 1797 256 1641
f 256 2636 45
f 1767 504 2367
f 291 2367 2083
f 1769 2083 2637
f 2637 2638 1768
f 2638 2637 1796
f 2639 1771 1772
f 1771 2639 1022
f 2639 1796 1027
f 2638 1772 1770
f 506 2633 2076
f 1765 2371 1767
f 2367 2365 2083
f 1691 2362 1690
f 266 865 866
f 1689 2364 912
f 1688 1689 1713
f 2103 1688 1713
f 2640 1714 401
f 1714 2640 1713
f 1696 2641 401
f 2101 1696 2642
f 2641 1696 2101
f 2642 267 860
f 2643 2642 861
f 2642 2643 2101
f 2643 1684 1685
f 859 2644 1684
f 2645 859 847
f 847 830 870
f 869 870 830
f 869 1680 1678
f 1680 869 831
f 2645 847 863
f 2644 1687 1685
f 2103 2641 402
f 1688 2103 2102
f 78 2363 915
f 2363 903 286
f 2362 75 900
f 1956 2361 2345
f 2361 2344 2345
f 2344 2361 1944
f 2646 2357 2358
f 2647 2646 1348
f 2646 1944 1942
f 1961 2647 1350
f 2345 2341 2648
f 2648 2341 1757
f 1752 2648 1751
f 2649 2341 2342
f 2342 899 1756
f 899 2342 2340
f 898 2340 1725
f 2649 1756 1754
f 1751 1757 1750
f 2360 1350 1351
f 2355 1959 1193
f 2360 1960 1961
f 2650 2359 2356
f 2356 2359 1957
f 2650 2652 2651
f 2650 1873 2653
f 1873 1874 2654
f 1868 2654 1874
f 2653 2654 1856
f 2654 1868 1859
f 1863 1864 2655
f 2653 2655 2652
f 2655 1866 1954
f 2651 1953 2195
f 2651 2195 2343
f 498 1961 352
f 1872 2355 1190
f 2355 1193 1190
f 494 1339 1329
f 1339 495 1329
f 1339 494 1340
f 1831 1145 1829
f 492 346 1950
f 2656 1962 354
f 1962 2656 1884
f 2656 1950 1242
f 1354 1341 346
f 1353 1354 354
f 2657 1332 1333
f 2657 1333 1322
f 162 2657 1320
f 1328 491 1327
f 1306 491 1328
f 2354 490 1306
f 2658 1949 1326
f 2354 2658 1938
f 2658 1326 1323
f 2346 2347 280
f 2346 1741 935
f 1741 2346 280
f 2659 2347 486
f 2659 1651 1739
f 1651 2659 1650
f 282 2353 1746
f 1648 282 1747
f 2352 488 2351
f 488 2352 1648
f 966 2353 2350
f 965 2348 951
f 954 941 942
f 1221 1222 1245
f 1245 324 1886
f 1871 1190 2339
f 2339 1885 1225
f 2660 1357 1358
f 2660 2661 1205
f 2661 2662 1210
f 2662 2661 1238
f 2662 1238 1233
f 1235 1233 1238
f 2200 1236 436
f 2200 2199 1257
f 2199 1894 2663
f 2663 2666 2665
f 2666 2663 1894
f 1257 2663 2664
f 2666 1893 1281
f 1893 2666 328
f 1276 2664 2665
f 2664 437 1255
f 437 2664 1276
f 152 2665 1281
f 1235 2200 1256
f 2339 1358 1876
f 483 929 1723
f 1723 2668 2669
f 2668 930 1709
f 2670 931 2338
f 1164 1165 483
f 1165 1166 1840
f 932 2670 1855
f 1855 2671 932
f 927 2671 1855
f 927 2672 926
f 2672 927 1849
f 1838 2672 1850
f 2673 1850 314
f 2673 2674 1839
f 1846 1845 2674
f 1846 1847 1845
f 1847 1852 1171
f 1852 1847 1851
f 1171 1852 1174
f 1174 2675 1184
f 1175 2675 1852
f 1182 1184 1185
f 2676 1185 481
f 2677 2676 2333
f 2676 2677 1181
f 2677 2678 1183
f 2679 2678 1883
f 2678 2677 2681
f 2678 2679 1203
f 2679 2680 1219
f 1249 2680 1881
f 2680 2679 1883
f 2194 1882 2193
f 2193 1882 2335
f 2334 2335 2681
f 2335 1882 1883
f 2682 2334 2333
f 2337 2682 133
f 2682 481 1185
f 2336 2337 1186
f 2683 2336 142
f 2683 1228 1253
f 1252 1253 1228
f 1251 1252 1228
f 2191 1251 1229
f 2683 2193 482
f 2683 432 2193
f 2680 1249 1218
f 2674 2684 1729
f 2684 2674 1845
f 2684 2097 1729
f 2097 2684 313
f 1839 1729 274
f 2685 80 926
f 80 2685 274
f 2671 1711 933
f 1711 2671 927
f 1708 932 933
f 2669 1709 1710
f 1723 2669 913
f 2667 1163 1164
f 1163 2667 1162
f 2338 931 929
f 1454 480 2686
f 2686 480 2332
f 2686 1933 1456
f 1933 2332 2687
f 2687 1297 1298
f 1297 2687 2332
f 2687 1298 1934
f 339 1934 1272
f 1455 339 335
f 1923 2688 195
f 2688 1923 1918
f 1449 1918 1919
f 1919 2209 1477
f 1477 2012 1476
f 195 2688 1453
f 480 1454 1295
f 479 2331 2690
f 2331 2689 1576
f 1584 2690 608
f 2690 1576 607
f 1584 599 2330
f 1532 599 597
f 1531 597 2691
f 220 2691 1541
f 2691 598 1538
f 1538 530 527
f 2689 1578 232
f 2689 232 1577
f 1576 2689 2692
f 606 2692 2299
f 2692 1577 2296
f 2329 2695 2694
f 2695 2329 1585
f 2323 2329 2693
f 2696 623 550
f 623 2696 636
f 636 2693 2697
f 1593 2697 640
f 2697 1589 639
f 2695 619 2694
f 619 2695 235
f 2698 2699 619
f 2698 551 2700
f 551 2698 235
f 2699 2700 601
f 2700 1558 1561
f 1558 2700 551
f 601 1561 2701
f 221 2702 529
f 529 2702 1559
f 600 2701 1539
f 2699 602 604
f 478 408 2704
f 1596 2705 2124
f 670 2706 668
f 1596 670 1598
f 1598 670 671
f 1573 2707 1598
f 2707 1573 1575
f 1575 2120 2708
f 2120 1575 2709
f 2709 2710 1603
f 2710 2709 231
f 1574 571 572
f 1603 572 1602
f 572 553 2711
f 1602 2711 2712
f 2711 1563 1562
f 1563 2711 553
f 2713 2715 2714
f 2715 2713 1562
f 2715 621 626
f 621 2715 1556
f 2714 626 634
f 2714 2716 1601
f 2717 2066 2067
f 2066 2717 634
f 2718 2717 2067
f 654 2718 653
f 2718 2067 2719
f 2721 2720 2719
f 2720 2721 1662
f 2720 1662 794
f 2723 794 789
f 2724 789 790
f 2727 2731 2730
f 2731 2727 2729
f 2732 2729 2734
f 2732 2733 2736
f 2733 707 705
f 1610 2736 2737
f 2737 2736 705
f 703 690 2737
f 703 705 702
f 690 686 2738
f 2738 686 2740
f 2740 687 2741
f 2741 2742 1613
f 2741 687 688
f 2742 1628 2743
f 1628 2742 688
f 2744 688 407
f 2745 250 1629
f 250 2745 718
f 2744 1629 249
f 2745 407 34
f 2746 2743 249
f 1627 2747 682
f 1627 722 723
f 2747 698 693
f 2747 723 698
f 2747 693 682
f 2746 682 33
f 2746 33 685
f 2741 1613 685
f 1618 2741 685
f 2739 2740 1618
f 2739 1616 1617
f 2751 2750 1614
f 2751 2703 2328
f 2703 2751 1615
f 2703 2704 2328
f 2704 2752 2326
f 2752 1596 1597
f 1596 2752 2705
f 2328 2122 2123
f 2751 2123 2750
f 2750 1605 2754
f 1605 2750 2123
f 2750 2753 2749
f 2754 658 2755
f 2754 2756 2753
f 2757 2756 2759
f 2758 2761 2748
f 2761 2758 2760
f 2762 2760 244
f 2762 2737 2738
f 2737 2762 1610
f 2761 2738 2739
f 2760 2763 244
f 2763 2760 2758
f 2759 1599 2726
f 1599 2759 2755
f 2726 2728 2730
f 244 2730 2731
f 2749 2757 2748
f 2732 1610 2731
f 2735 2733 2734
f 2735 2764 707
f 2735 2766 2765
f 2766 2735 2734
f 2734 1668 2043
f 1668 2734 2729
f 2766 2043 2044
f 2765 2766 2044
f 2765 2044 828
f 2765 828 2768
f 856 2768 828
f 2767 2768 880
f 880 2768 856
f 706 880 2770
f 2770 2771 704
f 2771 2770 881
f 2771 2772 2774
f 2774 2772 882
f 2775 745 2778
f 745 2775 2777
f 745 2779 748
f 2781 748 2779
f 748 2781 2782
f 2782 2781 2783
f 2785 1730 2784
f 2785 2786 1152
f 2787 1152 2788
f 2788 1152 1153
f 2788 1153 2790
f 2060 2790 1153
f 2790 1017 2791
f 2790 2060 99
f 2788 2791 2792
f 2791 1136 1137
f 1136 2791 1017
f 2789 2792 2794
f 2792 1137 1822
f 995 1822 1137
f 2794 2795 2793
f 2795 2794 2796
f 2796 2794 1822
f 2796 2797 2811
f 2797 2796 1823
f 997 766 2797
f 997 1823 996
f 766 767 2798
f 767 2800 2799
f 2801 2070 2071
f 728 2802 2071
f 730 388 2803
f 2803 1638 2801
f 1638 2803 1631
f 2803 388 1631
f 1639 1631 1632
f 1635 1632 2805
f 2805 1633 2806
f 1633 716 700
f 2069 2806 700
f 2806 2069 2808
f 2806 2807 2804
f 2807 2808 2809
f 2810 254 2804
f 2778 2809 2776
f 2810 2809 2778
f 254 2810 746
f 2808 2068 2773
f 2068 2808 387
f 2068 704 2771
f 1635 2804 254
f 2801 2799 2800
f 2798 2799 1636
f 2797 2798 1637
f 2811 1637 1640
f 2811 1640 2813
f 1644 2811 2812
f 2812 2795 1644
f 2795 2812 2814
f 2793 2814 2787
f 2785 2787 2814
f 2813 2814 2812
f 747 2813 1640
f 2815 2784 1731
f 2784 2815 1158
f 2816 1731 275
f 2815 2816 917
f 2818 2783 2781
f 2780 2819 2818
f 2819 2780 2777
f 2777 2821 2820
f 2821 2777 882
f 2821 2065 1705
f 2065 883 2064
f 1704 2822 1705
f 2822 1704 1707
f 1707 2818 2819
f 2816 2817 1706
f 2786 1158 1156
f 2782 747 748
f 1730 2783 275
f 2764 2767 706
f 2823 2769 827
f 2769 2823 855
f 2064 2823 857
f 2729 2727 791
f 2726 1599 1600
f 2725 1600 657
f 2724 657 653
f 793 2721 2722
f 2721 793 52
f 2824 2722 2826
f 2826 2719 646
f 2719 2826 2722
f 645 646 2719
f 2825 2826 2117
f 806 2825 405
f 2825 806 807
f 2824 807 793
f 2716 654 29
f 2708 2121 2326
f 2121 2708 2120
f 2707 2708 1597
f 1555 2325 1554
f 1564 2325 1555
f 546 548 2325
f 2324 544 2827
f 2827 6 542
f 224 2827 229
f 1543 1550 2152
f 2828 222 1543
f 222 2828 2154
f 544 2324 573
f 592 2322 236
f 2316 2322 592
f 2829 588 592
f 2829 1588 587
f 1588 236 2830
f 1586 2830 2318
f 2318 2830 236
f 2318 236 473
f 2319 2320 651
f 2319 614 615
f 614 651 618
f 2313 2831 2300
f 2831 593 590
f 593 2831 2314
f 2312 595 1583
f 771 2310 770
f 2310 813 814
f 813 2310 785
f 2106 2309 814
f 814 2105 2106
f 2105 814 810
f 2308 471 1653
f 853 2305 2306
f 2306 1739 1651
f 2306 1734 1739
f 1734 2306 782
f 2301 468 596
f 2295 2303 591
f 2302 784 780
f 2301 16 594
f 2297 2298 613
f 1587 2298 589
f 2832 1925 1926
f 1925 2832 1912
f 2292 1926 2833
f 2833 1911 333
f 1911 2833 1927
f 2833 1926 1927
f 1911 1927 1907
f 1911 2186 2187
f 1911 2187 1909
f 2187 2834 1909
f 2835 2834 2188
f 2188 2834 2187
f 2835 1908 1909
f 1908 2835 2287
f 2287 2835 2290
f 2835 462 2190
f 2188 1904 2189
f 2833 333 1910
f 1293 1912 2836
f 2836 1912 1273
f 1299 2836 1269
f 1269 1274 1268
f 1274 1279 1280
f 338 1912 1913
f 1278 2289 1254
f 1277 437 1276
f 1277 1254 437
f 1232 2291 1229
f 2286 2034 2837
f 2837 2839 2286
f 2839 1444 2840
f 2285 2840 1444
f 2840 1445 1490
f 1445 2840 2285
f 1490 203 2035
f 2838 2205 2206
f 2205 2838 2036
f 2205 1473 1474
f 2205 2036 1472
f 2838 2206 2015
f 2837 2838 2016
f 192 2285 2283
f 2841 2283 2284
f 2843 2280 2024
f 2280 2284 2021
f 2282 2843 2844
f 2843 2025 2026
f 2041 2026 2278
f 380 2278 1494
f 2844 1485 2281
f 1485 2844 1487
f 2842 2280 2281
f 2842 2281 1485
f 2842 1486 1489
f 2027 460 375
f 2279 2027 2277
f 2845 2847 2846
f 2847 2845 1977
f 2847 2848 1368
f 2848 2847 1978
f 2849 1440 1439
f 1440 2849 2850
f 2849 1978 359
f 2265 2850 2264
f 2850 359 1984
f 2265 2851 1434
f 2852 2851 2266
f 2266 2851 2265
f 1985 2266 2853
f 360 2853 2854
f 2854 2267 1972
f 2267 2237 1971
f 1421 2854 1972
f 1972 1420 1421
f 1972 1973 1417
f 190 2852 1422
f 2852 1985 185
f 2851 190 1433
f 2848 1439 174
f 1365 2846 173
f 2846 1368 1366
f 1977 2845 1983
f 2279 1499 1493
f 2855 458 2276
f 2274 2857 2856
f 2857 2274 2275
f 1497 2857 2275
f 2858 1497 2859
f 2859 1497 383
f 2859 1464 2860
f 2859 383 1460
f 1464 1460 1461
f 1463 1461 1471
f 1471 2861 2862
f 2861 1461 196
f 2862 2861 2864
f 2861 196 1457
f 2864 1457 2866
f 2866 2868 2867
f 2868 1457 1458
f 2869 1458 369
f 2869 2870 1999
f 2869 369 1478
f 2871 2870 1478
f 2872 1443 1442
f 1441 1442 1443
f 1998 1441 189
f 183 2873 1410
f 2873 183 1411
f 1443 2872 1430
f 1430 2872 1478
f 1999 2871 1412
f 1412 2871 1442
f 2867 2869 367
f 2875 367 1412
f 1403 1402 2876
f 1402 1403 181
f 2876 1402 2878
f 2878 1381 2879
f 1381 2878 1402
f 1383 2880 1382
f 2881 1383 429
f 2881 429 2882
f 2882 2884 2883
f 2884 2882 1810
f 1810 2882 2182
f 1818 2884 305
f 2883 1818 2183
f 1988 2183 1818
f 1988 1817 1987
f 1817 1988 308
f 1817 1104 1108
f 2881 2883 2184
f 1986 2879 445
f 2879 1986 1388
f 2878 1388 1385
f 2876 2874 2875
f 1392 1385 1386
f 1392 2865 2864
f 2865 1393 2029
f 2865 1392 1393
f 1393 2185 2029
f 2863 2029 2030
f 2862 2030 2028
f 2028 377 2885
f 2885 377 2886
f 2230 2886 193
f 2886 2230 2228
f 2885 2228 1929
f 2874 2876 2866
f 2860 1465 1468
f 2860 1468 458
f 2858 458 2855
f 2856 1484 2887
f 2856 2855 200
f 1426 2887 2888
f 1996 2890 1495
f 2890 1996 1425
f 1500 1495 1496
f 1996 1500 2891
f 2891 2006 2007
f 2891 2007 1435
f 2891 1435 1437
f 2274 2889 1427
f 2890 2888 1488
f 2888 1484 1483
f 2276 1469 1482
f 1469 2276 1468
f 1469 1470 1481
f 1459 2273 2272
f 2273 1462 383
f 1480 2272 1429
f 2263 456 2892
f 2892 1398 365
f 2892 456 2002
f 2255 2892 2000
f 2002 456 2893
f 2893 2004 368
f 2004 2893 456
f 2271 1419 2894
f 2894 1419 1415
f 2257 2000 2270
f 2000 2257 2258
f 2257 2894 1406
f 1406 1407 2895
f 2257 1406 1379
f 1407 1408 2253
f 1134 2895 2253
f 2895 1134 1135
f 1424 2269 1423
f 2268 2003 1995
f 2003 2268 368
f 2269 1995 1438
f 1423 1438 1436
f 454 1984 1979
f 2262 2263 1992
f 1410 2262 1993
f 2261 2003 2004
f 2253 2896 1134
f 361 2897 1991
f 2897 2896 2227
f 2899 2227 2896
f 2226 2899 182
f 2899 2254 1408
f 2898 1115 1116
f 1115 2898 364
f 1376 364 1990
f 1375 1990 2225
f 1378 2225 2226
f 1377 2900 1409
f 1377 1416 1374
f 1416 1377 1404
f 1361 2901 1413
f 1416 2901 1396
f 2901 1361 1362
f 1133 361 1132
f 984 2251 1128
f 2251 984 985
f 1128 2902 296
f 1790 2902 2252
f 2249 1095 1790
f 1095 2249 1094
f 1095 1096 1130
f 2224 2903 444
f 1124 1125 981
f 1125 1371 980
f 980 1371 290
f 2252 985 987
f 2250 2224 2220
f 1088 2220 2221
f 115 2221 1092
f 1092 2904 2905
f 2905 2904 1781
f 2904 2221 2222
f 1789 2905 1786
f 2905 1782 1786
f 2906 1786 979
f 1091 2906 1093
f 1093 2906 92
f 1061 1062 1093
f 1094 2250 1088
f 1762 2242 2907
f 2242 1791 1369
f 1965 1369 1791
f 2242 1370 1395
f 2907 1395 172
f 2908 2240 1970
f 2908 2909 2241
f 2908 172 1359
f 2909 1363 2910
f 1363 2909 1359
f 1363 1414 1976
f 1974 2910 1976
f 2910 1974 1975
f 2240 449 1967
f 2234 2912 2911
f 2912 2234 2039
f 2912 2204 1450
f 2204 2912 2040
f 2911 1450 2913
f 2913 1491 2911
f 1491 2913 1492
f 446 2236 2233
f 2235 2236 2202
f 2236 446 2915
f 2915 2201 2202
f 2201 2915 1931
f 2915 446 2232
f 1931 2232 1466
f 1914 1932 1913
f 1915 2037 2202
f 1915 438 1914
f 379 2914 2203
f 2203 2914 2037
f 2914 379 2235
f 2232 2231 1466
f 2230 1447 2916
f 2229 2916 1900
f 2916 336 1899
f 2228 2229 1930
f 2227 2225 1990
f 2223 1780 1781
f 2212 442 2917
f 2207 2212 2011
f 2918 2212 2010
f 2011 2918 1475
f 1475 2918 2013
f 1475 372 1474
f 2917 2009 2010
f 1832 2917 2210
f 1832 1149 1830
f 1149 1832 2210
f 2211 1148 1149
f 2208 2209 1919
f 1237 436 1236
f 1237 1240 328
f 328 1240 1892
f 1188 1211 1208
f 2919 1208 2921
f 2921 1209 1880
f 2921 1231 2922
f 1231 2921 1880
f 2922 1230 1878
f 2920 2922 1879
f 2923 1879 1177
f 2923 2924 2919
f 1179 2923 131
f 2925 1179 1180
f 2927 1856 1857
f 1856 2927 1862
f 2928 1853 1168
f 1848 2928 1178
f 1167 1854 1166
f 1178 2927 2926
f 2925 1867 1189
f 2924 134 1188
f 2198 1858 1861
f 1858 2198 1206
f 2196 1843 1722
f 1728 2196 1720
f 147 2194 432
f 2192 431 1905
f 2929 1905 1902
f 2930 2929 1902
f 2931 1902 2932
f 2930 2931 2933
f 2931 330 1895
f 2933 1895 2090
f 2933 2091 2934
f 2934 2091 2935
f 381 2935 2936
f 2936 2935 395
f 2938 2936 1080
f 2938 2939 1877
f 2939 2938 1081
f 2939 2940 1877
f 2940 2939 1082
f 2942 2941 1082
f 1077 2942 1082
f 2941 2942 2943
f 2942 1077 2944
f 2944 1806 2945
f 2944 2946 1806
f 2946 2944 1077
f 2947 2946 2177
f 2177 2946 1076
f 2948 106 1054
f 2948 2949 1051
f 2948 2177 2175
f 2949 2950 1051
f 2950 2949 2175
f 1807 2950 2180
f 2951 1807 2180
f 2951 2952 303
f 2952 2951 1813
f 2953 2955 2954
f 2955 2953 1812
f 2955 1812 2956
f 2957 2956 1812
f 2179 2957 1812
f 2956 2957 2958
f 2957 2179 2959
f 1105 2959 1073
f 2959 2179 1073
f 2960 2961 1107
f 2960 2964 2963
f 2964 2960 1074
f 2964 1074 1078
f 2964 1078 1079
f 1078 1074 1075
f 2965 1079 2966
f 2094 2966 1903
f 2966 1896 2932
f 330 2932 1896
f 2965 2095 2963
f 2095 2965 2094
f 2095 1288 2963
f 2963 2092 397
f 2092 2963 1288
f 2962 2963 397
f 1820 2962 397
f 2962 1820 2961
f 2961 1820 1107
f 2958 1105 1106
f 1085 2958 1106
f 2955 1085 1086
f 2954 1086 1087
f 2954 303 2952
f 303 2967 2951
f 2967 303 1048
f 1050 2967 1049
f 2967 304 1807
f 303 1087 2172
f 1055 2945 1806
f 2968 1055 1056
f 1198 2970 2968
f 2971 2970 1198
f 2971 2943 2945
f 2971 2940 2941
f 2969 1056 1057
f 2972 1057 1016
f 2973 2972 1018
f 2972 2973 384
f 1201 2974 2975
f 2974 2057 2054
f 2974 2061 2057
f 2057 2058 2055
f 1300 2058 2056
f 156 2056 1154
f 1936 2977 2976
f 2977 1936 1301
f 1155 1159 1301
f 1172 2977 1160
f 2977 1159 1160
f 130 1160 1170
f 2976 1172 1173
f 1937 1173 137
f 2978 137 1204
f 2054 1204 2975
f 1200 2975 1204
f 2978 2055 1937
f 2978 2054 2055
f 2973 136 1198
f 2937 1877 1212
f 2937 139 1213
f 1887 2934 2979
f 2979 2934 1214
f 2979 140 1216
f 140 2979 1214
f 1903 2932 1902
f 2192 2930 325
f 2192 1217 1218
f 1217 2192 325
f 2188 2186 1907
f 2096 430 1286
f 1119 2181 1384
f 2182 1119 1083
f 2180 2175 2176
f 2178 1812 1813
f 257 2174 393
f 393 2174 427
f 427 1000 1001
f 1000 427 1004
f 2980 2173 2981
f 2980 427 2173
f 2981 2173 1794
f 2982 1794 1642
f 2982 1643 755
f 1643 257 754
f 2983 2982 756
f 2983 756 757
f 1793 2983 1010
f 1795 1010 2985
f 2985 2981 1795
f 2981 2985 299
f 2981 299 2980
f 2985 1005 1006
f 2984 757 758
f 1009 2984 759
f 2983 2984 1009
f 1004 2980 2986
f 2986 2980 1799
f 1007 1799 1006
f 101 1026 1008
f 101 1032 1030
f 1032 101 1031
f 2042 1032 1033
f 2987 1033 301
f 301 1034 2988
f 301 2988 2171
f 2988 1035 1046
f 1035 2988 1034
f 1803 2171 2169
f 1805 2170 1804
f 2989 2170 1072
f 1072 1064 1058
f 1064 1072 1065
f 2989 1058 1804
f 2990 1805 2991
f 2991 1805 1804
f 300 2992 1060
f 1060 1028 300
f 1028 1060 1045
f 1028 1045 1024
f 1028 1029 1801
f 1029 1030 1801
f 2992 300 1800
f 2993 2990 2991
f 2990 2993 1802
f 2987 1802 1800
f 1800 1802 2993
f 1802 2987 301
f 2169 2990 1803
f 1032 2042 1801
f 998 2986 1026
f 2986 998 999
f 2174 257 1642
f 2172 426 1046
f 1777 2168 1772
f 2165 975 976
f 1042 976 977
f 2165 1042 2994
f 1063 2994 1042
f 1785 2994 1787
f 1552 1526 213
f 1526 1552 2156
f 2163 2164 1549
f 2164 536 1549
f 536 2164 2162
f 2995 2160 2161
f 2160 2995 1565
f 2995 1549 223
f 2162 2155 2156
f 574 2160 576
f 1526 2157 1528
f 2157 2155 214
f 1553 2996 533
f 2996 1553 2153
f 2996 562 2998
f 562 2153 570
f 541 2998 563
f 540 541 583
f 2999 541 537
f 3000 1547 1548
f 1547 3000 537
f 3000 1548 532
f 2997 3000 533
f 1546 2154 525
f 1546 1560 1545
f 1560 1546 525
f 569 2151 224
f 2150 207 1502
f 2149 1502 577
f 1522 2146 1510
f 2146 417 416
f 2147 1595 515
f 1595 2147 578
f 417 516 513
f 1510 2146 416
f 2139 2073 2077
f 2139 709 2073
f 709 710 1523
f 710 711 1523
f 2137 413 2129
f 2137 3001 736
f 3001 410 3002
f 3003 3002 410
f 3002 3003 3004
f 3003 742 737
f 3004 737 738
f 753 738 754
f 3004 733 736
f 733 3004 753
f 742 2128 2135
f 742 3003 410
f 3005 740 2134
f 3005 695 696
f 739 697 724
f 739 696 697
f 692 695 3006
f 695 3005 2134
f 1634 3006 3007
f 3006 2134 412
f 3007 412 2133
f 2131 3007 2136
f 3007 2131 1634
f 734 2130 2137
f 2129 2133 412
f 2133 2129 413
f 2135 2128 2129
f 2125 1607 668
f 2118 1663 803
f 1663 1664 3008
f 1663 3008 1669
f 1670 3008 3009
f 3009 3008 1664
f 3008 1670 1675
f 1671 1675 1670
f 1674 1671 3010
f 3010 1671 850
f 843 3010 850
f 842 843 62
f 844 839 1674
f 839 840 1676
f 840 802 805
f 3009 1664 797
f 848 798 799
f 3009 848 263
f 3009 263 1670
f 2116 2117 647
f 2107 2108 1655
f 2100 1715 1712
f 904 2099 910
f 2098 860 267
f 862 904 905
f 3011 905 268
f 1699 906 907
f 1699 907 3013
f 3014 3013 907
f 3015 3014 907
f 3015 908 925
f 3015 925 920
f 925 923 921
f 923 924 922
f 3014 3015 269
f 3013 3014 1700
f 1700 73 3013
f 1700 1701 3016
f 1701 1702 1693
f 1693 2062 1694
f 1694 2062 2063
f 3017 2063 3019
f 3018 3019 1683
f 838 3019 2063
f 884 838 842
f 3018 3020 3017
f 3020 3018 1682
f 1682 3012 3020
f 3012 1682 886
f 886 1682 885
f 3020 268 1697
f 3017 1697 1695
f 1695 1697 1698
f 1693 1695 1698
f 3016 1693 73
f 73 1698 1699
f 3011 886 862
f 2097 919 922
f 919 2097 399
f 918 399 1157
f 2096 1924 336
f 1821 1819 1820
f 1821 2092 1292
f 2089 1015 1057
f 2089 1039 1040
f 1039 2089 1053
f 2087 1040 2052
f 2087 2052 2086
f 3021 1021 1776
f 1021 392 3022
f 1021 3021 1020
f 1776 3022 91
f 3022 1044 977
f 1044 3022 392
f 1773 3021 293
f 2077 2073 390
f 391 390 2075
f 727 761 726
f 761 727 762
f 762 2070 47
f 388 730 729
f 704 2068 702
f 645 2066 635
f 855 2064 883
f 1703 2065 386
f 2060 127 1154
f 1742 2051 2046
f 829 2045 1667
f 1667 2045 1666
f 2044 2045 829
f 1666 2043 1668
f 2035 203 1492
f 1472 2031 1450
f 2025 2024 2023
f 374 2022 1981
f 2020 373 1835
f 2017 191 1444
f 2015 1834 1835
f 2013 2010 2008
f 2009 1832 1833
f 370 2005 1367
f 2005 1364 1366
f 2006 1500 1364
f 1400 1993 1399
f 1289 363 3023
f 1110 3023 1390
f 3023 363 1389
f 3023 1110 1819
f 1110 1111 1819
f 1131 1132 1116
f 1131 120 1117
f 1118 1100 121
f 1100 1118 1117
f 1100 3024 1121
f 3024 3025 1816
f 3025 3024 1101
f 3025 1101 117
f 3026 3025 306
f 3026 3028 3027
f 3026 1814 3029
f 3029 1809 3030
f 1809 3029 1068
f 1068 3029 1814
f 1068 1814 1067
f 3030 3031 3027
f 3030 1809 1069
f 1070 3030 1069
f 1070 1815 307
f 3032 1084 1122
f 1122 1083 1119
f 1083 1122 1084
f 307 3032 1123
f 3033 1123 1120
f 3033 1120 1816
f 3033 3027 307
f 3027 1816 3026
f 3025 3026 1816
f 974 1965 1792
f 356 1283 1888
f 356 1963 1138
f 1243 1241 1265
f 1964 1888 1266
f 1869 353 1870
f 320 1869 1860
f 1956 1752 970
f 1943 351 1955
f 1950 1342 1142
f 1316 1947 1948
f 1947 1316 343
f 1321 1326 1328
f 1948 1315 1316
f 1942 1355 1194
f 1942 1940 1325
f 1940 499 1325
f 1939 1324 968
f 960 1939 952
f 1931 1466 1467
f 1901 1928 1900
f 1899 1924 1898
f 1921 1267 1285
f 1921 151 1267
f 151 1921 1922
f 1452 1917 1294
f 333 332 464
f 1888 329 326
f 329 1262 326
f 1268 1280 1889
f 1890 1239 1220
f 1239 1890 1891
f 1890 1259 1260
f 1884 1242 145
f 1187 1878 1230
f 1177 322 1187
f 1875 1876 1358
f 1870 1875 1356
f 1841 1865 1844
f 1865 1161 1162
f 1844 1719 1722
f 1719 1844 1162
f 1862 1863 1856
f 1845 1169 1170
f 1151 349 1150
f 3034 1825 1036
f 3034 1011 988
f 1011 3034 1037
f 308 1818 1811
f 1067 1814 1102
f 304 1050 1051
f 1804 1059 2991
f 973 1792 1760
f 1130 1096 1097
f 1097 1112 1129
f 295 978 979
f 978 295 1788
f 295 1783 1784
f 1775 1776 91
f 1755 890 1749
f 890 1755 889
f 890 893 964
f 3035 286 1726
f 1753 902 901
f 1726 1753 897
f 1747 1748 876
f 852 1744 851
f 852 876 877
f 1747 260 1648
f 963 893 879
f 1745 87 888
f 873 1745 1692
f 873 1692 872
f 3036 1681 1677
f 1681 3036 874
f 851 3036 264
f 943 958 85
f 938 946 937
f 1738 280 1735
f 783 1737 1736
f 1646 1733 1647
f 1717 1728 1721
f 1717 1721 914
f 1711 928 908
f 864 1691 1686
f 1686 1687 863
f 1678 868 869
f 824 1677 826
f 1675 1676 805
f 845 1667 1665
f 841 1665 801
f 1645 1646 788
f 776 1645 258
f 776 778 779
f 1641 750 751
f 1639 1635 746
f 700 716 252
f 1630 729 715
f 1629 721 722
f 685 684 1618
f 1606 242 680
f 656 240 658
f 1594 1595 578
f 583 1594 579
f 632 1592 629
f 1592 632 633
f 639 1589 1590
f 639 1590 617
f 617 1590 616
f 1587 14 587
f 1583 233 1579
f 1574 1570 1571
f 1566 30 659
f 1565 223 538
f 1564 1555 1556
f 1557 545 555
f 1557 547 545
f 1548 1549 536
f 1542 1540 219
f 1542 3037 519
f 3037 1542 528
f 3037 1527 521
f 1527 3037 524
f 1507 513 514
f 1502 1501 206
f 1501 512 575
f 1295 1454 1451
f 1443 1431 1432
f 1415 1416 1404
f 1391 1108 1109
f 1376 1373 1113
f 1373 1129 1112
f 1362 1359 1360
f 1355 1325 1322
f 1344 1343 1338
f 1343 1141 1337
f 1141 1343 1140
f 1332 1319 165
f 1317 1318 957
f 1304 1305 944
f 949 1304 945
f 1143 1282 1139
f 1267 1260 1262
f 1258 1265 1263
f 1263 1260 1258
f 1261 1220 1221
f 1227 1186 1187
f 1202 1203 1197
f 1136 1012 994
f 1117 1098 1099
f 1102 1090 1066
f 1090 1093 1062
f 1076 1077 1075
f 1061 92 978
f 1038 1053 1049
f 969 951 952
f 951 969 967
f 962 87 896
f 887 962 894
f 962 887 71
f 962 71 888
f 960 955 956
f 947 945 937
f 928 925 908
f 902 903 900
f 895 1691 887
f 875 836 837
f 829 64 58
f 857 827 58
f 825 835 821
f 777 778 773
f 40 39 715
f 699 252 717
f 718 34 689
f 644 638 617
f 26 635 637
f 24 632 630
f 618 609 614
f 625 548 549
f 623 624 549
f 603 604 602
f 565 9 558
f 2436 2434 1506
f 2437 2439 2438
f 2437 1506 1503
f 2439 3920 3916
f 2437 1503 1504
f 2440 1504 2442
f 2441 2442 2444
f 2444 2446 2445
f 2446 2447 2449
f 2457 2456 2454
f 2456 3980 3979
f 3928 2461 2466
f 2465 3913 3912
f 3913 3925 2439
f 2467 3914 3040
f 3918 2466 2468
f 2468 2466 2470
f 2439 2468 2469
f 2473 2470 2466
f 1763 2498 2499
f 2498 2473 2467
f 2499 2459 1758
f 2499 2467 2462
f 2458 2500 2459
f 2463 2464 3912
f 2576 2445 2449
f 2460 2455 2456
f 2460 3929 3923
f 2576 3039 2445
f 2465 3042 2461
f 3926 3980 2457
f 3927 2460 2456
f 3043 2464 2463
f 3052 3044 3051
f 3053 3044 3052
f 3047 3046 3054
f 3048 3047 3055
f 3057 3049 3048
f 3058 3050 3049
f 3059 3051 3050
f 3060 3052 3059
f 3053 3052 3060
f 3054 3053 3061
f 3055 3054 3062
f 3056 3055 3063
f 3066 3058 3065
f 3067 3059 3058
f 3125 3126 3081
f 3068 3061 3125
f 3069 3062 3061
f 3070 3063 3062
f 3064 3063 3070
f 3072 3064 3071
f 3126 3066 3073
f 3069 3068 3075
f 3123 3069 3076
f 3124 3123 3077
f 3079 3124 3078
f 3081 3073 3080
f 3077 3076 3084
f 3086 3122 3077
f 3090 3115 3116
f 3091 3117 3115
f 3092 3084 3117
f 3093 3118 3084
f 3094 3119 3118
f 3095 3120 3119
f 3096 3121 3120
f 3097 3116 3121
f 3102 3114 3101
f 3098 3105 3113
f 3099 3098 3106
f 3100 3099 3107
f 3101 3100 3108
f 3110 3102 3101
f 3111 3103 3102
f 3112 3104 3103
f 3113 3105 3104
f 3105 3097 3096
f 3104 3096 3095
f 3103 3095 3094
f 3114 3094 3093
f 3101 3093 3092
f 3100 3092 3091
f 3099 3091 3090
f 3098 3090 3097
f 3116 3089 3088
f 3121 3088 3087
f 3120 3087 3086
f 3119 3086 3085
f 3118 3085 3084
f 3084 3083 3117
f 3083 3082 3115
f 3115 3082 3089
f 3089 3081 3080
f 3080 3079 3087
f 3079 3078 3122
f 3076 3075 3083
f 3075 3074 3082
f 3074 3081 3089
f 3073 3072 3079
f 3072 3071 3124
f 3071 3070 3123
f 3123 3070 3069
f 3066 3065 3072
f 3060 3067 3126
f 3058 3057 3065
f 3053 3045 3044
f 3220 3219 3135
f 3221 3136 3135
f 3222 3137 3136
f 3223 3138 3137
f 3224 3139 3138
f 3224 3225 3140
f 3225 3226 3141
f 3226 3220 3142
f 3150 3135 3143
f 3136 3144 3143
f 3137 3145 3144
f 3139 3147 3146
f 3148 3141 3149
f 3214 3143 3151
f 3215 3152 3151
f 3145 3153 3152
f 3216 3154 3153
f 3217 3155 3154
f 3156 3218 3157
f 3218 3214 3158
f 3158 3151 3159
f 3151 3152 3160
f 3152 3209 3161
f 3210 3162 3161
f 3211 3163 3162
f 3212 3164 3163
f 3212 3213 3165
f 3213 3158 3166
f 3174 3202 3167
f 3202 3203 3168
f 3204 3169 3168
f 3205 3170 3169
f 3205 3206 3171
f 3207 3172 3171
f 3208 3173 3172
f 3200 3199 3175
f 3201 3180 3179
f 3201 3200 3181
f 3175 3182 3189
f 3185 3178 3186
f 3178 3179 3187
f 3188 3198 3189
f 3182 3190 3197
f 3183 3191 3190
f 3184 3192 3191
f 3185 3193 3192
f 3185 3186 3194
f 3186 3187 3195
f 3187 3188 3196
f 3188 3189 3197
f 3180 3181 3198
f 3179 3180 3188
f 3177 3170 3185
f 3176 3177 3184
f 3176 3183 3175
f 3173 3174 3200
f 3173 3201 3179
f 3172 3179 3178
f 3170 3171 3178
f 3169 3177 3176
f 3167 3168 3176
f 3174 3167 3199
f 3165 3166 3174
f 3164 3165 3208
f 3164 3207 3206
f 3163 3206 3205
f 3162 3205 3204
f 3160 3161 3204
f 3159 3160 3203
f 3166 3159 3202
f 3156 3157 3213
f 3155 3156 3212
f 3155 3211 3210
f 3154 3210 3209
f 3153 3209 3152
f 3149 3150 3214
f 3148 3149 3218
f 3147 3148 3156
f 3146 3147 3217
f 3145 3146 3216
f 3144 3215 3143
f 3142 3150 3141
f 3140 3148 3139
f 3137 3138 3146
f 3134 3220 3226
f 3133 3226 3225
f 3132 3225 3224
f 3130 3131 3224
f 3129 3130 3223
f 3128 3129 3222
f 3127 3128 3221
f 3127 3219 3220
f 3242 3230 3231
f 3244 3229 3230
f 3227 3229 3244
f 3240 3227 3246
f 3228 3249 3252
f 3228 3255 3248
f 3228 3252 3255
f 3252 3251 3253
f 3255 3253 3256
f 3256 3257 3255
f 3257 3247 3248
f 3257 3256 3227
f 3256 3254 3229
f 3230 3254 3253
f 3230 3253 3251
f 3232 3251 3250
f 3233 3250 3249
f 3234 3249 3228
f 3228 3248 3237
f 3248 3247 3239
f 3247 3257 3240
f 3274 3275 3305
f 3281 3274 3304
f 3306 3276 3293
f 3312 3284 3277
f 3285 3283 3310
f 3279 3285 3314
f 3319 3288 3278
f 3321 3289 3279
f 3280 3288 3319
f 3324 3291 3289
f 3328 3293 3291
f 3275 3292 3326
f 3309 3277 3276
f 3280 3290 3288
f 3289 3287 3279
f 3288 3286 3278
f 3279 3287 3285
f 3277 3296 3276
f 3281 3297 3294
f 3283 3299 3297
f 3285 3300 3299
f 3287 3301 3300
f 3288 3244 3286
f 3302 3301 3287
f 3290 3244 3288
f 3303 3302 3289
f 3298 3303 3291
f 3296 3298 3293
f 3296 3232 3233
f 3298 3233 3234
f 3238 3239 3297
f 3240 3246 3292
f 3246 3245 3290
f 3303 3234 3235
f 3302 3235 3236
f 3236 3237 3300
f 3286 3243 3242
f 3237 3238 3299
f 3284 3242 3231
f 3282 3231 3296
f 3241 3240 3295
f 3297 3241 3294
f 3283 3281 3307
f 3266 3306 3329
f 3265 3329 3325
f 3272 3327 3323
f 3264 3325 3322
f 3271 3323 3320
f 3263 3322 3318
f 3320 3316 3269
f 3318 3315 3261
f 3316 3313 3268
f 3315 3311 3260
f 3313 3309 3267
f 3311 3308 3259
f 3267 3309 3306
f 3273 3305 3327
f 3308 3304 3258
f 3328 3329 3306
f 3324 3325 3329
f 3323 3327 3326
f 3321 3322 3325
f 3320 3323 3280
f 3317 3318 3322
f 3278 3316 3320
f 3315 3318 3317
f 3312 3313 3316
f 3311 3315 3314
f 3308 3311 3310
f 3304 3308 3307
f 3304 3305 3273
f 3274 3294 3295
f 3284 3282 3277
f 3275 3295 3292
f 3334 3333 3345
f 3333 3332 3347
f 3330 3348 3347
f 3330 3349 3348
f 3331 3353 3352
f 3351 3342 3344
f 3331 3356 3353
f 3331 3352 3350
f 3355 3354 3353
f 3357 3355 3356
f 3359 3357 3358
f 3360 3358 3350
f 3360 3343 3330
f 3359 3330 3332
f 3357 3359 3332
f 3355 3357 3333
f 3354 3355 3334
f 3353 3354 3336
f 3352 3353 3337
f 3352 3339 3340
f 3350 3340 3341
f 3350 3341 3342
f 3351 3344 3343
f 3377 3407 3408
f 3384 3410 3407
f 3396 3379 3409
f 3380 3387 3415
f 3388 3417 3413
f 3382 3420 3417
f 3381 3391 3422
f 3382 3392 3424
f 3392 3394 3427
f 3395 3429 3383
f 3394 3396 3431
f 3378 3408 3429
f 3379 3380 3412
f 3391 3393 3383
f 3388 3390 3382
f 3389 3381 3387
f 3397 3400 3384
f 3400 3402 3386
f 3402 3403 3388
f 3403 3404 3390
f 3389 3347 3391
f 3405 3392 3390
f 3406 3394 3392
f 3401 3396 3394
f 3337 3336 3401
f 3342 3400 3344
f 3401 3335 3399
f 3343 3398 3395
f 3349 3395 3393
f 3338 3337 3406
f 3348 3393 3347
f 3339 3338 3405
f 3339 3404 3403
f 3345 3346 3389
f 3340 3403 3402
f 3334 3345 3387
f 3341 3402 3400
f 3335 3334 3385
f 3344 3397 3398
f 3386 3413 3410
f 3432 3409 3369
f 3428 3432 3368
f 3426 3430 3375
f 3425 3428 3367
f 3423 3426 3374
f 3421 3425 3366
f 3423 3373 3372
f 3421 3365 3364
f 3419 3372 3371
f 3418 3364 3363
f 3416 3371 3370
f 3414 3363 3362
f 3409 3412 3370
f 3430 3408 3376
f 3411 3362 3361
f 3409 3432 3431
f 3430 3429 3408
f 3432 3428 3427
f 3426 3383 3429
f 3428 3425 3424
f 3423 3422 3383
f 3425 3421 3420
f 3423 3419 3381
f 3418 3417 3420
f 3419 3416 3415
f 3414 3413 3417
f 3411 3410 3413
f 3407 3361 3376
f 3398 3397 3377
f 3385 3380 3379
f 3395 3398 3378
f 3399 3379 3396
f 3484 3482 3439
f 3504 3505 3436
f 3507 3506 3438
f 3505 3507 3441
f 3437 3484 3440
f 3499 3472 3443
f 3486 3491 3452
f 3439 3482 3486
f 3446 3450 3449
f 3506 3508 3444
f 3509 3474 3445
f 3464 3454 3453
f 3475 3476 3450
f 3448 3452 3451
f 3454 3493 3453
f 3492 3493 3454
f 3497 3492 3455
f 3463 3455 3454
f 3460 3456 3457
f 3450 3460 3461
f 3476 3477 3460
f 3491 3494 3459
f 3452 3459 3458
f 3466 3464 3462
f 3456 3466 3467
f 3477 3478 3466
f 3494 3497 3463
f 3459 3463 3465
f 3475 3446 3474
f 3501 3502 3473
f 3500 3501 3470
f 3510 3442 3472
f 3503 3500 3471
f 3468 3504 3539
f 3502 3475 3479
f 3458 3465 3478
f 3451 3458 3477
f 3447 3451 3476
f 3508 3509 3445
f 3444 3445 3488
f 3457 3467 3498
f 3449 3461 3496
f 3461 3457 3495
f 3443 3449 3490
f 3438 3444 3487
f 3489 3445 3442
f 3436 3441 3483
f 3441 3438 3481
f 3468 3435 3437
f 3446 3443 3472
f 3440 3439 3500
f 3437 3440 3500
f 3439 3448 3501
f 3501 3448 3447
f 3473 3479 3509
f 3504 3434 3433
f 3470 3473 3508
f 3469 3471 3507
f 3471 3470 3506
f 3474 3472 3442
f 3468 3469 3505
f 3540 3435 3539
f 3484 3514 3513
f 3557 3434 3480
f 3546 3519 3516
f 3561 3515 3512
f 3558 3480 3515
f 3437 3511 3514
f 3499 3485 3517
f 3486 3522 3526
f 3486 3482 3513
f 3520 3517 3523
f 3559 3512 3518
f 3535 3534 3527
f 3547 3520 3524
f 3522 3521 3525
f 3453 3493 3528
f 3497 3532 3492
f 3532 3536 3528
f 3529 3533 3530
f 3524 3523 3533
f 3548 3524 3529
f 3491 3526 3532
f 3526 3525 3531
f 3550 3537 3535
f 3537 3538 3534
f 3529 3530 3538
f 3549 3529 3537
f 3532 3531 3536
f 3556 3551 3546
f 3553 3542 3545
f 3510 3499 3544
f 3555 3541 3543
f 3552 3543 3542
f 3520 3546 3544
f 3539 3557 3540
f 3554 3545 3551
f 3531 3549 3550
f 3536 3550 3535
f 3525 3548 3549
f 3536 3535 3528
f 3521 3547 3548
f 3562 3518 3519
f 3530 3495 3498
f 3538 3498 3462
f 3523 3490 3496
f 3533 3496 3495
f 3527 3534 3462
f 3517 3485 3490
f 3519 3488 3489
f 3518 3487 3488
f 3512 3481 3487
f 3516 3519 3489
f 3515 3483 3481
f 3521 3554 3556
f 3511 3435 3540
f 3511 3555 3552
f 3513 3552 3553
f 3521 3522 3553
f 3547 3556 3520
f 3545 3562 3563
f 3433 3434 3557
f 3516 3442 3510
f 3551 3563 3546
f 3542 3559 3562
f 3541 3558 3561
f 3543 3561 3559
f 3540 3557 3558
f 3600 3566 3599
f 3614 3616 3571
f 3639 3565 3567
f 3642 3572 3569
f 3640 3567 3572
f 3638 3618 3574
f 3619 3579 3583
f 3614 3570 3579
f 3577 3574 3580
f 3641 3569 3575
f 3643 3575 3576
f 3644 3576 3573
f 3595 3593 3584
f 3607 3577 3581
f 3579 3578 3582
f 3584 3625 3585
f 3610 3595 3585
f 3629 3594 3586
f 3594 3596 3585
f 3590 3582 3589
f 3608 3591 3587
f 3591 3592 3588
f 3581 3580 3592
f 3608 3581 3591
f 3624 3583 3590
f 3594 3589 3596
f 3610 3597 3595
f 3597 3598 3593
f 3587 3588 3598
f 3609 3587 3597
f 3626 3590 3594
f 3607 3611 3606
f 3636 3602 3605
f 3635 3601 3603
f 3632 3603 3602
f 3577 3606 3604
f 3599 3639 3600
f 3634 3605 3611
f 3589 3609 3610
f 3582 3608 3609
f 3596 3610 3585
f 3578 3607 3608
f 3588 3627 3630
f 3598 3630 3593
f 3580 3623 3628
f 3592 3628 3627
f 3574 3618 3623
f 3576 3621 3622
f 3575 3620 3621
f 3569 3613 3620
f 3567 3612 3615
f 3572 3615 3613
f 3578 3634 3607
f 3568 3566 3600
f 3571 3632 3636
f 3571 3568 3635
f 3570 3636 3633
f 3578 3579 3633
f 3604 3631 3638
f 3564 3565 3639
f 3573 3617 3631
f 3611 3644 3606
f 3605 3643 3644
f 3602 3641 3643
f 3601 3640 3642
f 3603 3642 3641
f 3600 3639 3640
f 3566 3568 3645
f 3616 3614 3647
f 3694 3695 3612
f 3653 3700 3697
f 3698 3696 3646
f 3695 3698 3649
f 3568 3616 3648
f 3638 3693 3650
f 3619 3624 3660
f 3614 3619 3656
f 3654 3658 3657
f 3696 3699 3651
f 3701 3700 3653
f 3670 3662 3661
f 3682 3683 3658
f 3656 3660 3659
f 3662 3625 3584
f 3586 3625 3662
f 3629 3586 3663
f 3671 3663 3662
f 3685 3684 3664
f 3668 3664 3665
f 3658 3668 3669
f 3683 3685 3668
f 3624 3626 3667
f 3660 3667 3666
f 3664 3673 3674
f 3684 3686 3673
f 3626 3629 3671
f 3667 3671 3672
f 3682 3654 3681
f 3689 3690 3680
f 3692 3689 3677
f 3631 3697 3679
f 3691 3688 3678
f 3688 3692 3677
f 3681 3654 3693
f 3675 3694 3599
f 3690 3682 3687
f 3666 3672 3686
f 3659 3666 3685
f 3655 3659 3683
f 3699 3701 3652
f 3665 3674 3630
f 3674 3670 3593
f 3657 3669 3628
f 3669 3665 3627
f 3593 3670 3661
f 3618 3650 3657
f 3652 3653 3622
f 3651 3652 3621
f 3646 3651 3620
f 3622 3653 3617
f 3612 3649 3615
f 3649 3646 3613
f 3675 3566 3645
f 3648 3647 3692
f 3645 3648 3688
f 3647 3656 3689
f 3689 3656 3655
f 3631 3679 3693
f 3680 3687 3701
f 3694 3565 3564
f 3687 3681 3700
f 3677 3680 3699
f 3676 3678 3698
f 3678 3677 3696
f 3681 3679 3697
f 3675 3676 3695
f 3705 3704 3717
f 3704 3703 3719
f 3702 3720 3719
f 3702 3721 3720
f 3712 3724 3732
f 3723 3714 3716
f 3712 3728 3725
f 3712 3732 3728
f 3724 3723 3732
f 3727 3726 3725
f 3729 3727 3728
f 3731 3730 3733
f 3722 3732 3723
f 3722 3715 3702
f 3731 3702 3703
f 3729 3731 3703
f 3727 3729 3704
f 3726 3727 3705
f 3725 3726 3707
f 3712 3725 3708
f 3724 3712 3709
f 3724 3710 3711
f 3724 3711 3713
f 3724 3713 3714
f 3722 3716 3715
f 3750 3780 3781
f 3757 3783 3780
f 3769 3752 3782
f 3753 3760 3788
f 3761 3790 3786
f 3755 3793 3790
f 3754 3764 3795
f 3755 3765 3797
f 3765 3767 3800
f 3768 3802 3756
f 3767 3769 3804
f 3751 3781 3802
f 3752 3753 3785
f 3764 3766 3756
f 3761 3763 3755
f 3762 3754 3760
f 3770 3773 3757
f 3773 3775 3759
f 3775 3776 3761
f 3776 3777 3763
f 3762 3719 3764
f 3778 3765 3763
f 3779 3767 3765
f 3774 3769 3767
f 3708 3707 3774
f 3714 3773 3716
f 3774 3706 3772
f 3715 3771 3768
f 3721 3768 3766
f 3709 3708 3779
f 3720 3766 3719
f 3710 3709 3778
f 3710 3777 3776
f 3717 3718 3762
f 3711 3776 3775
f 3705 3717 3760
f 3713 3775 3773
f 3706 3705 3758
f 3716 3770 3771
f 3759 3786 3783
f 3805 3782 3742
f 3801 3805 3741
f 3799 3803 3748
f 3798 3801 3740
f 3796 3799 3747
f 3794 3798 3739
f 3796 3746 3745
f 3794 3738 3737
f 3792 3745 3744
f 3791 3737 3736
f 3789 3744 3743
f 3787 3736 3735
f 3782 3785 3743
f 3803 3781 3749
f 3784 3735 3734
f 3782 3805 3804
f 3803 3802 3781
f 3805 3801 3800
f 3799 3756 3802
f 3801 3798 3797
f 3796 3795 3756
f 3798 3794 3793
f 3796 3792 3754
f 3791 3790 3793
f 3792 3789 3788
f 3787 3786 3790
f 3784 3783 3786
f 3780 3734 3749
f 3771 3770 3750
f 3758 3753 3752
f 3768 3771 3751
f 3772 3752 3769
f 3821 3808 3809
f 3823 3807 3808
f 3806 3807 3823
f 3819 3806 3825
f 3816 3828 3829
f 3816 3827 3828
f 3816 3829 3831
f 3827 3815 3828
f 3829 3830 3832
f 3831 3832 3833
f 3831 3835 3816
f 3835 3833 3836
f 3836 3837 3835
f 3837 3826 3827
f 3837 3836 3806
f 3836 3834 3807
f 3808 3834 3833
f 3808 3833 3832
f 3809 3832 3830
f 3811 3830 3829
f 3813 3829 3828
f 3815 3827 3817
f 3827 3826 3818
f 3826 3837 3819
f 3854 3855 3886
f 3861 3854 3885
f 3887 3856 3873
f 3893 3864 3857
f 3865 3863 3891
f 3859 3865 3895
f 3900 3868 3858
f 3902 3869 3859
f 3860 3868 3900
f 3905 3871 3869
f 3909 3873 3871
f 3855 3872 3907
f 3890 3857 3856
f 3860 3870 3868
f 3869 3867 3859
f 3868 3866 3858
f 3859 3867 3865
f 3861 3877 3874
f 3863 3880 3877
f 3865 3881 3880
f 3867 3882 3881
f 3868 3823 3866
f 3883 3882 3867
f 3870 3823 3868
f 3884 3883 3869
f 3879 3884 3871
f 3876 3879 3873
f 3879 3811 3812
f 3814 3815 3878
f 3817 3818 3877
f 3876 3810 3879
f 3819 3825 3872
f 3825 3824 3870
f 3884 3812 3813
f 3883 3813 3814
f 3814 3878 3881
f 3866 3822 3821
f 3878 3817 3880
f 3864 3821 3809
f 3862 3809 3810
f 3820 3819 3875
f 3877 3820 3874
f 3863 3861 3888
f 3846 3887 3910
f 3845 3910 3906
f 3852 3908 3904
f 3844 3906 3903
f 3851 3904 3901
f 3843 3903 3899
f 3901 3897 3849
f 3899 3896 3841
f 3897 3894 3848
f 3896 3892 3840
f 3894 3890 3847
f 3892 3889 3839
f 3847 3890 3887
f 3853 3886 3908
f 3889 3885 3838
f 3909 3910 3887
f 3905 3906 3910
f 3904 3908 3907
f 3902 3903 3906
f 3901 3904 3860
f 3898 3899 3903
f 3858 3897 3901
f 3896 3899 3898
f 3893 3894 3897
f 3892 3896 3895
f 3889 3892 3891
f 3885 3889 3888
f 3885 3886 3853
f 3854 3874 3875
f 3862 3876 3856
f 3864 3862 3857
f 3855 3875 3872
f 3977 3970 3969
f 3942 3938 3932
f 3941 3931 3932
f 3940 3932 3973
f 3947 3945 3933
f 3944 3970 3949
f 3951 3937 3939
f 3954 3938 3937
f 3955 3975 3958
f 3934 3946 3950
f 3959 3935 3934
f 3960 3948 3943
f 3962 3936 3961
f 3963 3936 3962
f 3936 3963 3967
f 3990 3991 3981
f 3981 3992 3994
f 3995 3975 3955
f 3982 3987 3997
f 3989 3993 3982
f 3986 3982 3984
f 217 1 510
f 1 512 511
f 513 516 515
f 514 515 239
f 2 215 519
f 419 519 521
f 2 523 522
f 524 526 525
f 527 528 219
f 3 524 528
f 3 530 529
f 532 531 533
f 534 535 2156
f 535 532 536
f 537 539 538
f 539 540 227
f 5 541 540
f 546 549 548
f 549 474 550
f 474 547 551
f 8 554 553
f 555 11 556
f 8 555 557
f 560 559 561
f 562 564 563
f 564 566 565
f 566 568 567
f 568 570 569
f 571 552 572
f 543 542 6
f 11 543 573
f 12 575 574
f 227 574 576
f 12 578 577
f 12 579 578
f 580 582 581
f 558 564 565
f 564 583 563
f 13 584 582
f 585 522 465
f 586 585 232
f 14 589 588
f 590 591 467
f 15 593 592
f 594 596 595
f 17 218 598
f 17 599 18
f 17 600 218
f 600 602 601
f 19 604 603
f 605 607 606
f 607 603 608
f 604 610 609
f 19 611 610
f 612 613 1587
f 613 610 611
f 609 615 614
f 20 612 615
f 616 618 617
f 618 604 609
f 622 624 623
f 624 620 625
f 621 627 626
f 627 622 25
f 628 630 629
f 630 23 631
f 632 24 633
f 627 635 634
f 238 622 636
f 25 238 637
f 638 640 639
f 26 637 640
f 641 643 642
f 643 638 644
f 26 646 645
f 646 641 647
f 631 648 650
f 27 651 649
f 651 23 618
f 29 654 653
f 29 655 241
f 29 657 656
f 655 656 658
f 659 661 660
f 30 663 662
f 661 664 665
f 666 31 667
f 31 668 242
f 31 666 669
f 31 670 668
f 670 669 671
f 664 672 665
f 672 674 673
f 32 677 676
f 674 676 678
f 683 682 681
f 684 683 246
f 33 684 685
f 34 687 686
f 687 407 688
f 689 686 690
f 35 692 691
f 693 35 694
f 692 696 695
f 696 698 697
f 699 701 700
f 703 689 690
f 37 707 706
f 708 710 709
f 710 712 711
f 38 713 712
f 714 708 248
f 39 251 715
f 251 252 716
f 39 719 718
f 721 723 722
f 723 697 698
f 720 40 715
f 40 721 719
f 724 726 725
f 726 728 727
f 729 720 715
f 720 724 697
f 728 729 730
f 42 731 389
f 42 735 734
f 733 734 736
f 43 725 738
f 43 740 739
f 741 737 742
f 725 739 724
f 743 744 255
f 44 746 745
f 744 748 747
f 749 45 517
f 45 751 750
f 752 732 753
f 751 752 393
f 46 756 755
f 758 738 725
f 758 760 759
f 47 761 762
f 47 48 760
f 48 766 765
f 767 763 768
f 769 771 770
f 49 774 773
f 775 773 776
f 49 775 771
f 50 778 777
f 780 777 468
f 50 781 779
f 50 784 783
f 51 771 775
f 771 786 785
f 787 788 1647
f 788 775 258
f 789 791 790
f 792 793 262
f 52 789 794
f 53 797 796
f 53 798 797
f 799 795 800
f 54 801 262
f 802 803 805
f 54 806 804
f 807 262 793
f 55 809 808
f 810 812 811
f 813 810 814
f 809 813 785
f 815 817 816
f 56 819 818
f 817 818 820
f 785 821 809
f 57 786 822
f 57 823 821
f 824 822 264
f 58 827 828
f 831 832 1680
f 832 800 833
f 800 834 799
f 834 830 62
f 60 836 67
f 60 835 825
f 837 826 1681
f 61 838 64
f 61 840 839
f 838 843 842
f 843 839 844
f 841 64 845
f 846 830 847
f 834 849 848
f 62 850 849
f 63 852 851
f 63 787 470
f 63 822 786
f 845 64 829
f 64 858 857
f 846 70 842
f 65 861 860
f 65 862 70
f 863 865 864
f 865 867 866
f 868 870 869
f 66 863 870
f 66 871 867
f 67 873 872
f 819 866 867
f 67 819 835
f 68 837 874
f 878 876 879
f 875 878 503
f 69 881 880
f 881 883 882
f 884 885 1683
f 70 886 885
f 71 502 266
f 71 266 888
f 891 889 1756
f 72 74 892
f 72 893 890
f 879 892 878
f 74 895 894
f 892 894 896
f 75 898 897
f 898 891 899
f 895 75 1691
f 75 901 900
f 903 902 286
f 904 906 905
f 76 909 908
f 909 904 910
f 77 912 911
f 912 272 913
f 77 3035 914
f 915 911 78
f 916 917 2816
f 79 918 917
f 79 920 921
f 919 921 922
f 923 80 924
f 926 928 927
f 935 937 936
f 81 939 938
f 940 934 277
f 82 942 941
f 943 944 489
f 82 945 944
f 945 936 937
f 946 947 937
f 83 946 948
f 947 83 949
f 83 948 950
f 84 953 956
f 85 953 942
f 953 85 281
f 509 83 950
f 86 949 83
f 86 957 949
f 959 489 961
f 87 962 888
f 88 893 963
f 965 283 966
f 88 965 967
f 969 971 970
f 89 968 972
f 500 972 350
f 90 974 973
f 976 91 977
f 978 92 979
f 288 981 980
f 93 983 982
f 93 984 981
f 986 982 2219
f 985 986 987
f 759 989 988
f 94 991 990
f 764 760 48
f 765 992 764
f 992 994 993
f 994 996 995
f 997 765 766
f 1000 1002 1001
f 1002 1003 751
f 1003 998 298
f 999 1000 1004
f 1005 1007 1006
f 97 1010 1009
f 1008 988 1011
f 1012 993 994
f 993 394 1013
f 98 1015 394
f 1017 1014 1012
f 1014 1018 1016
f 99 1019 1018
f 1019 99 385
f 1021 1023 392
f 100 1024 1023
f 1025 1022 101
f 101 1027 1026
f 1025 1029 1028
f 1029 101 1030
f 1031 1033 1032
f 1034 1011 1035
f 103 1037 1036
f 103 1011 1037
f 103 1038 105
f 1039 103 1040
f 104 1042 977
f 1043 1044 1023
f 108 1043 1045
f 1035 1047 1046
f 105 1049 1048
f 1050 106 1051
f 107 1053 1052
f 106 107 1054
f 107 1056 1055
f 1056 1052 1057
f 108 1058 1041
f 108 1045 1060
f 1059 108 2991
f 109 1062 1061
f 109 110 1062
f 1064 1041 1058
f 1066 1068 1067
f 110 1808 1068
f 1071 1072 426
f 112 1073 428
f 113 1079 1078
f 396 1081 1080
f 1082 1075 1077
f 1083 114 305
f 114 1086 1085
f 1071 1084 1070
f 1086 1071 1087
f 115 1089 1088
f 1091 115 1092
f 1095 1097 1096
f 116 1098 1097
f 1098 1089 1099
f 1090 1099 1089
f 117 1100 1099
f 117 1090 1102
f 1105 1103 1106
f 118 1105 1107
f 119 1108 1104
f 1109 1111 1110
f 1098 1113 1112
f 120 1114 1113
f 1115 120 1116
f 120 1098 1117
f 121 1119 1118
f 1120 121 1121
f 1122 1120 1123
f 1124 1126 1125
f 122 1124 1128
f 122 1129 1127
f 1129 122 1130
f 1131 1133 1132
f 123 1134 1133
f 1135 1118 1119
f 124 1139 1138
f 1140 1142 1141
f 1143 1140 1144
f 1145 1140 1146
f 125 169 1144
f 169 1147 1143
f 126 1148 1147
f 1148 1150 1149
f 126 169 1151
f 1152 127 1153
f 127 1155 1154
f 127 1152 1156
f 1155 1156 128
f 1157 1158 917
f 128 1159 1155
f 1161 1163 1162
f 129 1164 1163
f 1165 1167 1166
f 1167 1168 1853
f 1169 130 1170
f 1171 1169 1847
f 1172 132 1173
f 130 1174 132
f 1175 1177 1176
f 131 1180 1179
f 132 1182 1181
f 132 1183 137
f 1186 1176 1187
f 1176 1184 1175
f 1190 1191 484
f 1191 1194 323
f 1195 1197 1196
f 136 1199 1198
f 1200 136 1201
f 136 1212 1199
f 137 1202 1204
f 1205 1207 1206
f 1208 1210 1209
f 138 1211 1207
f 1195 139 1212
f 1213 1215 1214
f 139 1196 1215
f 140 1215 1196
f 140 1217 1216
f 1217 1219 1218
f 140 1203 1219
f 1220 1222 1221
f 141 1220 1223
f 1222 1224 324
f 141 1225 1224
f 1226 1227 1187
f 143 1226 1230
f 143 1234 1233
f 1232 1233 1235
f 144 1225 1223
f 1239 1223 1220
f 144 1240 1237
f 1241 1138 355
f 145 1241 1243
f 124 1242 1142
f 1244 1246 1245
f 1246 1248 1247
f 1243 323 145
f 146 1243 1248
f 147 1250 1218
f 1250 1252 1251
f 147 1253 1252
f 1255 1256 1257
f 1259 1258 1260
f 1247 1261 1221
f 150 1265 1264
f 326 1264 1266
f 151 1260 1267
f 1269 1271 1270
f 151 1272 1271
f 152 1274 1273
f 152 1277 1276
f 152 1278 1277
f 1279 1281 1280
f 153 1143 1147
f 1282 1283 356
f 1283 1284 329
f 1285 1147 1148
f 153 1285 1284
f 1286 1288 1287
f 309 1290 1289
f 1290 1286 1291
f 1293 1295 1294
f 1297 1299 1298
f 155 2332 1295
f 156 1301 1300
f 157 1303 343
f 158 1305 1304
f 957 1304 949
f 158 957 1306
f 1307 1309 1308
f 159 1310 1309
f 160 1314 1313
f 1315 344 1316
f 160 1318 1317
f 1319 1313 163
f 1323 1325 1324
f 1321 1323 1326
f 163 495 165
f 1329 1330 168
f 163 1331 1330
f 164 1332 165
f 1333 1334 1322
f 164 1335 1334
f 345 1337 1336
f 164 1338 1337
f 165 495 1339
f 1338 1339 1340
f 1141 1336 1337
f 166 1141 1142
f 1341 1342 346
f 1343 1146 1140
f 167 1343 1344
f 167 493 1146
f 347 1344 494
f 168 1346 1329
f 169 496 1151
f 1349 1351 1350
f 170 1192 1351
f 171 1353 1352
f 1353 1335 1354
f 171 1334 1335
f 1356 1358 1357
f 1356 1357 434
f 172 1360 1359
f 1362 1361 1363
f 173 1364 205
f 1364 173 1366
f 1368 1367 1366
f 175 1370 1369
f 1370 1126 1127
f 175 1125 1126
f 1371 1372 290
f 1372 1369 1965
f 1373 1127 1129
f 1375 1373 1376
f 176 1378 1377
f 1379 1381 1380
f 1381 1383 1382
f 1387 1385 1388
f 178 1390 1389
f 1391 1387 362
f 179 1392 1386
f 1393 1291 1394
f 179 1290 1291
f 1395 1360 172
f 1360 1396 1362
f 180 1374 1396
f 1374 1370 1127
f 1397 1399 1398
f 1401 1397 1380
f 181 1401 1402
f 1400 181 1403
f 1404 1405 1415
f 182 1406 1405
f 1407 182 1408
f 1400 183 1410
f 183 1403 1412
f 1413 184 1414
f 184 1416 1415
f 184 1418 1976
f 184 1417 1418
f 185 1415 1419
f 1420 185 1421
f 185 1423 1422
f 1423 1419 1424
f 1425 1427 1426
f 1427 1429 1428
f 186 1430 1429
f 187 1434 1433
f 1436 1433 190
f 1435 1438 1437
f 1439 1367 174
f 1367 1435 370
f 188 1440 1434
f 1441 1411 1442
f 1445 192 1446
f 194 1450 439
f 1451 439 1452
f 194 1453 1449
f 1455 195 1456
f 1457 1459 1458
f 1460 196 1461
f 196 1462 1459
f 1463 1465 1464
f 1465 1469 1468
f 1469 1466 1470
f 1467 1463 1471
f 1473 1475 1474
f 1475 1477 1476
f 198 1448 1477
f 199 1458 1459
f 369 1479 1478
f 199 1480 1479
f 200 2911 1483
f 1482 200 2276
f 201 1486 1485
f 201 1488 1483
f 202 1446 1489
f 1446 1490 1445
f 202 203 1490
f 1491 1489 1486
f 203 202 1492
f 204 1487 1494
f 201 1495 1488
f 1496 1493 205
f 457 1498 1497
f 205 1499 1365
f 205 1500 1496
f 207 512 1501
f 207 1501 1502
f 1503 420 1504
f 208 511 420
f 208 510 1
f 208 1506 1505
f 1507 1508 416
f 209 1510 1509
f 209 1512 1510
f 210 1514 1513
f 1516 211 1517
f 415 1519 1518
f 212 1521 1520
f 212 1512 1519
f 711 1524 1523
f 213 1526 1525
f 213 521 1527
f 1529 214 1530
f 419 1529 523
f 1531 520 1532
f 1533 422 1534
f 216 1536 1535
f 216 1530 422
f 217 510 1537
f 217 575 512
f 598 1539 1538
f 219 1541 527
f 215 1540 1542
f 221 1539 2702
f 1539 221 1538
f 222 1544 1543
f 222 1546 1545
f 223 1548 1547
f 223 1547 538
f 224 1551 1550
f 225 423 1552
f 1527 1552 213
f 531 525 1553
f 1554 1556 1555
f 226 547 1557
f 226 526 1559
f 1558 1559 1561
f 475 1557 556
f 226 1544 1560
f 1562 1563 1564
f 539 576 1565
f 227 540 579
f 1566 1568 1567
f 228 2619 663
f 568 1570 1572
f 1571 229 542
f 230 1573 671
f 231 1570 1574
f 231 1575 230
f 232 1578 586
f 233 1580 1579
f 1583 595 1582
f 603 234 1584
f 1587 1588 1586
f 1590 1589 616
f 1591 612 1586
f 1591 615 612
f 239 1595 1594
f 580 1594 583
f 514 581 1507
f 1596 1598 1597
f 240 1600 1599
f 1601 241 1602
f 241 1601 29
f 241 1604 1603
f 241 1605 1604
f 31 1606 675
f 1514 1516 1513
f 1516 673 211
f 1608 2627 1609
f 245 1612 1611
f 1616 1614 1617
f 1615 246 478
f 247 1621 1620
f 248 1620 714
f 247 1624 1623
f 674 1623 673
f 1622 674 678
f 1625 708 1626
f 249 722 1627
f 250 721 1629
f 251 1631 1630
f 1632 716 1633
f 253 691 1634
f 255 1637 1636
f 255 1639 743
f 1637 744 1640
f 257 1643 1642
f 259 1646 1645
f 1647 788 1646
f 1648 1650 1649
f 853 260 852
f 1652 1653 403
f 1654 1655 810
f 1658 1659 652
f 261 1660 1659
f 1660 1656 1661
f 1665 262 801
f 1666 1665 1667
f 792 1666 1668
f 805 803 1669
f 263 1671 1670
f 263 848 849
f 1672 816 1673
f 1674 1676 1675
f 824 264 1677
f 1678 1680 1679
f 1683 885 1682
f 265 1687 1686
f 265 1689 1688
f 1687 265 1685
f 1690 1686 1691
f 1693 1694 1695
f 268 1698 1697
f 268 1699 1698
f 269 1701 1700
f 269 1702 1701
f 269 916 1704
f 1703 1704 1705
f 270 1709 1708
f 1710 909 1712
f 1712 913 1710
f 271 1715 1714
f 1717 1716 273
f 1718 1719 1162
f 272 1721 1720
f 1719 1720 1722
f 272 1718 1723
f 273 1725 1724
f 1725 273 1726
f 273 1728 1717
f 924 1729 922
f 1647 1732 470
f 276 1735 1734
f 276 277 1735
f 1736 276 782
f 277 1737 940
f 277 1738 1735
f 1740 278 280
f 278 1734 1735
f 1738 1741 280
f 279 946 938
f 279 443 946
f 281 85 958
f 281 959 956
f 281 958 959
f 86 1743 157
f 1745 873 503
f 283 1746 966
f 284 282 1746
f 876 963 879
f 285 1750 1749
f 285 1752 1751
f 970 964 969
f 286 902 1753
f 287 1755 1754
f 287 1756 889
f 1755 1757 1754
f 288 1758 983
f 1759 973 1760
f 288 90 973
f 289 1762 357
f 1761 1764 1763
f 289 1759 450
f 290 1372 974
f 291 1769 1768
f 1766 1768 1770
f 292 1772 1771
f 1774 1776 1775
f 294 1779 1778
f 1780 1782 1781
f 1784 1778 1785
f 1786 1783 979
f 1789 1091 1092
f 1130 296 1790
f 297 1759 1760
f 450 1792 1791
f 1793 1795 1794
f 1796 998 1027
f 1797 298 1798
f 1003 1797 1641
f 299 1006 1799
f 300 1801 1800
f 301 1803 1802
f 302 1806 1054
f 1811 114 1106
f 306 117 1102
f 1111 1820 1819
f 309 1819 1821
f 996 1823 1822
f 1036 1825 1826
f 1827 1829 1828
f 1830 1827 312
f 1150 1830 1149
f 349 1151 1831
f 312 1832 1830
f 1833 1835 1834
f 312 1836 1835
f 1841 1844 1843
f 314 1847 1846
f 1848 1850 1849
f 315 1848 1852
f 316 1853 2928
f 1849 2928 1848
f 1854 316 1166
f 316 1849 1855
f 317 1206 1857
f 1860 1859 320
f 1858 1860 1861
f 318 1863 1862
f 1864 1841 1866
f 318 1161 1865
f 1867 435 1189
f 1857 1867 2926
f 319 1857 1206
f 435 1207 1211
f 320 1859 1868
f 1356 1869 1870
f 1871 1873 1872
f 321 1874 1873
f 1212 1877 2940
f 1234 1209 1210
f 1883 1882 1881
f 1884 1194 1352
f 324 1224 1885
f 1216 325 1887
f 326 1266 1888
f 1889 1890 1260
f 327 1892 1891
f 1893 1280 1281
f 1283 329 1888
f 330 1896 1895
f 1897 1899 1898
f 331 1900 1899
f 1902 1897 1903
f 331 1905 1904
f 1901 1906 1907
f 1908 332 1909
f 333 1911 1909
f 334 1913 1912
f 1915 1917 1916
f 334 1294 1917
f 1918 1920 1919
f 336 1924 1899
f 337 1926 1925
f 1927 1928 1901
f 1929 1925 338
f 1929 1467 376
f 1467 1932 1931
f 1932 338 1913
f 339 1455 1456
f 339 1456 1933
f 1270 1934 1298
f 1270 1271 1934
f 1936 1937 1300
f 1324 1938 1323
f 1305 961 489
f 961 1939 960
f 340 1324 1939
f 1940 1941 499
f 1943 1942 1944
f 341 1945 1941
f 343 1317 1302
f 343 1316 344
f 1949 1328 1326
f 345 1354 1335
f 346 1342 1950
f 347 1347 1345
f 347 1346 1347
f 493 1951 1828
f 348 1952 1951
f 348 168 1330
f 1952 1330 1331
f 348 1345 1347
f 1954 1842 1953
f 1842 1866 1841
f 350 1941 1945
f 500 1945 1955
f 352 1958 1957
f 1959 1192 1193
f 1192 1959 1351
f 353 1869 320
f 355 1138 1963
f 1266 1963 1964
f 1372 1965 974
f 1966 1967 358
f 1968 1966 1969
f 357 1764 289
f 357 1970 1967
f 1966 1972 1971
f 358 1974 1973
f 1975 1967 449
f 359 1978 1977
f 1979 1980 448
f 1980 1982 1981
f 1982 1977 1983
f 359 1979 1984
f 360 185 1985
f 1391 1987 1108
f 1987 1989 1988
f 364 1991 1990
f 365 1993 1992
f 1994 1995 2003
f 1437 1425 1996
f 1425 1997 1432
f 366 1998 1997
f 2001 2000 2002
f 370 2006 2005
f 370 1435 2007
f 2008 371 440
f 371 2010 2009
f 1476 2012 2011
f 372 2014 1474
f 373 2016 2015
f 373 2019 2018
f 2017 2018 461
f 2019 2021 2018
f 2023 1982 1983
f 374 2024 2021
f 2025 375 2026
f 375 2025 459
f 375 459 2027
f 376 1467 1471
f 377 2029 2886
f 378 2032 2031
f 2033 2034 2286
f 2032 2033 2035
f 378 2036 2034
f 1916 2038 2037
f 380 1487 2041
f 1801 2042 1800
f 2043 2045 2044
f 2046 2048 2047
f 2051 382 2046
f 382 2049 2048
f 2057 2056 2058
f 385 2060 2059
f 2057 2059 2056
f 385 2061 1019
f 2063 2064 858
f 387 701 702
f 762 727 2071
f 712 1524 711
f 1524 731 2072
f 2074 2073 1523
f 391 2075 2076
f 391 2079 2078
f 2077 2078 2081
f 2080 2076 2082
f 1798 2083 2084
f 393 1001 1002
f 393 2085 257
f 2085 752 754
f 1013 2086 2088
f 2087 1015 2089
f 2090 395 2091
f 1896 2090 1895
f 2090 1080 395
f 397 2092 1821
f 1898 2093 1897
f 2093 2095 2094
f 2095 1287 1288
f 1287 1924 2096
f 399 1170 1157
f 401 2098 1696
f 2098 910 2099
f 910 2100 909
f 400 1715 2100
f 401 1714 1715
f 402 1685 2102
f 403 2105 2104
f 2106 403 1653
f 2107 2109 2108
f 404 2111 2110
f 404 2113 2112
f 2114 2110 2115
f 53 2116 795
f 2119 2121 2120
f 406 2119 1603
f 406 477 2121
f 2122 1604 2123
f 683 478 246
f 409 2629 2126
f 694 681 693
f 2128 410 2129
f 411 2136 2130
f 713 2130 735
f 411 2132 253
f 413 2136 2133
f 709 2138 1626
f 414 2141 2140
f 2142 2143 508
f 414 2144 2143
f 2144 2081 2078
f 415 1518 2145
f 2143 2145 508
f 415 2144 1521
f 416 513 1507
f 1522 417 2146
f 2148 1522 212
f 2147 2149 578
f 2149 2148 2150
f 2151 2152 1551
f 2153 2151 570
f 2154 1553 525
f 1528 521 1525
f 2155 2157 2156
f 2419 2158 2420
f 420 207 2150
f 421 2160 574
f 421 1505 1534
f 421 1537 510
f 422 2155 2162
f 422 2164 2163
f 1534 2163 2161
f 1552 534 2156
f 1775 425 1774
f 425 2166 2167
f 1774 2168 1777
f 425 1770 2168
f 1766 2167 1765
f 426 2170 2169
f 1046 2169 2171
f 426 1087 1071
f 112 2175 2177
f 2176 2179 2178
f 2180 2178 1813
f 1989 2184 2183
f 430 1447 193
f 1286 1394 1291
f 2186 2188 2187
f 2189 2191 2190
f 431 1250 2191
f 431 1904 1905
f 432 2194 2193
f 1842 2195 1953
f 2196 1842 1843
f 1727 2196 1728
f 2195 1727 1724
f 434 1357 2197
f 2198 1205 1206
f 434 1861 1356
f 435 1188 1189
f 436 1894 2199
f 2201 438 2202
f 1452 2038 1916
f 439 2203 2038
f 2014 2206 2205
f 2206 1834 2015
f 1834 371 1833
f 440 2013 2008
f 441 2209 2208
f 2211 2208 1920
f 2207 442 2212
f 443 948 946
f 443 2047 2214
f 2216 2215 2218
f 444 986 2219
f 987 444 2252
f 2220 2222 2221
f 2222 2219 2223
f 2226 2225 2227
f 1989 445 2184
f 2229 2228 2230
f 447 1470 2233
f 1481 2234 1482
f 2235 2233 2236
f 2039 2235 379
f 448 2237 1979
f 1971 1969 1966
f 448 2238 1969
f 1762 1791 2242
f 2244 2555 2245
f 451 2247 2246
f 2224 2250 2249
f 2253 1408 2254
f 2255 1397 1398
f 2256 2258 2257
f 2258 2255 2000
f 1380 2256 1379
f 2259 2261 2260
f 2262 2259 2263
f 2261 1994 2003
f 1994 1410 1998
f 454 2265 2264
f 454 2267 2266
f 2268 2893 368
f 455 2269 1424
f 2893 2270 2001
f 2271 1424 1419
f 2259 456 2263
f 2272 1428 1429
f 457 2272 2273
f 1428 2275 2274
f 458 1468 2276
f 2027 1983 2277
f 460 2027 2279
f 460 1494 2278
f 2281 2280 2282
f 461 191 2017
f 2284 2018 2021
f 461 2285 191
f 462 2189 2190
f 463 2288 2287
f 1254 2291 1232
f 2291 2290 2191
f 2288 464 332
f 2292 1278 1273
f 465 2294 2293
f 465 1577 585
f 2296 2295 591
f 466 2298 2297
f 2299 2297 605
f 466 588 589
f 591 2299 2296
f 467 2300 590
f 467 2303 2302
f 468 1582 596
f 780 2301 467
f 468 774 2304
f 469 779 781
f 469 1733 259
f 2306 781 782
f 470 2305 853
f 471 770 2310
f 472 1580 2311
f 1580 2312 1579
f 2312 2314 2313
f 472 2315 2314
f 2316 2311 2317
f 2320 2317 2321
f 2322 473 236
f 550 1585 2323
f 573 556 11
f 476 573 2324
f 475 1543 1544
f 476 1550 1543
f 557 1564 554
f 557 2325 1564
f 477 2326 2121
f 477 2328 2327
f 1585 2329 2323
f 479 2330 586
f 479 586 1578
f 479 1578 2331
f 2334 482 2335
f 482 2337 2336
f 929 483 2338
f 484 1244 1886
f 1245 1222 324
f 485 2342 2341
f 1724 2343 2195
f 2343 2345 2344
f 936 2346 935
f 951 941 954
f 486 2347 2346
f 486 951 2348
f 487 1650 2349
f 487 2348 2350
f 2348 2349 486
f 487 488 1649
f 2351 2350 2353
f 2352 2353 282
f 2352 282 1648
f 489 958 943
f 1318 1306 957
f 1327 1319 1332
f 1145 1828 1829
f 494 1346 347
f 496 1145 1831
f 497 2355 1872
f 1960 1958 352
f 2356 1872 1873
f 497 2356 1958
f 1957 498 352
f 498 2357 1961
f 2358 2359 2344
f 1961 1350 2360
f 351 2361 1956
f 1324 972 968
f 499 350 972
f 499 1324 1325
f 501 903 2363
f 911 2363 78
f 1690 911 2364
f 502 865 266
f 503 87 1745
f 503 836 875
f 505 2369 2368
f 505 2371 2370
f 2082 2370 2080
f 2072 506 2074
f 507 2373 2372
f 2373 1508 1507
f 507 1509 1508
f 2374 2372 661
f 508 1517 2375
f 2088 2086 2380
f 509 2382 1743
f 2381 2213 2382
f 2214 950 948
f 1743 1946 1303
f 2382 1308 1946
f 2213 1307 1308
f 2383 2214 2047
f 2383 1312 1307
f 2384 2047 2048
f 1312 2386 2385
f 2386 2388 2387
f 2389 2048 2049
f 2389 2391 2390
f 2389 2392 2391
f 2392 2050 2393
f 2394 2393 2395
f 2395 2397 2396
f 2395 2398 2394
f 2399 2396 2400
f 2400 784 2302
f 2399 2402 2401
f 2402 2302 2303
f 2403 2405 2404
f 2406 2295 2293
f 2402 2404 2401
f 2406 2407 2405
f 2408 2293 2294
f 2408 2409 2407
f 2410 2294 2411
f 2411 1535 2410
f 2411 1529 216
f 2411 522 523
f 2410 2412 2409
f 2412 2414 2413
f 2415 1535 1536
f 2413 2407 2409
f 2418 2420 2416
f 2416 2421 2417
f 2420 2398 2421
f 2158 2394 2398
f 2158 2390 2391
f 2390 2158 2159
f 2423 2424 2159
f 2423 2419 2425
f 2425 2416 2426
f 2426 2414 2427
f 2426 2413 2414
f 2427 2428 2426
f 2430 2414 2415
f 2429 2432 2431
f 2430 1536 2432
f 2431 1534 1505
f 2434 1505 1506
f 2433 2436 2435
f 2442 1520 2444
f 2442 1504 420
f 1520 2148 212
f 2442 2150 2148
f 2446 1520 1521
f 2447 1521 2144
f 2447 2448 2449
f 2447 2144 2448
f 2448 2079 2370
f 2448 2078 2079
f 2370 2449 2448
f 2370 2450 2449
f 2450 2371 1765
f 2453 1765 2167
f 2453 2165 1779
f 2452 1779 2223
f 2223 2454 2452
f 2454 2223 2219
f 2470 2472 2471
f 2469 2471 2474
f 2474 2476 2475
f 2474 2438 2469
f 2477 2475 2478
f 2478 2480 2479
f 2477 2481 2435
f 2478 2482 2481
f 2481 2484 2483
f 2484 2428 2427
f 2428 2216 2217
f 2423 2218 2424
f 2424 2486 2485
f 2486 2215 2487
f 2486 2218 2215
f 2487 2489 2488
f 2488 2479 2480
f 2489 2482 2479
f 2490 2475 2476
f 2494 2472 2495
f 2492 2471 2472
f 2495 2496 2494
f 2497 2498 1763
f 2495 2473 2498
f 2500 982 983
f 1763 2501 2497
f 2502 1763 1764
f 2502 2503 2501
f 2504 1764 1968
f 2503 2238 2505
f 2504 1969 2238
f 2506 2508 2507
f 2505 2239 2508
f 2503 2506 2509
f 2509 2511 2510
f 2509 2501 2503
f 2510 2496 2512
f 2493 2514 2515
f 2515 2491 2493
f 2491 2515 2516
f 2516 2490 2491
f 2518 2520 2519
f 2488 2519 2487
f 2487 2519 2486
f 2520 2522 2521
f 2519 2521 2523
f 2486 2523 2524
f 2485 2159 2424
f 2524 2523 2526
f 2529 2521 2522
f 2528 2523 2521
f 2522 2530 2529
f 2248 2522 2517
f 2248 2517 2247
f 2247 2513 2246
f 2247 2514 2513
f 2513 2511 2532
f 2511 2533 2534
f 2507 2511 2506
f 2533 2537 2536
f 2535 2538 2537
f 2539 2507 2508
f 2539 1981 2538
f 1980 2508 2239
f 2538 2022 2540
f 2540 2542 2541
f 2022 2019 2542
f 2541 2544 2543
f 2542 2020 2544
f 2544 1836 2545
f 2545 1837 2546
f 2546 1952 2547
f 1837 1951 1952
f 1827 1837 312
f 2549 2550 1311
f 2547 1952 2550
f 1311 1314 1310
f 2550 1331 1314
f 1309 1948 342
f 1310 1315 1948
f 1308 342 1946
f 2549 2551 2548
f 2552 1311 159
f 2551 2554 2553
f 2552 1312 2554
f 2553 2556 2555
f 2554 2385 2556
f 2556 2558 2557
f 2385 2559 2558
f 2387 2385 2386
f 2387 2526 2527
f 2388 2389 2525
f 2525 2390 2422
f 2527 2558 2559
f 2527 2528 2529
f 2561 2530 2531
f 2560 2529 2530
f 2562 2531 451
f 2563 451 2246
f 451 2531 2248
f 2532 2534 2564
f 2534 2532 2511
f 2534 2536 2565
f 2536 2534 2533
f 2536 2567 2566
f 2568 2536 2537
f 2568 2541 2567
f 2540 2537 2538
f 2567 2543 2569
f 2566 2571 2570
f 2569 2572 2571
f 2571 2574 2573
f 2572 2546 2574
f 2545 2543 2544
f 2573 2548 2551
f 2574 2547 2548
f 2573 2570 2571
f 2575 2551 2553
f 2555 2244 2570
f 2555 2557 2245
f 2557 2555 2556
f 2557 2560 2561
f 2244 2563 2564
f 2244 2562 2563
f 2564 2565 2244
f 2565 2564 2534
f 2243 2570 2244
f 2518 2480 2490
f 2514 2494 2496
f 2512 2497 2501
f 2483 2427 2429
f 2483 2435 2481
f 2433 2429 2431
f 2477 2436 2438
f 2576 2449 2450
f 2460 2450 2451
f 2455 2451 2452
f 2458 2219 982
f 2421 2401 2404
f 2401 2398 2399
f 2417 2404 2405
f 2417 2405 2407
f 2577 2397 2578
f 2578 2050 2051
f 2578 2393 2050
f 2578 939 2577
f 2577 940 1737
f 2577 1737 783
f 1303 1946 1947
f 1303 157 1743
f 2380 2052 2053
f 2380 2579 2088
f 1036 2053 2052
f 2380 1826 2580
f 2580 989 990
f 1826 1825 989
f 310 990 991
f 2580 2579 2380
f 103 2052 1040
f 2088 1824 1013
f 1824 993 1013
f 992 1824 764
f 2379 868 1678
f 871 820 818
f 818 867 871
f 2379 817 820
f 2379 1679 1673
f 1679 2582 2581
f 1680 832 2582
f 2582 2583 2581
f 2585 800 795
f 2585 2586 2584
f 2585 1661 2586
f 1661 795 1660
f 1661 1656 2115
f 2586 2583 2584
f 2586 2588 2583
f 2588 816 1672
f 2587 2115 812
f 2587 815 2588
f 2111 1654 811
f 1654 2111 2107
f 2115 2110 2111
f 2583 1672 2581
f 817 1673 816
f 1657 2589 2590
f 2590 2589 650
f 2590 2591 1657
f 2591 650 648
f 2591 649 2113
f 2113 2593 2592
f 2593 2321 2594
f 2317 2311 1580
f 2317 2307 2321
f 2596 1580 1581
f 769 1581 1583
f 769 2597 772
f 772 2304 774
f 2304 1583 1582
f 2307 769 770
f 2321 2308 2598
f 2595 1652 2599
f 2599 2594 2595
f 2600 2104 2109
f 2599 403 2104
f 1655 2104 2105
f 2600 2593 2594
f 2320 649 651
f 2591 2114 1656
f 650 24 631
f 2589 633 24
f 633 2589 2378
f 2378 2601 633
f 2601 2378 652
f 2602 652 28
f 2604 28 2605
f 2605 2606 2604
f 2607 1659 1660
f 2607 2116 2606
f 2604 642 2603
f 2606 641 642
f 2605 652 1659
f 2602 2608 237
f 2603 643 2608
f 2608 644 2609
f 2609 1592 237
f 629 644 628
f 2602 1592 2601
f 1658 652 2378
f 2377 2375 1517
f 2377 1517 211
f 1624 211 1623
f 1623 211 673
f 2376 2140 2141
f 2140 1625 2081
f 2081 1626 2138
f 2141 2142 2375
f 1517 508 2610
f 1513 2610 210
f 2610 1516 1517
f 210 1518 1515
f 2610 2145 1518
f 2374 209 1511
f 2374 665 2611
f 2611 1514 1515
f 209 1519 1512
f 661 665 2374
f 660 581 582
f 660 2612 659
f 2612 582 584
f 2612 584 2613
f 2613 1569 2612
f 2613 558 9
f 2613 1568 1569
f 2613 9 1568
f 2614 560 1567
f 1567 561 2616
f 2616 2617 1567
f 2617 30 1566
f 561 559 2618
f 2616 2618 2619
f 2620 666 2618
f 2620 568 1572
f 567 559 560
f 567 2615 566
f 566 9 565
f 1572 669 666
f 669 1572 1570
f 2618 666 2619
f 2619 667 662
f 2619 662 663
f 667 675 664
f 675 667 31
f 675 1606 677
f 677 680 2621
f 2621 676 677
f 678 676 245
f 1622 1611 1621
f 1621 1611 2622
f 2622 1619 2623
f 2624 1611 1612
f 2624 2625 1619
f 1612 2626 2624
f 2621 1612 245
f 679 2621 680
f 2628 679 680
f 2629 2627 1608
f 2626 2625 2624
f 2630 1619 2625
f 2629 1608 1609
f 2630 2127 1619
f 2627 1607 2631
f 2628 242 1607
f 2631 1607 2125
f 1609 2125 683
f 2631 1609 2627
f 1609 681 2126
f 1609 2126 2629
f 2623 694 1620
f 2632 691 2132
f 2132 691 253
f 2632 713 714
f 2622 1620 1621
f 2621 245 676
f 2612 1569 659
f 2074 1524 2072
f 506 731 2633
f 2633 42 2082
f 2082 732 505
f 505 2634 2369
f 2369 517 2635
f 2635 2368 2369
f 2635 504 2366
f 518 2365 504
f 2636 518 517
f 2636 2084 518
f 2084 2365 518
f 2084 1797 1798
f 2636 517 45
f 256 45 750
f 2366 1767 2368
f 2366 504 1767
f 1767 2367 291
f 291 2083 1769
f 2083 1798 2637
f 2637 298 1796
f 2637 1798 298
f 2637 1768 1769
f 2638 1796 2639
f 2639 1772 2638
f 1771 1022 1020
f 2639 1027 1022
f 1771 1020 1773
f 1772 2168 1770
f 2638 1770 1768
f 2633 2082 2076
f 506 2076 2075
f 1765 1767 291
f 2365 2084 2083
f 896 878 892
f 1691 75 2362
f 266 866 1692
f 2364 1689 1690
f 1689 912 1713
f 2364 911 912
f 2103 1713 2640
f 2640 2641 2103
f 2640 401 2641
f 2642 1696 267
f 2641 2101 402
f 2642 860 861
f 2643 861 859
f 2643 1685 2101
f 859 1684 2643
f 2644 859 2645
f 847 859 846
f 847 870 863
f 869 830 831
f 2645 863 1687
f 2645 1687 2644
f 2644 1685 1684
f 1688 2102 265
f 2102 1685 265
f 2363 286 915
f 1956 2345 1752
f 2344 1944 2646
f 2646 2358 2344
f 2357 2646 2647
f 2647 1348 1349
f 2646 1942 1348
f 2647 1349 1350
f 2647 1961 2357
f 2345 2648 1752
f 2341 2345 485
f 2648 1757 1751
f 2341 2649 1757
f 2342 1756 2649
f 899 2340 898
f 898 1725 897
f 2340 1724 1725
f 2649 1754 1757
f 1751 1750 285
f 2360 1351 1959
f 1959 1960 2360
f 1960 1959 2355
f 2359 2650 2343
f 2356 1957 1958
f 2650 2653 2652
f 2650 2356 1873
f 1873 2654 2653
f 1868 1874 353
f 2653 1856 1863
f 2654 1859 1856
f 1863 2655 2653
f 2655 1864 1866
f 2652 2655 2651
f 2655 1954 1953
f 1953 2651 2655
f 2651 2343 2650
f 2343 2344 2359
f 1872 1190 1871
f 494 1329 1346
f 1831 1829 349
f 492 1950 2656
f 2656 354 492
f 1962 1884 1352
f 2656 1242 1884
f 1354 346 492
f 1341 1354 1336
f 1327 1332 2657
f 1327 2657 162
f 2657 1322 1320
f 162 1320 1321
f 1306 1328 1949
f 2354 1949 2658
f 2354 1306 1949
f 2658 1323 1938
f 1740 2347 2659
f 2659 486 2349
f 2659 2349 1650
f 2659 1739 1740
f 1746 2353 966
f 2353 2352 2351
f 488 1648 1649
f 966 2350 965
f 2348 965 2350
f 954 942 953
f 935 1741 934
f 1221 1245 1247
f 1245 1886 1244
f 1247 1245 1246
f 1871 2339 1876
f 2339 1225 2660
f 1885 1224 1225
f 2660 1358 2339
f 2660 2197 1357
f 2660 1205 2197
f 2660 1225 2661
f 2661 1225 1238
f 2661 1210 1205
f 1210 2662 1234
f 1235 1238 1236
f 2662 1233 1234
f 1235 1236 2200
f 2200 1257 1256
f 2199 2663 1257
f 2663 2665 2664
f 2666 1894 328
f 1257 2664 1255
f 2666 1281 2665
f 1893 328 1892
f 1276 2665 152
f 152 1281 1275
f 1235 1256 1232
f 483 1723 2667
f 929 2668 1723
f 2668 929 930
f 2668 1709 2669
f 930 1708 1709
f 1708 930 931
f 932 931 2670
f 931 932 1708
f 2670 2338 1840
f 2338 1165 1840
f 1165 2338 483
f 2670 1840 1166
f 2670 316 1855
f 2670 1166 316
f 927 1855 1849
f 2672 1849 1850
f 1838 1850 2673
f 2673 314 1846
f 2673 1839 1838
f 2673 1846 2674
f 1847 1169 1845
f 1847 314 1851
f 1174 1852 2675
f 1174 1184 1182
f 2675 1175 1184
f 1175 1852 1848
f 1182 1185 2676
f 2676 481 2333
f 2677 2333 2681
f 2676 1181 1182
f 2677 1183 1181
f 2678 2681 1883
f 2678 1203 1183
f 2679 1219 1203
f 1249 1881 2194
f 2680 1883 1881
f 2194 1881 1882
f 2193 2335 482
f 2334 2681 2333
f 2335 1883 2681
f 2334 2682 2337
f 2682 2333 481
f 2337 133 1186
f 2682 1185 133
f 2336 1186 1227
f 2336 1227 142
f 2683 142 1228
f 2683 1253 432
f 1251 1228 1229
f 2191 1229 2291
f 1251 2191 1250
f 2190 2191 2290
f 2683 482 2336
f 1249 2194 147
f 2680 1218 1219
f 2674 1729 1839
f 2684 1845 313
f 2097 313 399
f 1839 274 2685
f 1839 2685 1838
f 2685 926 1838
f 80 274 924
f 2672 1838 926
f 1711 927 928
f 2671 933 932
f 2669 1710 913
f 1723 913 272
f 2667 1723 1718
f 2667 1164 483
f 2667 1718 1162
f 1454 2686 1453
f 2686 2332 1933
f 2686 1456 195
f 1933 2687 339
f 1934 339 2687
f 339 1272 1922
f 1934 1271 1272
f 339 1922 335
f 1455 335 1923
f 1923 195 1455
f 2688 1918 1449
f 1449 1919 1448
f 1919 1477 1448
f 2209 2012 1477
f 2012 2209 2207
f 1449 1453 2688
f 195 1453 2686
f 480 1295 2332
f 2331 1578 2689
f 479 2690 1584
f 2331 1576 2690
f 2690 607 608
f 1584 608 603
f 1584 2330 479
f 599 1584 234
f 599 1532 2330
f 599 234 18
f 1532 586 2330
f 1532 597 1531
f 1531 2691 220
f 597 598 2691
f 220 1541 1540
f 2691 1538 1541
f 1538 527 1541
f 530 1538 221
f 2689 1577 2692
f 1576 2692 606
f 606 2299 605
f 2692 2296 2299
f 586 1532 520
f 2329 2694 2693
f 2695 1585 235
f 2323 2693 2696
f 2696 2693 636
f 2696 550 2323
f 623 636 622
f 2693 1589 2697
f 1589 2693 2694
f 636 2697 1593
f 1593 640 637
f 2697 639 640
f 636 1593 238
f 619 235 2698
f 2698 2700 2699
f 2699 601 602
f 2700 1561 601
f 1558 551 547
f 601 2701 600
f 1561 2702 2701
f 2701 2702 1539
f 2702 1561 1559
f 221 529 530
f 529 1559 526
f 600 1539 218
f 2699 604 619
f 2694 616 1589
f 478 2704 2703
f 408 2705 2704
f 2705 408 2124
f 1596 2124 2706
f 2706 670 1596
f 2706 2124 668
f 1598 671 1573
f 1573 230 1575
f 1575 2708 2707
f 2120 2709 2119
f 1575 231 2709
f 2709 1603 2119
f 2710 231 1574
f 1574 572 2710
f 2710 572 1603
f 1603 1602 241
f 572 2711 1602
f 553 572 552
f 1602 2712 1601
f 2711 2713 2712
f 2711 1562 2713
f 1563 553 554
f 2713 2714 2712
f 2715 1562 1556
f 2715 626 2714
f 621 1556 620
f 2714 634 2716
f 2714 1601 2712
f 634 2717 654
f 634 626 627
f 634 654 2716
f 2066 634 635
f 654 2717 2718
f 2718 2719 2720
f 2721 2719 2722
f 2718 2720 653
f 2720 794 2723
f 2723 789 2724
f 2724 790 2725
f 2725 790 2726
f 2727 790 791
f 790 2727 2728
f 2727 2730 2728
f 2731 2729 2732
f 2732 2734 2733
f 707 2733 2735
f 2733 705 2736
f 2732 2736 1610
f 2737 705 703
f 690 2738 2737
f 2738 2740 2739
f 2740 686 687
f 2740 2741 1618
f 2741 688 2742
f 2742 2743 1613
f 1628 688 2744
f 2744 407 2745
f 2745 1629 2744
f 250 718 719
f 2744 249 1628
f 2745 34 718
f 1628 249 2743
f 2746 249 1627
f 1627 682 2746
f 1627 723 2747
f 693 681 682
f 2746 685 1613
f 2746 1613 2743
f 2739 1618 1616
f 2739 1617 2748
f 2748 1617 2749
f 1617 2750 2749
f 2750 1617 1614
f 2751 1614 1615
f 2704 2327 2328
f 2704 2326 2327
f 2752 2704 2705
f 2752 1597 2326
f 2328 2123 2751
f 2122 2328 477
f 2750 2754 2753
f 1605 2123 1604
f 1605 658 2754
f 658 240 2755
f 658 1605 655
f 2754 2755 2756
f 2756 2757 2753
f 2757 2759 2758
f 2753 2757 2749
f 2758 2748 2757
f 2761 2760 2762
f 2762 244 1610
f 2762 2738 2761
f 2761 2739 2748
f 2763 2758 2759
f 2763 2730 244
f 2759 2726 2763
f 1599 2755 240
f 2759 2756 2755
f 2728 2726 790
f 2726 2730 2763
f 244 2731 1610
f 2735 2765 2764
f 2734 2043 2766
f 1668 2729 792
f 2765 2767 2764
f 2765 2768 2767
f 856 828 2769
f 2767 880 706
f 706 2770 37
f 2770 880 881
f 2770 704 37
f 2771 881 2772
f 2771 2774 2773
f 2774 882 2775
f 2773 2774 2776
f 2775 2778 2774
f 745 2777 2779
f 2779 2777 2780
f 2782 2783 1730
f 1730 2785 2782
f 2785 2784 2786
f 2785 1152 2787
f 2787 2788 2789
f 2060 1153 127
f 2790 2791 2788
f 2790 99 1017
f 2788 2792 2789
f 2791 1137 2792
f 2789 2794 2793
f 2792 1822 2794
f 1822 995 996
f 995 1137 1136
f 2795 2796 1644
f 2796 1822 1823
f 2796 2811 1644
f 2797 1823 997
f 766 2798 2797
f 767 2799 2798
f 767 768 2800
f 2800 768 2070
f 2070 2801 2800
f 2070 768 763
f 2801 2071 2802
f 2070 762 2071
f 2802 728 730
f 728 2071 727
f 730 2803 2802
f 2803 2801 2802
f 1638 1631 1639
f 1639 1632 1635
f 1635 2805 2804
f 1632 1633 2805
f 1633 700 2806
f 2069 700 701
f 2806 2808 2807
f 2806 2804 2805
f 2808 2776 2809
f 2808 2069 387
f 2807 2809 2810
f 2810 2804 2807
f 2778 2776 2774
f 2810 2778 746
f 2808 2773 2776
f 2068 2771 2773
f 1639 1636 1638
f 1638 2799 2801
f 2799 1638 1636
f 2798 1636 1637
f 2797 1637 2811
f 2811 2813 2812
f 2795 2814 2793
f 2793 2787 2789
f 2785 2814 2813
f 2813 2782 2785
f 2813 747 2782
f 747 1640 744
f 1731 2784 1730
f 2784 1158 2786
f 2816 275 2817
f 1731 2816 2815
f 2815 917 1158
f 275 2818 2817
f 275 2783 2818
f 2818 2781 2780
f 2780 2781 2779
f 2777 2820 2819
f 2777 2775 882
f 2821 2822 2820
f 2821 882 883
f 2821 1705 2822
f 2821 883 2065
f 1705 2065 1703
f 2822 1707 2820
f 1707 1704 1706
f 1707 2819 2820
f 1707 2817 2818
f 1706 1704 916
f 2817 1707 1706
f 2786 1156 1152
f 745 746 2778
f 882 2772 881
f 2764 706 707
f 2769 828 827
f 2823 827 857
f 2769 855 856
f 2064 857 858
f 2823 2064 855
f 2044 58 828
f 2729 791 792
f 2726 1600 2725
f 2725 657 2724
f 2724 653 2723
f 2723 653 2720
f 793 2722 2824
f 2721 52 1662
f 2824 2826 2825
f 2826 647 2117
f 2826 646 647
f 645 2719 2067
f 2825 2117 405
f 806 405 2118
f 2825 807 2824
f 2716 29 1601
f 2708 2326 1597
f 2707 1597 1598
f 2703 1615 478
f 2325 548 1554
f 1554 548 625
f 546 2325 557
f 1554 625 620
f 557 545 546
f 554 1564 1563
f 554 8 557
f 2324 2827 476
f 2827 544 6
f 2827 1550 476
f 1550 2827 224
f 2827 542 229
f 224 229 569
f 1543 2152 2828
f 2152 1550 1551
f 2828 2152 2154
f 222 2154 1546
f 544 573 543
f 2322 2316 2317
f 592 236 2829
f 2316 592 2315
f 2829 587 588
f 2829 236 1588
f 2830 1586 1588
f 1586 2318 1591
f 2315 592 593
f 2319 615 1591
f 2319 651 614
f 2319 1591 2318
f 2313 2300 594
f 2831 2313 2314
f 2831 590 2300
f 593 2314 2315
f 2313 595 2312
f 2312 1583 1579
f 2310 771 785
f 2310 814 2309
f 2105 810 1655
f 2106 1653 471
f 2308 1653 1652
f 853 2306 1651
f 2305 1732 1733
f 1734 782 276
f 2301 596 16
f 2302 780 467
f 2301 594 2300
f 605 2297 611
f 2297 613 611
f 2298 1587 613
f 1587 589 14
f 2292 1273 2832
f 2832 1926 2292
f 1925 1912 338
f 2292 2833 1910
f 1911 1907 2186
f 1927 1901 1907
f 2835 2188 462
f 2835 1909 2834
f 2835 2190 2290
f 1908 2287 2288
f 2188 2189 462
f 1904 2188 1906
f 1912 2832 1273
f 1293 2836 1296
f 1296 2836 1299
f 2836 1273 1274
f 1299 1269 1935
f 2836 1274 1269
f 1274 1280 1268
f 1279 1274 1275
f 1269 1270 1935
f 2288 2289 1278
f 2288 332 1908
f 1278 1254 1277
f 2034 2838 2837
f 2838 2034 2036
f 2837 1444 2839
f 2839 2035 2286
f 2285 1444 191
f 2840 1490 2839
f 1445 2285 192
f 1490 2035 2839
f 2286 2035 2033
f 2205 1474 2014
f 2205 1472 1473
f 2838 2015 2016
f 2837 2016 1444
f 192 2283 2841
f 2841 2284 2842
f 2284 2280 2842
f 2282 2280 2843
f 2843 2024 2025
f 2280 2021 2024
f 2843 2026 2844
f 2844 2026 2041
f 2041 2278 380
f 380 1494 1487
f 2844 2041 1487
f 2844 2281 2282
f 2842 1446 2841
f 2842 1485 1486
f 2842 1489 1446
f 2841 1446 192
f 2279 2277 1499
f 2277 1365 1499
f 1365 2277 2845
f 2845 2277 1983
f 2845 2846 1365
f 2847 1977 1978
f 2848 1978 2849
f 2849 1439 2848
f 1440 2850 2265
f 2849 359 2850
f 2850 1984 2264
f 2265 1434 1440
f 2851 2852 190
f 2852 2266 1985
f 1985 2853 360
f 2853 2266 2267
f 360 2854 1421
f 2853 2267 2854
f 2237 2267 454
f 2267 1971 1972
f 1972 1417 1420
f 1973 1418 1417
f 1418 1973 1974
f 190 1422 1436
f 2852 185 1422
f 2851 1433 1434
f 2848 174 1368
f 2847 1368 2846
f 2846 1366 173
f 2279 1493 1494
f 460 2026 375
f 2855 2276 200
f 2855 2856 2857
f 2857 2858 2855
f 2857 1497 2858
f 1497 2275 457
f 1497 1498 383
f 2858 2859 2860
f 2859 1460 1464
f 1464 1461 1463
f 1461 2861 1471
f 1471 2862 2028
f 2862 2864 2863
f 2861 1457 2864
f 2863 2864 2865
f 2864 2866 2877
f 2866 1457 2868
f 2868 2869 2867
f 2868 1458 2869
f 2869 1478 2870
f 2870 2871 1999
f 2871 1478 2872
f 2872 1442 2871
f 1441 1443 189
f 1441 1998 2873
f 1998 189 1997
f 1997 189 1432
f 2873 1998 1410
f 2873 1411 1441
f 1430 1478 1479
f 1430 1431 1443
f 1430 1479 1480
f 1412 1442 1411
f 1412 367 1999
f 2869 1999 367
f 2867 367 2874
f 2874 367 2875
f 2875 1412 1403
f 1403 2876 2875
f 2876 2878 2877
f 2878 2879 1388
f 1381 1402 1401
f 1381 1382 2879
f 1381 1401 1380
f 1382 2880 2879
f 2880 445 2879
f 2880 1383 2881
f 1383 1384 429
f 429 1384 2181
f 2882 429 2182
f 2884 1810 305
f 1818 305 1811
f 2884 1818 2883
f 2882 2883 2881
f 1988 1818 308
f 2883 2183 2184
f 1817 1108 1987
f 2881 2184 2880
f 2880 2184 445
f 1388 1986 1387
f 2878 1385 2877
f 2877 1385 1392
f 2877 2866 2876
f 1392 2864 2877
f 2865 2029 2863
f 1393 1394 2185
f 2863 2030 2862
f 2030 377 2028
f 2028 2885 376
f 2886 2185 193
f 2230 193 1447
f 2886 2228 2885
f 2885 1929 376
f 2874 2866 2867
f 1464 1465 2860
f 2860 458 2858
f 2856 200 1484
f 2856 2887 2274
f 1426 2888 2890
f 2887 1484 2888
f 2887 1426 2889
f 2889 2274 2887
f 2889 1426 1427
f 2890 1488 1495
f 1996 1495 1500
f 2890 1425 1426
f 1500 2006 2891
f 1996 2891 1437
f 2274 1427 1428
f 2888 1483 1488
f 1469 1481 1482
f 1459 2272 1480
f 2273 1498 457
f 2273 1459 1462
f 2273 383 1498
f 1480 1429 1430
f 2263 2892 1992
f 2892 365 1992
f 1398 2892 2255
f 2892 2002 2000
f 365 1398 1399
f 2002 2893 2001
f 2004 456 2260
f 2271 2894 2270
f 2894 1415 1405
f 2894 1405 1406
f 2270 2894 2257
f 2000 2001 2270
f 1406 2895 1379
f 2257 1379 2256
f 1407 2253 2895
f 2895 1135 1379
f 2269 1438 1423
f 2268 1995 2269
f 1995 1437 1438
f 1423 1436 1422
f 454 1979 2237
f 2262 1992 1993
f 1410 1993 1400
f 2261 2004 2260
f 2254 2896 2253
f 1133 2896 2897
f 2896 1133 1134
f 2897 361 1133
f 361 1991 2898
f 2897 2227 1991
f 2227 2899 2226
f 2899 2896 2254
f 2226 182 1409
f 2899 1408 182
f 2898 1991 364
f 2898 1116 361
f 1115 364 1114
f 1114 364 1376
f 1376 1990 1375
f 1375 2225 1378
f 1378 2226 2900
f 2900 2226 1409
f 2900 1377 1378
f 1377 1409 1404
f 1416 1413 2901
f 1361 1413 1414
f 1416 1396 1374
f 2901 1362 1396
f 984 1128 1124
f 2251 2902 1128
f 2251 985 2252
f 2902 2251 2252
f 1790 2252 2903
f 2902 1790 296
f 2249 2903 2224
f 2903 2249 1790
f 1095 1130 1790
f 2903 2252 444
f 1124 981 984
f 1125 980 981
f 980 290 90
f 2250 2220 1088
f 1088 2221 115
f 2221 2904 1092
f 1092 2905 1789
f 2905 1781 1782
f 2904 2222 1781
f 1789 1786 2906
f 2906 979 92
f 2906 1091 1789
f 1093 92 1061
f 2250 1094 2249
f 1094 1088 1089
f 1762 2907 1970
f 2242 1369 1370
f 1965 1791 1792
f 2242 1395 2907
f 2907 172 2908
f 2908 1970 2907
f 2908 2241 2240
f 2908 1359 2909
f 2909 2910 2241
f 1363 1976 2910
f 1414 1363 1361
f 1414 184 1976
f 1974 1976 1418
f 2910 1975 2241
f 2240 1967 1970
f 2912 2039 2040
f 2911 1482 2234
f 2911 1491 1486
f 2912 1450 2911
f 2204 2040 2203
f 1450 2032 2913
f 1491 1492 202
f 2913 2032 1492
f 446 2233 2231
f 2235 2202 2914
f 2236 2915 2202
f 2201 1931 1932
f 2915 2232 1931
f 1932 438 2201
f 1932 1914 438
f 2202 2037 2914
f 2037 1915 1916
f 1915 2202 438
f 2203 2037 2038
f 379 2203 2040
f 2233 1470 2231
f 2231 1470 1466
f 2230 2916 2229
f 2916 1447 336
f 2229 1900 1930
f 2916 1899 1900
f 1930 1900 1928
f 2228 1930 1929
f 2227 1990 1991
f 2223 1781 2222
f 2212 2918 2011
f 2918 2010 2013
f 2011 1475 1476
f 1475 2013 372
f 2917 442 2210
f 2917 2010 2212
f 2917 1832 2009
f 1920 1148 2211
f 1148 1920 1285
f 2211 1149 2210
f 2208 1919 1920
f 2207 2011 2012
f 1450 2031 2032
f 1240 1891 1892
f 1188 1208 2919
f 2919 2921 2920
f 1208 1209 2921
f 2921 2922 2920
f 1231 1230 2922
f 1231 1880 1234
f 2922 1878 1879
f 2920 1879 2923
f 2923 2919 2920
f 2924 2923 1179
f 1179 134 2924
f 134 1179 2925
f 2925 1180 2926
f 2925 2926 1867
f 2927 2928 1862
f 2927 1857 2926
f 2928 1168 1862
f 2928 2927 1178
f 1848 1178 1175
f 1853 1854 1167
f 1178 2926 1180
f 2925 1189 134
f 2924 1188 2919
f 2923 1177 131
f 1843 1844 1722
f 2196 1722 1720
f 1728 1720 1721
f 147 432 1253
f 2192 1905 2929
f 2929 2930 2192
f 2930 1902 2931
f 2931 2932 330
f 2931 1895 2933
f 2933 2090 2091
f 2933 2934 1887
f 2934 2935 1214
f 2935 2091 395
f 1214 2935 381
f 381 2936 1213
f 2936 2938 2937
f 2938 1080 1081
f 2936 395 1080
f 2938 1877 2937
f 2939 1081 1082
f 2940 1082 2941
f 2942 2944 2943
f 2944 2945 2943
f 2946 2947 1806
f 2946 1077 1076
f 2947 2177 2948
f 2177 1076 112
f 2948 1054 2947
f 2948 1051 106
f 2948 2175 2949
f 2950 304 1051
f 2950 2175 2180
f 2950 1807 304
f 2951 2180 1813
f 2952 1813 2953
f 2953 2954 2952
f 2953 1813 1812
f 2955 2956 1085
f 2179 1812 2178
f 2957 2959 2958
f 2959 1105 2958
f 1105 1073 2960
f 2960 1107 1105
f 2960 2962 2961
f 2960 1073 1074
f 2960 2963 2962
f 2964 1079 2965
f 2965 2966 2094
f 1079 1896 2966
f 2094 1903 2093
f 2966 2932 1903
f 2093 1903 1897
f 2965 2963 2964
f 2092 1288 1292
f 1820 1111 1107
f 1085 1106 114
f 2958 1085 2956
f 2955 1086 2954
f 2954 1087 303
f 304 2967 1050
f 2967 1048 1049
f 1047 1048 303
f 2967 1807 2951
f 2172 1047 303
f 2947 1054 1806
f 2945 1055 2968
f 1055 1806 302
f 1055 302 107
f 2968 1056 2969
f 2968 2970 2945
f 1198 2968 384
f 2971 1198 1199
f 1199 2940 2971
f 2940 1199 1212
f 2971 2945 2970
f 2971 2941 2943
f 2969 1057 2972
f 1057 1015 1016
f 2972 1016 1018
f 2972 384 2969
f 2973 1018 1019
f 2973 1019 1201
f 1201 2061 2974
f 1201 1019 2061
f 1201 136 2973
f 1201 2975 1200
f 2974 2054 2975
f 2057 2055 2054
f 1300 2056 156
f 2056 2059 1154
f 1936 1300 1301
f 2058 1300 2055
f 2977 1301 1159
f 1155 1301 156
f 2977 1172 2976
f 1172 1160 130
f 1160 1157 1170
f 1936 2976 1937
f 2976 1173 1937
f 1937 137 2978
f 2978 1204 2054
f 1200 1204 1202
f 2055 1300 1937
f 2973 1198 384
f 2969 384 2968
f 2937 1212 139
f 2937 1213 2936
f 2979 1216 1887
f 140 1214 1215
f 1887 2930 2933
f 2930 1887 325
f 2192 1218 1250
f 1217 325 1216
f 2188 1907 1906
f 2185 2886 2029
f 2096 1286 1287
f 2181 1119 2182
f 1119 1384 1135
f 2182 1083 1810
f 393 427 1001
f 1004 427 2980
f 1794 2173 1642
f 1794 2982 1793
f 2982 1642 1643
f 1793 2982 2983
f 2982 755 756
f 1643 754 755
f 257 2085 754
f 2983 757 2984
f 1793 1010 1795
f 1010 1005 2985
f 2985 1006 299
f 2981 1794 1795
f 2984 758 759
f 1009 759 988
f 2983 1009 1010
f 2980 299 1799
f 1004 2986 999
f 2986 1799 1007
f 1007 1026 2986
f 1026 1007 1008
f 101 1008 1031
f 2042 1033 2987
f 1033 1034 301
f 301 2171 1803
f 2988 1046 2171
f 2169 2170 1805
f 2170 2989 1804
f 1072 1058 2989
f 1065 1069 1808
f 1058 1059 1804
f 1805 2990 2169
f 2992 2991 108
f 2992 108 1060
f 1028 1024 1025
f 1045 1043 1024
f 1028 1801 300
f 2992 1800 2993
f 2993 2991 2992
f 2990 1802 1803
f 2987 1800 2042
f 1032 1801 1030
f 998 1026 1027
f 2174 1642 2173
f 2172 1046 1047
f 1777 1772 292
f 1777 292 1773
f 2165 1785 1778
f 1775 91 975
f 2165 976 1042
f 2165 2994 1785
f 2994 1788 1787
f 2994 1063 1788
f 1063 1042 1041
f 1785 1787 1784
f 1526 2156 2157
f 2163 1549 2995
f 536 2162 535
f 2995 2161 2163
f 2160 1565 576
f 2995 223 1565
f 2162 2156 535
f 1537 574 575
f 1526 1528 1525
f 2157 214 1528
f 2155 1530 214
f 1553 533 531
f 2996 2153 562
f 2996 2998 2997
f 562 563 2998
f 2997 2998 2999
f 2998 541 2999
f 541 563 583
f 2999 3000 2997
f 2999 537 3000
f 1547 537 538
f 3000 532 533
f 2997 533 2996
f 1560 525 526
f 1545 1560 1544
f 2151 1551 224
f 2151 569 570
f 2150 1502 2149
f 2149 577 578
f 1522 1510 1512
f 2147 515 516
f 417 513 416
f 1510 416 1508
f 2081 2138 2077
f 709 1523 2073
f 2139 2077 2138
f 709 1626 708
f 2137 2129 3001
f 2137 736 734
f 3001 3002 736
f 3003 737 3004
f 3004 738 753
f 753 754 752
f 3004 736 3002
f 733 753 732
f 742 410 2128
f 742 2135 741
f 2135 2134 740
f 740 741 2135
f 3005 739 740
f 3005 696 739
f 692 3006 1634
f 695 2134 3006
f 3006 412 3007
f 3007 2133 2136
f 2131 253 1634
f 1634 691 692
f 2130 734 735
f 2137 2130 2136
f 3001 2129 410
f 2135 2129 412
f 2125 668 2124
f 2118 796 1663
f 2118 804 806
f 2118 803 804
f 1663 1669 803
f 1675 1669 3008
f 1675 1671 1674
f 1674 3010 844
f 3010 843 844
f 843 850 62
f 842 62 846
f 839 1676 1674
f 840 805 1676
f 802 840 801
f 3009 797 798
f 3009 798 848
f 848 799 834
f 1663 796 1664
f 2116 647 641
f 2115 1656 2114
f 2107 1655 1654
f 2100 1712 909
f 2099 904 862
f 2099 860 2098
f 860 2099 65
f 2098 267 1696
f 862 905 3011
f 3011 268 3012
f 905 1699 268
f 1699 905 906
f 1699 3013 73
f 3015 907 908
f 3015 920 269
f 925 921 920
f 923 922 921
f 3014 269 1700
f 1700 3016 73
f 1701 1693 3016
f 1702 2062 1693
f 2062 1702 386
f 1694 2063 3017
f 3017 3019 3018
f 3018 1683 1682
f 3019 884 1683
f 3019 838 884
f 838 2063 858
f 3012 886 3011
f 3012 268 3020
f 3020 1697 3017
f 3017 1695 1694
f 1693 1698 73
f 862 65 2099
f 919 399 918
f 2097 922 1729
f 2096 336 1447
f 1821 1820 397
f 2089 1052 1053
f 2089 1057 1052
f 2089 1040 2087
f 1039 1053 1038
f 3021 1776 293
f 1021 3022 1776
f 3021 1773 1020
f 3022 977 91
f 1044 392 1023
f 1773 293 1777
f 2077 390 391
f 735 712 713
f 761 725 726
f 725 761 758
f 388 729 1630
f 645 635 26
f 855 883 69
f 1703 386 1702
f 2060 1154 2059
f 383 1462 1460
f 1742 2046 443
f 829 1667 845
f 2044 829 58
f 1916 1917 1452
f 2035 1492 2032
f 1472 1450 1448
f 2025 2023 459
f 374 1981 1982
f 2020 1835 1836
f 2017 1444 2016
f 2015 1835 373
f 2009 1833 371
f 2005 1366 1367
f 2006 1364 2005
f 363 1289 1290
f 1110 1390 1109
f 3023 1389 1390
f 3023 1819 1289
f 1116 1132 361
f 1131 1116 120
f 1131 1117 1118
f 1100 1101 3024
f 3024 1816 1121
f 3025 117 306
f 3026 306 1814
f 3026 3029 3028
f 3029 3030 3028
f 1809 1068 1808
f 3030 3027 3028
f 3031 3030 1070
f 1070 307 3031
f 1815 1084 3032
f 1815 1070 1084
f 1815 3032 307
f 3032 1122 1123
f 307 1123 3033
f 3033 1816 3027
f 3027 3031 307
f 1100 1121 121
f 974 1792 973
f 356 1888 1964
f 356 1964 1963
f 356 1138 1139
f 1264 1241 355
f 1241 1264 1265
f 1243 1265 1258
f 1962 1352 1353
f 1869 1861 1860
f 353 1875 1870
f 1956 970 971
f 1943 1955 1945
f 1950 1142 1242
f 1947 343 1303
f 1321 1328 162
f 1942 1194 1348
f 1942 1325 1355
f 1939 968 952
f 960 952 955
f 1935 1298 1299
f 151 1922 1272
f 1267 1284 1285
f 1267 1262 1284
f 1284 1262 329
f 1921 1285 1920
f 1452 1294 1451
f 1909 332 333
f 333 464 1910
f 1890 1220 1259
f 1239 1891 1240
f 1260 1268 1889
f 1884 145 323
f 1878 1187 322
f 1187 1230 1226
f 1177 1187 1176
f 353 320 1868
f 1875 1358 1356
f 1865 1162 1844
f 1845 1170 313
f 1831 1151 496
f 3034 1036 1037
f 3034 989 1825
f 3034 988 989
f 991 764 1824
f 308 1811 1104
f 308 1104 1817
f 1120 1121 1816
f 1104 1811 1103
f 1106 1103 1811
f 1130 1097 1129
f 1112 1097 1098
f 1128 296 122
f 296 1130 122
f 295 979 1783
f 978 1063 109
f 978 1788 1063
f 295 1784 1787
f 1756 899 891
f 1755 1749 1750
f 890 964 1749
f 915 286 3035
f 3035 1726 1716
f 3035 1716 1717
f 1716 1726 273
f 1753 901 897
f 1726 897 1725
f 1748 1747 282
f 1747 876 852
f 1747 852 260
f 852 877 1744
f 873 67 836
f 1745 888 1692
f 872 1692 866
f 3036 1677 264
f 851 264 854
f 851 1744 3036
f 1681 874 837
f 943 85 942
f 1742 938 939
f 783 1736 782
f 259 1733 1646
f 1717 914 3035
f 1711 908 909
f 1706 916 2816
f 864 1686 863
f 1677 1681 826
f 824 826 823
f 854 264 822
f 1675 805 1669
f 1671 849 850
f 845 1665 841
f 841 801 840
f 1664 796 797
f 810 811 1654
f 1645 788 258
f 776 258 775
f 778 776 773
f 776 779 259
f 1641 751 1003
f 1639 746 743
f 700 252 699
f 1629 722 249
f 1600 656 657
f 1594 578 579
f 583 579 540
f 632 629 630
f 639 617 638
f 1582 595 596
f 1574 1571 571
f 542 571 1571
f 1566 659 1569
f 1565 538 539
f 1564 1556 1562
f 1557 555 556
f 545 557 555
f 1548 536 532
f 1542 219 528
f 1542 519 215
f 3037 528 524
f 3037 521 519
f 1510 1508 1509
f 1502 206 577
f 1501 575 206
f 1486 1483 2911
f 1295 1451 1294
f 1443 1432 189
f 1391 1109 1390
f 1376 1113 1114
f 1373 1112 1113
f 1363 1359 1362
f 1355 1322 1334
f 1344 1338 1340
f 1343 1337 1338
f 1317 957 1302
f 1304 944 945
f 156 1154 1155
f 1260 1263 1262
f 1259 1220 1261
f 1258 1248 1243
f 1203 1196 1197
f 1202 1197 1200
f 1157 917 918
f 1143 1144 169
f 1136 1017 1012
f 1136 994 995
f 1117 1099 1100
f 1102 1066 1067
f 1090 1062 1066
f 1061 978 109
f 1043 1023 1024
f 969 964 967
f 969 952 968
f 951 967 965
f 962 896 894
f 887 894 895
f 960 956 959
f 949 945 947
f 902 900 901
f 857 58 64
f 825 821 823
f 835 809 821
f 809 835 819
f 777 773 774
f 719 39 40
f 699 717 689
f 718 689 717
f 644 617 628
f 24 630 631
f 625 549 624
f 623 549 550
f 2436 1506 2437
f 2437 2438 2436
f 2440 3920 2437
f 2437 3920 2439
f 2437 1504 2440
f 2440 2441 3920
f 2440 2442 2441
f 2441 2444 2443
f 2444 2445 2443
f 2446 2449 2445
f 2454 2456 2455
f 2457 2454 2458
f 2457 3980 2456
f 2461 3928 2465
f 3928 2466 3930
f 2465 3912 2464
f 2465 3925 3913
f 3913 2439 3916
f 2439 3925 3924
f 2461 3911 2466
f 2466 3914 2467
f 2467 3040 2462
f 3914 2466 3911
f 2466 3921 3930
f 3917 2468 3922
f 2466 3918 3921
f 3918 2468 3917
f 2468 2470 2469
f 2439 3924 2468
f 3922 2468 3924
f 2439 2469 2438
f 2473 2466 2467
f 2498 2467 2499
f 1763 2499 1761
f 2499 1758 1761
f 2499 2462 2459
f 2459 2500 1758
f 2462 3919 2459
f 2459 3919 3926
f 2458 2459 2457
f 2463 3912 3038
f 2460 3923 2576
f 2576 3923 2463
f 2445 3039 3915
f 3039 2463 3038
f 2463 3039 2576
f 2443 2445 3915
f 3042 2464 3041
f 2464 3042 2465
f 3926 2457 2459
f 2460 3927 3929
f 3927 2456 3979
f 2464 3043 3041
f 3043 2463 3923
f 3052 3051 3059
f 3046 3053 3054
f 3047 3054 3055
f 3048 3055 3056
f 3057 3048 3056
f 3058 3049 3057
f 3059 3050 3058
f 3060 3059 3067
f 3053 3060 3061
f 3054 3061 3062
f 3055 3062 3063
f 3056 3063 3064
f 3065 3056 3064
f 3067 3058 3066
f 3125 3081 3074
f 3068 3125 3074
f 3069 3061 3068
f 3070 3062 3069
f 3064 3070 3071
f 3066 3072 3073
f 3126 3073 3081
f 3068 3074 3075
f 3069 3075 3076
f 3123 3076 3077
f 3124 3077 3078
f 3073 3079 3080
f 3076 3083 3084
f 3077 3084 3085
f 3086 3077 3085
f 3087 3122 3086
f 3090 3116 3097
f 3091 3115 3090
f 3092 3117 3091
f 3093 3084 3092
f 3094 3118 3093
f 3095 3119 3094
f 3096 3120 3095
f 3097 3121 3096
f 3103 3114 3102
f 3098 3113 3106
f 3099 3106 3107
f 3100 3107 3108
f 3101 3108 3109
f 3110 3101 3109
f 3111 3102 3110
f 3112 3103 3111
f 3113 3104 3112
f 3105 3096 3104
f 3104 3095 3103
f 3103 3094 3114
f 3114 3093 3101
f 3101 3092 3100
f 3100 3091 3099
f 3099 3090 3098
f 3098 3097 3105
f 3116 3088 3121
f 3121 3087 3120
f 3120 3086 3119
f 3119 3085 3118
f 3083 3115 3117
f 3115 3089 3116
f 3089 3080 3088
f 3080 3087 3088
f 3079 3122 3087
f 3078 3077 3122
f 3075 3082 3083
f 3074 3089 3082
f 3072 3124 3079
f 3071 3123 3124
f 3067 3066 3126
f 3065 3064 3072
f 3061 3060 3125
f 3060 3126 3125
f 3057 3056 3065
f 3046 3045 3053
f 3220 3135 3142
f 3221 3135 3219
f 3222 3136 3221
f 3223 3137 3222
f 3224 3138 3223
f 3224 3140 3139
f 3225 3141 3140
f 3226 3142 3141
f 3136 3143 3135
f 3137 3144 3136
f 3146 3145 3137
f 3139 3148 3147
f 3141 3150 3149
f 3214 3151 3158
f 3215 3151 3143
f 3145 3152 3215
f 3216 3153 3145
f 3217 3154 3216
f 3217 3156 3155
f 3218 3158 3157
f 3158 3159 3166
f 3151 3160 3159
f 3152 3161 3160
f 3210 3161 3209
f 3211 3162 3210
f 3212 3163 3211
f 3212 3165 3164
f 3213 3166 3165
f 3202 3168 3167
f 3204 3168 3203
f 3205 3169 3204
f 3205 3171 3170
f 3207 3171 3206
f 3208 3172 3207
f 3208 3174 3173
f 3200 3175 3181
f 3199 3176 3175
f 3201 3181 3180
f 3175 3189 3198
f 3183 3182 3175
f 3178 3187 3186
f 3179 3188 3187
f 3182 3197 3189
f 3183 3190 3182
f 3184 3191 3183
f 3185 3192 3184
f 3185 3194 3193
f 3186 3195 3194
f 3187 3196 3195
f 3188 3197 3196
f 3180 3198 3188
f 3170 3178 3185
f 3177 3185 3184
f 3176 3184 3183
f 3181 3175 3198
f 3173 3200 3201
f 3173 3179 3172
f 3172 3178 3171
f 3169 3170 3177
f 3169 3176 3168
f 3167 3176 3199
f 3174 3199 3200
f 3165 3174 3208
f 3164 3208 3207
f 3164 3206 3163
f 3163 3205 3162
f 3162 3204 3161
f 3160 3204 3203
f 3159 3203 3202
f 3166 3202 3174
f 3157 3158 3213
f 3156 3213 3212
f 3155 3212 3211
f 3155 3210 3154
f 3154 3209 3153
f 3149 3214 3218
f 3148 3218 3156
f 3147 3156 3217
f 3146 3217 3216
f 3144 3145 3215
f 3143 3214 3150
f 3141 3148 3140
f 3138 3139 3146
f 3135 3150 3142
f 3134 3226 3133
f 3133 3225 3132
f 3132 3224 3131
f 3130 3224 3223
f 3129 3223 3222
f 3128 3222 3221
f 3127 3221 3219
f 3127 3220 3134
f 3243 3230 3242
f 3244 3230 3243
f 3227 3244 3245
f 3227 3245 3246
f 3247 3241 3239
f 3250 3251 3252
f 3250 3252 3249
f 3252 3253 3255
f 3253 3254 3256
f 3257 3248 3255
f 3257 3227 3240
f 3256 3229 3227
f 3229 3254 3230
f 3230 3251 3231
f 3231 3251 3232
f 3232 3250 3233
f 3233 3249 3234
f 3234 3228 3235
f 3235 3228 3236
f 3228 3237 3236
f 3248 3238 3237
f 3248 3239 3238
f 3247 3240 3241
f 3274 3305 3304
f 3281 3304 3307
f 3306 3293 3328
f 3312 3277 3309
f 3285 3310 3314
f 3278 3284 3312
f 3279 3314 3317
f 3321 3279 3317
f 3324 3289 3321
f 3292 3280 3326
f 3328 3291 3324
f 3275 3326 3305
f 3309 3276 3306
f 3296 3293 3276
f 3292 3290 3280
f 3286 3284 3278
f 3283 3297 3281
f 3285 3299 3283
f 3287 3300 3285
f 3302 3287 3289
f 3303 3289 3291
f 3298 3291 3293
f 3296 3233 3298
f 3231 3232 3296
f 3239 3241 3297
f 3240 3292 3295
f 3298 3234 3303
f 3246 3290 3292
f 3303 3235 3302
f 3245 3244 3290
f 3302 3236 3301
f 3244 3243 3286
f 3236 3300 3301
f 3286 3242 3284
f 3237 3299 3300
f 3284 3231 3282
f 3238 3297 3299
f 3241 3295 3294
f 3283 3307 3310
f 3266 3329 3265
f 3265 3325 3264
f 3272 3323 3271
f 3264 3322 3263
f 3271 3320 3270
f 3263 3318 3262
f 3320 3269 3270
f 3318 3261 3262
f 3316 3268 3269
f 3315 3260 3261
f 3313 3267 3268
f 3311 3259 3260
f 3267 3306 3266
f 3273 3327 3272
f 3308 3258 3259
f 3327 3305 3326
f 3324 3329 3328
f 3323 3326 3280
f 3321 3325 3324
f 3320 3280 3319
f 3317 3322 3321
f 3278 3320 3319
f 3315 3317 3314
f 3312 3316 3278
f 3311 3314 3310
f 3309 3313 3312
f 3308 3310 3307
f 3304 3273 3258
f 3281 3294 3274
f 3274 3295 3275
f 3282 3296 3277
f 3333 3346 3345
f 3333 3347 3346
f 3330 3347 3332
f 3343 3349 3330
f 3355 3353 3356
f 3357 3356 3358
f 3356 3331 3358
f 3359 3358 3360
f 3358 3331 3350
f 3360 3350 3351
f 3360 3330 3359
f 3357 3332 3333
f 3355 3333 3334
f 3354 3334 3335
f 3354 3335 3336
f 3353 3336 3337
f 3352 3337 3338
f 3352 3338 3339
f 3352 3340 3350
f 3350 3342 3351
f 3351 3343 3360
f 3377 3408 3378
f 3384 3407 3377
f 3396 3409 3431
f 3380 3415 3412
f 3388 3413 3386
f 3387 3381 3415
f 3382 3417 3388
f 3382 3424 3420
f 3383 3422 3391
f 3392 3427 3424
f 3394 3431 3427
f 3378 3429 3395
f 3379 3412 3409
f 3393 3395 3383
f 3392 3382 3390
f 3391 3381 3389
f 3400 3386 3384
f 3402 3388 3386
f 3403 3390 3388
f 3405 3390 3404
f 3393 3391 3347
f 3406 3392 3405
f 3401 3394 3406
f 3399 3396 3401
f 3336 3335 3401
f 3341 3400 3342
f 3343 3395 3349
f 3337 3401 3406
f 3349 3393 3348
f 3338 3406 3405
f 3339 3405 3404
f 3346 3347 3389
f 3339 3403 3340
f 3345 3389 3387
f 3340 3402 3341
f 3334 3387 3385
f 3335 3385 3399
f 3344 3398 3343
f 3400 3397 3344
f 3386 3410 3384
f 3432 3369 3368
f 3428 3368 3367
f 3426 3375 3374
f 3425 3367 3366
f 3423 3374 3373
f 3421 3366 3365
f 3423 3372 3419
f 3421 3364 3418
f 3419 3371 3416
f 3418 3363 3414
f 3416 3370 3412
f 3414 3362 3411
f 3409 3370 3369
f 3430 3376 3375
f 3411 3361 3407
f 3432 3427 3431
f 3426 3429 3430
f 3428 3424 3427
f 3423 3383 3426
f 3425 3420 3424
f 3423 3381 3422
f 3418 3420 3421
f 3419 3415 3381
f 3414 3417 3418
f 3416 3412 3415
f 3411 3413 3414
f 3407 3410 3411
f 3407 3376 3408
f 3397 3384 3377
f 3398 3377 3378
f 3385 3379 3399
f 3387 3380 3385
f 3468 3539 3435
f 3484 3439 3440
f 3504 3436 3434
f 3474 3442 3445
f 3507 3438 3441
f 3505 3441 3436
f 3499 3443 3485
f 3486 3452 3448
f 3439 3486 3448
f 3446 3449 3443
f 3506 3444 3438
f 3464 3453 3462
f 3475 3450 3446
f 3448 3451 3447
f 3492 3454 3455
f 3478 3454 3464
f 3497 3455 3463
f 3463 3454 3465
f 3477 3456 3460
f 3460 3457 3461
f 3450 3461 3449
f 3476 3460 3450
f 3491 3459 3452
f 3452 3458 3451
f 3478 3464 3466
f 3466 3462 3467
f 3456 3467 3457
f 3477 3466 3456
f 3494 3463 3459
f 3459 3465 3458
f 3475 3474 3479
f 3501 3473 3470
f 3510 3472 3499
f 3503 3471 3469
f 3500 3470 3471
f 3446 3472 3474
f 3468 3503 3469
f 3502 3479 3473
f 3458 3478 3477
f 3451 3477 3476
f 3465 3454 3478
f 3447 3476 3475
f 3508 3445 3444
f 3457 3498 3495
f 3467 3462 3498
f 3449 3496 3490
f 3461 3495 3496
f 3443 3490 3485
f 3445 3489 3488
f 3444 3488 3487
f 3438 3487 3481
f 3436 3483 3480
f 3441 3481 3483
f 3434 3436 3480
f 3447 3475 3502
f 3468 3437 3503
f 3437 3500 3503
f 3439 3501 3500
f 3501 3447 3502
f 3473 3509 3508
f 3504 3433 3539
f 3479 3474 3509
f 3470 3508 3506
f 3469 3507 3505
f 3471 3506 3507
f 3468 3505 3504
f 3435 3511 3437
f 3484 3513 3482
f 3557 3480 3558
f 3546 3516 3560
f 3561 3512 3559
f 3558 3515 3561
f 3437 3514 3484
f 3499 3517 3544
f 3486 3526 3491
f 3486 3513 3522
f 3520 3523 3524
f 3559 3518 3562
f 3563 3519 3546
f 3535 3527 3528
f 3547 3524 3548
f 3522 3525 3526
f 3453 3528 3527
f 3492 3528 3493
f 3532 3528 3492
f 3524 3533 3529
f 3548 3529 3549
f 3491 3532 3494
f 3526 3531 3532
f 3537 3534 3535
f 3529 3538 3537
f 3549 3537 3550
f 3494 3532 3497
f 3556 3546 3520
f 3553 3545 3554
f 3552 3542 3553
f 3510 3544 3560
f 3555 3543 3552
f 3555 3540 3541
f 3554 3551 3556
f 3531 3550 3536
f 3525 3549 3531
f 3521 3548 3525
f 3562 3519 3563
f 3518 3488 3519
f 3530 3498 3538
f 3538 3462 3534
f 3523 3496 3533
f 3533 3495 3530
f 3527 3462 3453
f 3517 3490 3523
f 3512 3487 3518
f 3516 3489 3442
f 3480 3483 3515
f 3515 3481 3512
f 3521 3556 3547
f 3511 3540 3555
f 3520 3544 3517
f 3514 3552 3513
f 3511 3552 3514
f 3513 3553 3522
f 3521 3553 3554
f 3545 3563 3551
f 3433 3557 3539
f 3516 3510 3560
f 3542 3562 3545
f 3541 3561 3543
f 3543 3559 3542
f 3546 3560 3544
f 3540 3558 3541
f 3614 3571 3570
f 3639 3567 3640
f 3606 3573 3604
f 3642 3569 3641
f 3640 3572 3642
f 3616 3568 3571
f 3638 3574 3637
f 3619 3583 3624
f 3614 3579 3619
f 3577 3580 3581
f 3641 3575 3643
f 3643 3576 3644
f 3644 3573 3606
f 3595 3584 3585
f 3607 3581 3608
f 3579 3582 3583
f 3586 3585 3625
f 3594 3585 3586
f 3608 3587 3609
f 3591 3588 3587
f 3581 3592 3591
f 3624 3590 3626
f 3583 3582 3590
f 3597 3593 3595
f 3587 3598 3597
f 3609 3597 3610
f 3626 3594 3629
f 3590 3589 3594
f 3607 3606 3577
f 3633 3605 3634
f 3636 3605 3633
f 3635 3603 3632
f 3632 3602 3636
f 3577 3604 3637
f 3635 3600 3601
f 3634 3611 3607
f 3589 3610 3596
f 3582 3609 3589
f 3578 3608 3582
f 3588 3630 3598
f 3580 3628 3592
f 3592 3627 3588
f 3574 3623 3580
f 3576 3622 3573
f 3575 3621 3576
f 3569 3620 3575
f 3573 3622 3617
f 3567 3615 3572
f 3572 3613 3569
f 3567 3565 3612
f 3568 3600 3635
f 3577 3637 3574
f 3571 3636 3570
f 3571 3635 3632
f 3570 3633 3579
f 3578 3633 3634
f 3604 3638 3637
f 3605 3644 3611
f 3564 3639 3599
f 3573 3631 3604
f 3602 3643 3605
f 3601 3642 3603
f 3603 3641 3602
f 3600 3640 3601
f 3675 3599 3566
f 3616 3647 3648
f 3694 3612 3565
f 3653 3697 3617
f 3698 3646 3649
f 3695 3649 3612
f 3568 3648 3645
f 3638 3650 3618
f 3619 3660 3656
f 3614 3656 3647
f 3654 3657 3650
f 3696 3651 3646
f 3699 3652 3651
f 3701 3653 3652
f 3682 3658 3654
f 3656 3659 3655
f 3662 3584 3661
f 3586 3662 3663
f 3686 3662 3670
f 3629 3663 3671
f 3671 3662 3672
f 3685 3664 3668
f 3668 3665 3669
f 3658 3669 3657
f 3683 3668 3658
f 3624 3667 3660
f 3660 3666 3659
f 3686 3670 3673
f 3673 3670 3674
f 3664 3674 3665
f 3684 3673 3664
f 3626 3671 3667
f 3667 3672 3666
f 3682 3681 3687
f 3689 3680 3677
f 3691 3678 3676
f 3688 3677 3678
f 3681 3693 3679
f 3675 3691 3676
f 3690 3687 3680
f 3666 3686 3684
f 3659 3685 3683
f 3666 3684 3685
f 3672 3662 3686
f 3655 3683 3682
f 3665 3630 3627
f 3674 3593 3630
f 3657 3628 3623
f 3669 3627 3628
f 3593 3661 3584
f 3618 3657 3623
f 3652 3622 3621
f 3651 3621 3620
f 3646 3620 3613
f 3649 3613 3615
f 3655 3682 3690
f 3675 3645 3691
f 3654 3650 3693
f 3648 3692 3688
f 3645 3688 3691
f 3647 3689 3692
f 3689 3655 3690
f 3631 3693 3638
f 3680 3701 3699
f 3694 3564 3599
f 3617 3697 3631
f 3687 3700 3701
f 3677 3699 3696
f 3676 3698 3695
f 3678 3696 3698
f 3681 3697 3700
f 3675 3695 3694
f 3704 3718 3717
f 3704 3719 3718
f 3702 3719 3703
f 3715 3721 3702
f 3723 3716 3722
f 3727 3725 3728
f 3729 3728 3730
f 3731 3729 3730
f 3730 3728 3732
f 3730 3732 3733
f 3733 3732 3722
f 3722 3702 3733
f 3733 3702 3731
f 3729 3703 3704
f 3727 3704 3705
f 3726 3705 3706
f 3726 3706 3707
f 3725 3707 3708
f 3712 3708 3709
f 3724 3709 3710
f 3724 3714 3723
f 3750 3781 3751
f 3757 3780 3750
f 3769 3782 3804
f 3753 3788 3785
f 3761 3786 3759
f 3760 3754 3788
f 3755 3790 3761
f 3755 3797 3793
f 3756 3795 3764
f 3765 3800 3797
f 3767 3804 3800
f 3751 3802 3768
f 3752 3785 3782
f 3766 3768 3756
f 3765 3755 3763
f 3764 3754 3762
f 3773 3759 3757
f 3775 3761 3759
f 3776 3763 3761
f 3778 3763 3777
f 3766 3764 3719
f 3779 3765 3778
f 3774 3767 3779
f 3772 3769 3774
f 3707 3706 3774
f 3713 3773 3714
f 3715 3768 3721
f 3708 3774 3779
f 3721 3766 3720
f 3709 3779 3778
f 3710 3778 3777
f 3718 3719 3762
f 3710 3776 3711
f 3717 3762 3760
f 3711 3775 3713
f 3705 3760 3758
f 3706 3758 3772
f 3716 3771 3715
f 3773 3770 3716
f 3759 3783 3757
f 3805 3742 3741
f 3801 3741 3740
f 3799 3748 3747
f 3798 3740 3739
f 3796 3747 3746
f 3794 3739 3738
f 3796 3745 3792
f 3794 3737 3791
f 3792 3744 3789
f 3791 3736 3787
f 3789 3743 3785
f 3787 3735 3784
f 3782 3743 3742
f 3803 3749 3748
f 3784 3734 3780
f 3805 3800 3804
f 3799 3802 3803
f 3801 3797 3800
f 3796 3756 3799
f 3798 3793 3797
f 3796 3754 3795
f 3791 3793 3794
f 3792 3788 3754
f 3787 3790 3791
f 3789 3785 3788
f 3784 3786 3787
f 3780 3783 3784
f 3780 3749 3781
f 3770 3757 3750
f 3771 3750 3751
f 3758 3752 3772
f 3760 3753 3758
f 3822 3808 3821
f 3823 3808 3822
f 3806 3823 3824
f 3806 3824 3825
f 3826 3820 3818
f 3829 3832 3831
f 3831 3833 3835
f 3833 3834 3836
f 3816 3835 3827
f 3837 3827 3835
f 3837 3806 3819
f 3836 3807 3806
f 3807 3834 3808
f 3808 3832 3809
f 3809 3830 3810
f 3810 3830 3811
f 3811 3829 3812
f 3812 3829 3813
f 3813 3828 3814
f 3828 3815 3814
f 3827 3818 3817
f 3826 3819 3820
f 3854 3886 3885
f 3861 3885 3888
f 3887 3873 3909
f 3893 3857 3890
f 3865 3891 3895
f 3858 3864 3893
f 3859 3895 3898
f 3902 3859 3898
f 3905 3869 3902
f 3872 3860 3907
f 3909 3871 3905
f 3855 3907 3886
f 3890 3856 3887
f 3872 3870 3860
f 3866 3864 3858
f 3863 3877 3861
f 3865 3880 3863
f 3867 3881 3865
f 3883 3867 3869
f 3884 3869 3871
f 3879 3871 3873
f 3810 3811 3879
f 3815 3817 3878
f 3818 3820 3877
f 3819 3872 3875
f 3879 3812 3884
f 3825 3870 3872
f 3884 3813 3883
f 3824 3823 3870
f 3883 3814 3882
f 3823 3822 3866
f 3814 3881 3882
f 3866 3821 3864
f 3878 3880 3881
f 3864 3809 3862
f 3817 3877 3880
f 3862 3810 3876
f 3820 3875 3874
f 3863 3888 3891
f 3846 3910 3845
f 3845 3906 3844
f 3852 3904 3851
f 3844 3903 3843
f 3851 3901 3850
f 3843 3899 3842
f 3901 3849 3850
f 3899 3841 3842
f 3897 3848 3849
f 3896 3840 3841
f 3894 3847 3848
f 3892 3839 3840
f 3847 3887 3846
f 3853 3908 3852
f 3889 3838 3839
f 3908 3886 3907
f 3905 3910 3909
f 3904 3907 3860
f 3902 3906 3905
f 3901 3860 3900
f 3898 3903 3902
f 3858 3901 3900
f 3896 3898 3895
f 3893 3897 3858
f 3892 3895 3891
f 3890 3894 3893
f 3889 3891 3888
f 3885 3853 3838
f 3861 3874 3854
f 3854 3875 3855
f 3862 3856 3857
f 3876 3873 3856
f 3935 3969 3944
f 3944 3969 3970
f 3970 3977 3945
f 3945 3977 3933
f 3971 3978 3935
f 3935 3978 3934
f 3935 3976 3971
f 3942 3932 3931
f 3941 3932 3940
f 3940 3974 3972
f 3973 3932 3952
f 3940 3973 3974
f 3947 3933 3943
f 3932 3953 3952
f 3954 3937 3951
f 3938 3953 3932
f 3953 3938 3954
f 3934 3950 3956
f 3956 3950 3957
f 3935 3959 3969
f 3959 3934 3956
f 3960 3943 3933
f 3962 3961 3964
f 3963 3962 3965
f 3966 3936 3967
f 3967 3963 3968
f 3981 3991 3975
f 3981 3994 3983
f 3975 3995 3981
f 3981 3995 3992
f 3982 3997 3996
f 3988 3989 3982
f 3982 3986 3988
f 3986 3984 3985
f 3984 3982 3996
